Индекс,GLD,TLT
2004-11-19,0.8972642338663128,-0.8013033088110522
2004-11-22,0.37891939800971386,0.5199475613490545
2004-11-23,-0.44593331698337124,0.12380374314426845
2004-11-24,0.6681522398089168,0.0
2004-11-26,0.5313310663947579,-0.6550368834685738
2004-11-29,0.2425860874068153,-1.070911418994358
2004-11-30,-0.6186555139933159,-0.4247030646241434
2004-12-01,0.574591937179525,-0.15599246370356923
2004-12-02,-0.9520724998133279,-0.4057290518769463
2004-12-03,1.435690516738486,1.544372093725599
2004-12-06,-0.947457392853579,0.34261998126154936
2004-12-07,-0.13291441789489156,0.12518015513438563
2004-12-08,-2.4687122265904193,1.547464290660372
2004-12-09,-0.5239778472644119,-0.6634382217423518
2004-12-10,-0.7796420199883691,0.24788405722024898
2004-12-13,1.0761437086444836,0.21358908685193967
2004-12-14,-0.8232395318801267,0.39232417118446605
2004-12-15,1.0052687736461952,0.9021049460564257
2004-12-16,-0.7072035092997364,-1.4855199930019047
2004-12-17,1.160814964240986,-0.13517736770469746
2004-12-20,0.3388719563795384,0.18021026185151
2004-12-21,-0.2710004594953297,0.30318098269663807
2004-12-22,-0.4533116537217996,-0.3369236118258456
2004-12-23,0.5663170587009159,-0.3268822830620799
2004-12-27,0.4732382566559501,-0.7819141812672292
2004-12-28,-0.24760983329743524,-0.07964417603671947
2004-12-29,-1.6131193691017565,-0.10243811701515781
2004-12-30,0.38862085801194546,0.670075762117861
2004-12-31,-0.06847562433134335,0.6286993948493524
2005-01-03,-1.7968665483389934,0.21445391990932983
2005-01-04,-0.6529845317733152,-1.053641742620659
2005-01-05,-0.1639234874652118,0.5339005839142263
2005-01-06,-1.2261333638892147,0.06794233719391585
2005-01-07,-0.738189724541849,0.2260813633866654
2005-01-10,0.2625627696485555,0.15804710221924978
2005-01-11,0.6178687004495309,0.5846215907836516
2005-01-12,0.9197079351983994,0.1344812146192087
2005-01-13,0.0,0.9581973642868835
2005-01-14,-0.6594437117674268,-0.01116140603421023
2005-01-18,0.0,0.33224503853728216
2005-01-19,-0.14188078686103722,0.287051005888328
2005-01-20,-0.023661866710300572,0.19810989867616868
2005-01-21,1.1530935359385541,0.10993824741136748
2005-01-24,0.07016437791640406,0.4275704782227052
2005-01-25,-1.2469253807297243,-0.9453807196766473
2005-01-26,1.0596989466519435,0.18760702372691007
2005-01-27,-0.1641066991845186,-0.18760702372691007
2005-01-28,0.1641066991845186,1.0001161372719558
2005-01-31,-1.1070597267868632,0.2839210697098693
2005-02-01,-0.2846366888905383,-0.15885850234416132
2005-02-02,0.14241961696690453,0.2299933943888277
2005-02-03,-1.1450495846862196,-0.05474087289862872
2005-02-04,-0.5051101072885533,1.3801599513224794
2005-02-07,-0.4834448837688132,0.7420657857913238
2005-02-08,-0.024238789355113255,0.5662258811101051
2005-02-09,0.12111676893593604,0.26597677555573185
2005-02-10,1.059481664464279,-1.3585619194101728
2005-02-11,0.7873160646245658,-0.06466802704161445
2005-02-14,1.110722514585083,0.312118315190002
2005-02-15,0.07048653790646675,-0.506267062700827
2005-02-16,-0.14101382284348318,-0.37864560848328566
2005-02-17,0.49266747034084624,-0.6305814337992821
2005-02-18,0.04679564397696012,-0.8984614117093948
2005-02-22,1.899963774231761,-0.44130864668150416
2005-02-23,-0.34487108457081916,0.3312099641636923
2005-02-24,-0.20748442692024582,-0.22066234105957427
2005-02-25,0.39156600844623135,0.48468079240291395
2005-02-28,0.06893894267663292,-1.0827507663650149
2005-03-01,-0.7146948198724079,-0.03120126805256085
2005-03-02,0.06938540552079431,-0.13388684681938656
2005-03-03,-0.649500718272078,-0.05581728801717922
2005-03-04,0.9496303825856867,1.0775527180568734
2005-03-07,0.20725430611832074,0.39697949332926363
2005-03-08,1.2800118961104445,-0.95098144895851
2005-03-09,-0.022710554600369193,-1.646600743375659
2005-03-10,0.40807198474173134,0.6080162044045156
2005-03-11,0.5190117471778777,-0.732352365831801
2005-03-14,-0.9043731773192398,0.5974924600837372
2005-03-15,0.06811804995412452,-0.6314595404345091
2005-03-16,0.5658043661345147,0.6090276329911326
2005-03-17,-1.1120089001181555,0.3255476921321332
2005-03-18,0.159616259073303,-0.6296448356976736
2005-03-21,-1.8395534624859433,-0.2822930513661337
2005-03-22,-1.026364545444114,-0.851890902712471
2005-03-23,-0.540740374280535,0.4780042599822121
2005-03-24,-0.07074350055784606,0.20409662628577685
2005-03-28,0.3532360327589412,-0.6136905433032691
2005-03-29,0.04700460069093637,0.5910232127064763
2005-03-30,0.11741045353952373,0.49738722503449573
2005-03-31,0.4916294198632265,0.7189904408135828
2005-04-01,-0.4681674425482729,0.3365908404378448
2005-04-04,-0.5175203383487759,-0.02248360917613823
2005-04-05,0.11785325043955908,-0.2579215509453725
2005-04-06,0.42313251025842824,0.34742886677627816
2005-04-07,-0.14084831613394577,-0.8089243240380739
2005-04-08,0.2814895929692529,0.3491858082361521
2005-04-11,0.21060065188698296,0.5381573094081382
2005-04-12,0.14015740215325145,0.9237648340191917
2005-04-13,0.1399612360886593,-0.2439981266235236
2005-04-14,-1.3848364312432526,-0.15565913890691618
2005-04-15,0.21249010358106446,1.3150826858506548
2005-04-18,0.6816270375332945,-0.07694771104791442
2005-04-19,1.3725937732485427,0.9622263753365168
2005-04-20,0.27688699314190046,-0.2505508461785322
2005-04-21,-0.4850521088753723,-1.052823620308052
2005-04-22,0.4620030567513034,0.8344013513467807
2005-04-25,0.1151658268548239,0.2946764885316977
2005-04-26,0.4593502966645513,-0.1527148826725444
2005-04-27,-1.0133634068111963,0.34878032048828445
2005-04-28,-0.4640397217137604,0.736999988111986
2005-04-29,0.8106552333935646,-0.17292085300626425
2005-05-02,-1.0901126355547852,-0.02171165558757515
2005-05-03,-0.2802494768305852,0.2710981716522731
2005-05-04,0.3268814598599068,-0.8811023767291815
2005-05-05,0.02330339451916963,0.22922780596545955
2005-05-06,-0.9130331207844122,-0.7440178215832649
2005-05-09,0.07052728493701643,0.09877778670319692
2005-05-10,0.2112928454566898,0.7105437095166423
2005-05-11,0.11719030574264266,0.3046559489271239
2005-05-12,-1.249276798710497,0.3901406339696045
2005-05-13,-0.49934495137584634,0.3886811551416347
2005-05-16,-0.16700395935709267,-0.1186323218449914
2005-05-17,-0.04776799078838323,0.28011102560130396
2005-05-18,0.4528636676695008,0.6648935743103213
2005-05-19,-0.16660647871717948,-0.25680826330272133
2005-05-20,-0.789189823956038,0.11777895443301212
2005-05-23,-0.07206099466197102,0.7781873515321003
2005-05-24,0.26394883318276996,0.2757066770432193
2005-05-25,0.33492708869689025,-0.7013631471326498
2005-05-26,-0.43082955686086777,-0.03199258248400838
2005-05-27,0.45471525543527846,0.10664221652709749
2005-05-31,-0.5507006257920999,1.2284375385175572
2005-06-01,-0.2885376999222533,1.2171337780466196
2005-06-02,1.3631676194803877,0.23972193067982595
2005-06-03,0.16613198934978257,-0.825903752703061
2005-06-06,0.732434182002395,0.5235996750506011
2005-06-07,-0.23567881142643188,0.7906014088965296
2005-06-08,-0.09443087328477873,-0.477793071803978
2005-06-09,-0.16546439023747972,-0.08330796182018929
2005-06-10,0.8245976200893956,-1.1318389637949178
2005-06-13,0.37470735107150155,-0.6024589386992574
2005-06-14,-0.42164576632539585,-0.6594523818320486
2005-06-15,0.32810717059978955,0.18124637023437806
2005-06-16,1.6705664599738324,0.49942973942385116
2005-06-17,0.39040578544224935,-0.010591450755992327
2005-06-20,0.06873360101562476,-0.16980683788991868
2005-06-21,0.3429785545440822,0.7301189347058479
2005-06-22,-0.2056441943057319,1.204996682034265
2005-06-23,0.6838395268039754,-0.10414432160019693
2005-06-24,-0.2729731658121626,0.499159841779484
2005-06-27,0.022772625942435454,0.2694232011443365
2005-06-28,-1.0531211828189502,-0.6852386235314256
2005-06-29,0.4134142346307268,-0.1564733644593641
2005-06-30,-0.43643676045626023,0.893387403698398
2005-07-01,-1.7181705910153333,-1.2195361477338906
2005-07-05,-0.9884805971857702,-0.9498145955593174
2005-07-06,-0.07097783269727209,0.5499202778074253
2005-07-07,0.2600181338700214,0.21070516227776892
2005-07-08,-0.2363562671597208,-0.4112378319041543
2005-07-11,0.6603858823369446,0.0
2005-07-12,0.2347934249872896,-0.5617508599967458
2005-07-13,-0.6824380475663805,-0.14879040313227065
2005-07-14,-1.0682521722614968,-0.2558118704675483
2005-07-15,0.35735049300820165,0.2663449758846248
2005-07-18,-0.09517230480238226,-0.7475721493222842
2005-07-19,-0.2860524838704581,0.35310333077251954
2005-07-20,0.7373118732497019,0.5434418440010358
2005-07-21,0.6142195591896105,-1.3694529753427886
2005-07-22,-0.023550398297889075,0.7725677363152883
2005-07-25,0.14123721566350333,-0.36403839169709684
2005-07-26,-0.6134949083469454,0.16083651559557488
2005-07-27,0.4486927584186784,-0.16083651559557488
2005-07-28,0.7277913995399565,0.886500576518845
2005-07-29,0.16360806518229687,-0.9938634692078452
2005-08-01,0.7213559390177426,-0.37260086655814817
2005-08-02,0.02317913880820477,-0.32511906474774754
2005-08-03,0.899970070855316,0.48730717036433724
2005-08-04,0.3440010901869961,-0.20545482395650794
2005-08-05,-0.18332230655091486,-0.7823924521922709
2005-08-08,-0.5750447330267416,-0.18567818312984485
2005-08-09,-0.023066839856777932,0.37093935857295257
2005-08-10,0.7127317613814466,-0.10901093797790473
2005-08-11,1.8161661881161084,0.6953789646385822
2005-08-12,0.08995034208769681,1.0124538311992115
2005-08-15,-0.8124635059492125,-0.25752733861015287
2005-08-16,0.9472289306062809,0.69591498540853
2005-08-17,-1.4470055692742179,-0.663751676691593
2005-08-18,-0.18235248916065316,0.738350379008601
2005-08-19,-0.5261440849239296,-0.010680738503543452
2005-08-22,0.2291004202347402,-0.1066479061528014
2005-08-23,0.1372000197423784,0.45799771274168677
2005-08-24,-0.3892350006710288,0.09562245098813094
2005-08-25,0.3206585206047663,0.31790436748098116
2005-08-26,-0.27478591065199787,-0.03174184813867775
2005-08-29,-0.09176627252673875,0.12698560252446534
2005-08-30,-1.293622535447847,0.6322704235769194
2005-08-31,0.9026868494250717,0.8369673450020265
2005-09-01,1.8717726769667653,-0.6039499670898341
2005-09-02,0.06781684194119286,0.08401579779193646
2005-09-06,0.0451885630379234,-0.706519880745482
2005-09-07,0.1354432977734632,-0.9463833176757586
2005-09-08,0.6072134751434088,0.10680274790124678
2005-09-09,0.5366776793414019,0.31962304805612796
2005-09-12,0.11144375903358039,-0.6938017976336752
2005-09-13,-0.7378412759289521,0.52341803561049
2005-09-14,0.8936558784335968,-0.384368767973875
2005-09-15,1.017931114128734,-0.82704268497098
2005-09-16,0.8768174001461126,-0.6601750158459208
2005-09-19,0.9340793593402896,0.21688455376915883
2005-09-20,-0.04325358601748874,0.25969973059911666
2005-09-21,1.7794484382661402,0.9250991163236577
2005-09-22,-1.4986380843891478,-0.09634439406229767
2005-09-23,-0.17271556880258387,-0.7531638432483057
2005-09-26,0.6246674492227378,-0.4544770997035208
2005-09-27,-0.6895086482796575,0.14082983151277872
2005-09-28,1.1821722663041712,0.6694838267355507
2005-09-29,0.6389782004315947,-0.4529872724699846
2005-09-30,-0.8528787613907074,-0.3465635615594653
2005-10-03,-0.6013819610977578,-0.7847930370553424
2005-10-04,0.06461202839016522,0.32864552547664516
2005-10-05,-0.19394500477796228,0.43659030264113774
2005-10-06,1.8168683528509089,-0.3818455842359736
2005-10-07,0.31722882977027744,0.40374168539472066
2005-10-10,0.021109092407156638,-0.06538903026327425
2005-10-11,0.04221287128518547,-0.2073034672118279
2005-10-12,-1.146024698518744,-0.9764841082995801
2005-10-13,0.3622076732456403,-0.364448291745445
2005-10-14,-0.4689866225957573,-0.1551177467788989
2005-10-17,0.9781049621695015,-0.02216413701994213
2005-10-18,-0.5516634533112352,0.11084515445274334
2005-10-19,-1.4142079413038466,0.04431511987448289
2005-10-20,-0.7799012917697468,0.26520206511082556
2005-10-21,1.1675828111288755,0.9229819300929254
2005-10-24,-0.2798431883923147,-0.7794720501220986
2005-10-25,1.4339506874232466,-0.8635986010284924
2005-10-26,-0.2766276171807469,-0.736497345279874
2005-10-27,0.531294413874539,0.3577026752473067
2005-10-28,0.08474770609083748,0.011203437885498602
2005-10-31,-1.7518065391236792,0.18954314121830684
2005-11-01,-1.454496445770559,-0.1152532762514813
2005-11-02,0.8708993064364456,-0.471591650902381
2005-11-03,-0.36920876637243083,-0.6774982010871344
2005-11-04,-0.9839387913189057,-0.15872666045821937
2005-11-07,0.5696819519666274,0.33979447232970195
2005-11-08,0.30540902705578077,0.9680220401180328
2005-11-09,1.405887798076444,-1.0359152433790708
2005-11-10,-0.17197302232245804,1.2149079657907347
2005-11-11,0.6861083926436251,0.055938873824645796
2005-11-14,-0.3853575924959607,-0.7513988937547289
2005-11-15,0.08576526265602347,0.6507603618051139
2005-11-16,2.3719853026174853,1.0459235799580746
2005-11-17,1.4544215969487961,0.2432639617040877
2005-11-18,-0.04126358227933835,-0.4648943646759829
2005-11-21,1.0877533415953433,0.29917252342364087
2005-11-22,0.6713442196576214,0.13251014315724952
2005-11-23,-0.34527944699513924,-0.3873091234388948
2005-11-25,0.5478285871055366,0.36523493646418714
2005-11-28,0.6454308610487569,0.49595090224880956
2005-11-29,0.1205496590470645,-0.9498792168479042
2005-11-30,-1.415596498702687,-0.11102032843131049
2005-12-01,2.155819827564631,-0.1563833020394867
2005-12-02,0.2985404328326613,0.03342677270286032
2005-12-05,0.9099945909995188,-0.44786262173932556
2005-12-06,0.21638763697162666,1.0161544956131419
2005-12-07,0.8414105193712995,-0.3784668236574973
2005-12-08,1.1238285771298706,0.6447629559868329
2005-12-09,0.9587800874615748,-0.7898538465539229
2005-12-12,0.30487798575955516,-0.18997812124035285
2005-12-13,-1.7465175196101246,0.36856808400225205
2005-12-14,-2.5491636249185934,1.0203810760505583
2005-12-15,-0.21870332902156342,-0.2431649342514941
2005-12-16,-0.2990165153115232,0.3313871462962581
2005-12-19,0.2591987620749858,0.099178199893446
2005-12-20,-2.3777067739602753,-0.12122040548123714
2005-12-21,0.6706620338919667,-0.17656935578886923
2005-12-22,1.547614992133317,0.7922587742805742
2005-12-23,-0.03989718404908693,0.6118421624825565
2005-12-27,1.0321657066455714,0.8136516097579705
2005-12-28,1.6257371598286774,-0.2791473332381056
2005-12-29,0.0,0.217326932063866
2005-12-30,0.21348985710618607,-0.2282286807191447
2006-01-03,2.9419449108073703,-0.1306597103909013
2006-01-04,0.33828317971504873,0.23939406201378688
2006-01-05,-1.8175416840417125,-0.11959763969078274
2006-01-06,2.6024494361154726,-0.18524596495792522
2006-01-09,1.6248460425883682,0.06544954263492109
2006-01-10,-0.9939288552968328,-0.8095240244632596
2006-01-11,0.8656420300679368,-0.16492771660985284
2006-01-12,-0.18355084992043302,0.668948039979611
2006-01-13,1.8385852058020458,0.5775480758976048
2006-01-17,-0.3252040989607963,0.44445688592067434
2006-01-18,-2.176979137145185,-0.032450298151820434
2006-01-19,2.772383396043221,-0.29263032753443774
2006-01-20,-0.7040364605842342,0.2601458324041239
2006-01-23,1.027313150510878,-0.03250294132892684
2006-01-24,-0.07175052420347328,-0.48840381572281544
2006-01-25,0.7329966694291201,-1.0941286458768573
2006-01-26,-0.46420065585746073,-0.4299503191750986
2006-01-27,-0.44839102156597477,0.0
2006-01-30,1.8698776919120697,-0.09952452812966861
2006-01-31,0.03528039827607188,0.2761387057026443
2006-02-01,0.0,-0.34258915892944053
2006-02-02,0.4926096846572747,0.18865941077450543
2006-02-03,-0.8459682883605879,0.7068872232308454
2006-02-06,0.38862655930405055,0.198010981166874
2006-02-07,-3.80930489410769,-0.4735224730356702
2006-02-08,0.42036680067223386,-0.23216229895752782
2006-02-09,2.432330429712337,0.45264018088264635
2006-02-10,-2.505311484812811,-0.5522254327672727
2006-02-13,-1.9722317881601281,0.011039553251013245
2006-02-14,1.4231835019739236,-0.3549043686716491
2006-02-15,-1.3487564404801589,0.24423663490074077
2006-02-16,1.403795023117116,0.02212403366774751
2006-02-17,0.8038016031443274,0.7948513998447648
2006-02-21,0.2906976071377798,-0.1651218202253446
2006-02-22,0.3983369788654656,0.6805744832250493
2006-02-23,-1.272977302394196,-0.25197166041146524
2006-02-24,1.8136151993469518,-0.15361752376596982
2006-02-27,-0.7577127477401469,-0.1649323738274866
2006-02-28,1.5275676084630874,0.4938561017772791
2006-03-01,0.05348806365663705,-0.6060041643037639
2006-03-02,1.1343673633041895,-0.698732046729944
2006-03-03,-0.8140248406058426,-0.5804081562186258
2006-03-06,-1.883293493158611,-0.8770677983808817
2006-03-07,-0.5082580890901411,0.06773174242438174
2006-03-08,-1.7995335485148978,-0.03382746343683074
2006-03-09,0.4990315328593731,0.03382746343683074
2006-03-10,-0.7587707988952808,-0.37309358245996016
2006-03-13,0.8877430744536507,-0.07934493985146673
2006-03-14,1.025833427168843,0.6667342932180187
2006-03-15,0.45458757228091784,-0.5421162589418493
2006-03-16,0.3983369788654656,0.9018010974873647
2006-03-17,-0.3983369788654656,-0.3034870380831389
2006-03-20,0.09066867676157386,0.1574933732628736
2006-03-21,-0.6181771283939597,-0.5182734412690237
2006-03-22,-0.14601541144712016,0.21440757671657984
2006-03-23,-0.09136453209697137,-0.31610605291936267
2006-03-24,1.8295924223277638,0.7322992721086052
2006-03-27,1.2132179396417087,-0.37120983403071683
2006-03-28,-0.5869256761886099,-0.9393810086683718
2006-03-29,1.7856008967773285,-0.47882873815372484
2006-03-30,2.645609134285465,-0.6995408320531027
2006-03-31,-0.8569032949187871,-0.034551524023029856
2006-04-03,0.6348185470116618,0.03237835265608169
2006-04-04,-0.23972509081575666,-0.10394271349398743
2006-04-05,0.5641488791231275,0.13865784827595817
2006-04-06,1.0513899447594177,-0.7650545677284182
2006-04-07,-1.1707924234642952,-0.9822483235163215
2006-04-10,1.7091512308278212,0.18777827412170822
2006-04-11,-0.9948655844000953,0.35129465816297056
2006-04-12,0.7092261888307583,-0.6095956245885326
2006-04-13,0.11771580379686952,-0.7080783368687449
2006-04-17,2.63718766078469,0.3664803376672854
2006-04-18,1.2363885008428,0.17684572038749735
2006-04-19,3.0257109870676757,-0.6143830948391216
2006-04-20,-4.475128767863801,-0.08304211315461885
2006-04-21,3.608641686474101,0.5795373166118445
2006-04-24,-2.4831058863614253,0.4001447313944695
2006-04-25,1.8163277608642225,-1.1934112558566135
2006-04-26,1.3762817006708339,-0.16652733215267723
2006-04-27,-1.0899759408640186,0.13084420207905012
2006-04-28,3.3271281754316817,0.07130214271047208
2006-05-01,0.107496861359202,-0.7543527945034878
2006-05-02,2.110775076209226,0.2641686133312948
2006-05-03,-0.13533415469026977,-0.21600917515671725
2006-05-04,1.5231058274022047,-0.1683658387503506
2006-05-05,0.7529296693737919,0.59986706449493
2006-05-08,-0.6344548315854404,0.05974892664672993
2006-05-09,3.0897281121183617,-0.05974892664672993
2006-05-10,0.9995755944479434,0.17921694580684822
2006-05-11,0.9193212955576513,-0.4907741724089476
2006-05-12,0.1266324000652297,-0.8313076173244394
2006-05-15,-5.357520063337784,0.3984223932504083
2006-05-16,1.7644876407502785,0.7444424506761305
2006-05-17,-0.672712506620865,-0.6239931027682388
2006-05-18,-1.0176364470453336,1.3510838244684908
2006-05-19,-2.8264016724660834,0.2608424685716315
2006-05-22,-0.42787163206261525,0.212967964223143
2006-05-23,1.6403681898371048,-0.05911323029250681
2006-05-24,-3.557565884540992,0.047223786827110814
2006-05-25,0.9941048269268116,-0.39082926561424536
2006-05-26,0.616337143648682,-0.07109172371513317
2006-05-30,0.015363084740815935,-0.04761308485212723
2006-05-31,-1.3607713088968687,-0.5958614429893316
2006-06-01,-2.634432534532394,0.445505057804807
2006-06-02,1.4913787710007398,1.281900538413261
2006-06-05,-0.3312552645839517,-0.1298878387332003
2006-06-06,-1.1761128537159493,0.471314241852161
2006-06-07,-0.4325897350092589,0.0235243088339665
2006-06-08,-2.2242965022297945,0.1994273894019738
2006-06-09,-0.7580772661454738,0.5264023913593263
2006-06-12,-0.6972172752934824,0.08165912574140677
2006-06-13,-7.092235174749462,0.06998096266848108
2006-06-14,-0.537923557935116,-1.0068674100725428
2006-06-15,3.010676803387824,-0.5782000682575728
2006-06-16,0.6260900631636979,-0.22507871685233383
2006-06-19,-2.3150800407539585,-0.14240034892871734
2006-06-20,1.6540912545872644,-0.16644999596309162
2006-06-21,1.7815961750978992,0.023744501113576177
2006-06-22,-1.0339611013395533,-0.5725677877444824
2006-06-23,0.449364968896937,-0.20353367257666122
2006-06-26,0.49883495490927743,-0.192026161787906
2006-06-27,-1.0348462113978663,0.49116304354974716
2006-06-28,-0.24301242329887174,-0.5272015179101697
2006-06-29,3.3832024181211118,0.3359036123320447
2006-06-30,2.832485979797106,0.9652258755257659
2006-07-03,1.5396151524819324,-0.09893229206472398
2006-07-05,0.5133147203807198,-0.8015912027279359
2006-07-06,0.828558685055647,0.6107733676476546
2006-07-07,-0.6207730001220213,0.6426861469425393
2006-07-10,-0.9787492538485765,0.09488965513915204
2006-07-11,2.8453018348613135,0.3195021385332897
2006-07-12,1.7245775039784306,0.02364745808423052
2006-07-13,0.9657542324286617,0.38905097776389397
2006-07-14,0.45661482513583707,0.05879778437152261
2006-07-17,-2.927786506214769,0.15276951549068052
2006-07-18,-1.6555351989900657,-0.8608374777640204
2006-07-19,1.7805516500960294,0.9429641337492356
2006-07-20,-2.3545337797397536,0.292817254146982
2006-07-21,-1.3360389171752196,-0.18727952969497252
2006-07-24,-0.9279671017174529,-0.0586480183396354
2006-07-25,0.6683533755183824,-0.2936314743533952
2006-07-26,0.7284544810071125,0.3639999615285383
2006-07-27,1.4411802920109018,-0.15248170791357651
2006-07-28,0.33330573021812526,0.5734647449643582
2006-07-31,0.07919417041648558,0.12822727654491217
2006-08-01,1.8199433154515887,-0.009356457932474527
2006-08-02,0.6663080453584769,0.37367641551004915
2006-08-03,-0.977733000326797,0.023397376002964876
2006-08-04,0.24921513025288888,0.6042317444967082
2006-08-07,0.3416701922818177,0.05786681967849816
2006-08-08,-0.8250981257249101,-0.22019907566428465
2006-08-09,1.0264414233311925,-0.32542417031016235
2006-08-10,-2.158352917015982,-0.1514948468669619
2006-08-11,-0.8574217652083327,-0.43224315323531215
2006-08-14,-0.7362374610729638,-0.1759502348331221
2006-08-15,-0.3862900050709328,0.8411890061740035
2006-08-16,0.7710935506649363,0.6723367187309925
2006-08-17,-2.3641044246042853,-0.034658613621108
2006-08-18,0.016387542029772106,0.28850446669022034
2006-08-21,2.2676671678449445,0.3566713230471752
2006-08-22,-0.6265574298404353,0.034411327140615455
2006-08-23,-0.3551786170238991,0.04590406473266029
2006-08-24,-0.12947376767309393,0.18337332409492646
2006-08-25,0.03238416104975883,0.14884100016834267
2006-08-28,-1.2543952945272885,0.09142460305597844
2006-08-29,-0.09841131508814271,0.13703704603007516
2006-08-30,0.784573417821921,0.26210300211286786
2006-08-31,1.406542876322714,0.238703836873988
2006-09-01,-0.24110198211761968,0.03419788122447365
2006-09-05,1.9442862996544186,-0.628743206437532
2006-09-06,-0.7922716060125623,-0.13771745046526895
2006-09-07,-2.5946191654282025,0.19504176750930746
2006-09-08,-1.0009118155884345,0.08024419534531368
2006-09-11,-3.5927977031141367,-0.09165621120605927
2006-09-12,-0.30816717701886986,0.5029880989307234
2006-09-13,0.5130834594120337,0.045733535757630506
2006-09-14,-2.4696883147300674,-0.2283684630572047
2006-09-15,0.36652959943346275,-0.08005273520526046
2006-09-18,1.4356348078949033,-0.16010374012584982
2006-09-19,-2.275393693498984,1.1160765732133981
2006-09-20,0.5955529304155327,0.14713238708448095
2006-09-21,1.1978312594347784,0.9116858846016651
2006-09-22,0.9446171286572103,0.49189429520426486
2006-09-25,0.0,0.7000779632373888
2006-09-26,0.4094200107173762,-0.4217215834199095
2006-09-27,1.8051939672373507,-0.2894367820962529
2006-09-28,-0.03344558121627372,-0.16741927726764416
2006-09-29,-0.536643396032499,-0.12301575671740395
2006-10-02,-0.539538802370565,0.2736623597217491
2006-10-03,-3.50973728570958,-0.13440905706576523
2006-10-04,-1.3042160218877719,0.7261169473697482
2006-10-05,0.9709657907544411,-0.7037502367708726
2006-10-06,0.12291022461248247,-1.048163930769741
2006-10-09,0.3678068424993519,0.2716264853897865
2006-10-10,-0.3502643889303769,-0.794061414392111
2006-10-11,-0.2107463561167755,-0.296521755096224
2006-10-12,1.0667244557621025,0.05708463269074038
2006-10-13,1.8611566060242168,-0.5034779898633435
2006-10-16,1.019201085169641,0.4463933571726031
2006-10-17,-0.8827024626767432,0.07995113987360192
2006-10-18,-0.10235649551439963,0.20521887008402295
2006-10-19,1.389852363823163,-0.1823977497732443
2006-10-20,-1.06609195758125,-0.10277226018438057
2006-10-23,-1.7505174698207782,-0.40058818884958214
2006-10-24,0.7073260919780999,0.0
2006-10-25,1.0091596295867866,0.788237950718429
2006-10-26,0.897935041989939,0.646419956606481
2006-10-27,0.1853578896005459,0.4623292351507047
2006-10-30,0.838227853837914,0.28095623901100986
2006-10-31,0.5660080759457564,0.7712117654617323
2006-11-01,1.8421555651428,0.551831180624518
2006-11-02,0.9085032704113871,-0.41214944174412516
2006-11-03,0.611821383701372,-1.190249774148544
2006-11-06,-0.6602807657794862,0.2932882188920516
2006-11-07,0.24207471759938315,0.4607127011277523
2006-11-08,-1.5103824170810576,0.35805143255367433
2006-11-09,2.9665243715548684,-0.055833422602979965
2006-11-10,-0.7334201809368501,0.4349352804353668
2006-11-13,-0.4812377767143161,-0.022242005124928355
2006-11-14,-0.9045410728369063,0.38875589624360884
2006-11-15,0.34016244413850316,-0.37768890479861206
2006-11-16,-0.860742257289715,-0.45732546574446253
2006-11-17,0.7636683557830537,0.5686530564799952
2006-11-20,-0.016185061297857573,0.15548569540415613
2006-11-21,0.8061959117047657,0.24386833562788368
2006-11-22,0.3686780506724219,0.1660138740114281
2006-11-24,1.5873349156289684,0.17675035580437815
2006-11-27,0.31446686565432813,0.3634145558958135
2006-11-28,-0.20429184074970408,0.20872599929444569
2006-11-29,-0.6470469176145244,-0.230770820383297
2006-11-30,1.928714509956464,0.6577841927815964
2006-12-01,-0.4201961494731954,0.25413580941937575
2006-12-04,0.0,0.17478452907351283
2006-12-05,-0.484643117455974,-0.4706200122581272
2006-12-06,-1.770801602200489,-0.19773146977741796
2006-12-07,0.06378714314729805,-0.0769457789194572
2006-12-08,-1.089929545623125,-0.7286809958529705
2006-12-11,0.8345425777865678,0.43123517894008145
2006-12-12,-0.0799412257770804,0.20943412606011513
2006-12-13,-0.06400146702842946,-0.8959362001636606
2006-12-14,-0.5778517118766757,-0.36729891834963446
2006-12-15,-1.819411691278905,0.055806089077892196
2006-12-18,0.06555378017001345,0.033355081259145436
2006-12-19,1.2373950143334866,-0.13371313515877503
2006-12-20,-0.2916876283729941,-0.01116057860337527
2006-12-21,-0.3902409241344884,0.5008806477335703
2006-12-22,0.43891877677531,-0.769015111544169
2006-12-26,0.5338490612910363,0.30159688050672706
2006-12-27,0.3864766114699769,-0.7379951467086698
2006-12-28,1.0869676876565926,-0.2257476193317398
2006-12-29,0.4916314035106062,-0.07907080766820229
2007-01-03,-1.482217463475255,0.7098108434674621
2007-01-04,-1.016707300452957,0.604573532004693
2007-01-05,-2.429939556012073,-0.43628681740233155
2007-01-08,0.5138865501529644,0.1792929009238886
2007-01-09,0.6099070055031852,0.0
2007-01-10,-0.42819288822002477,-0.44862514689545385
2007-01-11,0.0659972225316885,-0.58619538449034
2007-01-12,2.508270112828015,-0.4646102283256237
2007-01-16,-0.32221221565551517,0.21556327509366646
2007-01-17,1.0753625266441524,-0.30647637485445856
2007-01-18,-0.608490388427807,0.30647637485445856
2007-01-19,1.1815588337062088,-0.272406915325929
2007-01-22,-0.44543308866389353,0.23835121542030713
2007-01-23,2.37900480290687,-0.6596168402542624
2007-01-24,0.15556703524106652,-0.011482604958779064
2007-01-25,-0.4206007816605073,-0.7217046761726742
2007-01-26,0.1715677158220963,-0.08047715940158184
2007-01-29,-0.6252915722454233,-0.21885679403608194
2007-01-30,0.7031840163978842,0.11521414803246088
2007-01-31,0.945377976133166,0.8372590057213802
2007-02-01,0.5997701647027398,-0.12050290887128945
2007-02-02,-1.451766719896419,0.12634771263368982
2007-02-05,0.046658030477342294,0.13746507281244824
2007-02-06,0.7436182408873115,0.5481837200917994
2007-02-07,-0.24726278147655378,0.29566517469659104
2007-02-08,1.3676731531773179,0.07950598561410338
2007-02-09,0.911592618261281,-0.569006730069388
2007-02-12,-0.6829142171961067,-0.22841241978768245
2007-02-13,0.25853284272532306,-0.2175766588291328
2007-02-14,0.8017687793249628,0.946914678538624
2007-02-15,0.06025141558483327,0.2947442435873082
2007-02-16,-0.07532281767392845,0.3503348044469057
2007-02-20,-1.5949347987074702,0.22540733674847324
2007-02-21,3.075775366766109,-0.16899807886363583
2007-02-22,-0.2973934507727982,-0.5427698832743744
2007-02-23,0.8452629597989869,0.7117679621380102
2007-02-26,0.559561545834697,0.6619396050547177
2007-02-27,-4.030198278890573,1.255602707771608
2007-02-28,1.6225993082466417,-0.45373920127218526
2007-03-01,-0.9977462163909046,-0.06348413946515308
2007-03-02,-3.258221712050613,0.5000858381196238
2007-03-05,-1.231851936987649,0.16622007578539488
2007-03-06,1.9201112459463765,-0.2992695918637267
2007-03-07,0.23355638570592419,0.38771884706476634
2007-03-08,0.27954715551832265,-0.08844925520103963
2007-03-09,-0.3573426484667408,-1.057045172120219
2007-03-12,0.18660049578604898,0.3907392582152003
2007-03-13,-1.01492245340431,0.5997913607160399
2007-03-14,0.34466179547409936,-0.4551161250220481
2007-03-15,0.06254052126912768,-0.011036887117121807
2007-03-16,0.9953475533363232,-0.022285004855371326
2007-03-19,0.18552126010833447,-0.21168980652923608
2007-03-20,0.8153245714605184,0.055755763325615604
2007-03-21,0.8391277663042374,0.044580699482121844
2007-03-22,-0.09119556454928457,-0.7942130995270968
2007-03-23,-0.9319456241314583,-0.28119317538410904
2007-03-26,1.0535173755601868,0.12374627438340724
2007-03-27,-0.2128621706794398,-0.16879352670837733
2007-03-28,0.5313198131411845,-0.20308501947194912
2007-03-29,-0.60744531806467,-0.13549194808692988
2007-03-30,0.13699117494949675,-0.19240452695750143
2007-04-02,0.1671869276315796,0.16581685665326695
2007-04-03,-0.030371572256715496,-0.12496453363217697
2007-04-04,1.477704410017644,0.10221412296025356
2007-04-05,0.07481567258942334,-0.37533098606998827
2007-04-09,-0.49479347151173414,-0.6631553895855014
2007-04-10,0.9424931331835751,0.29785634276722206
2007-04-11,-0.11919224858818467,-0.06871130436598705
2007-04-12,-0.13426416202095837,0.022911639421741015
2007-04-13,1.2608614870701196,-0.3094309991330757
2007-04-16,0.8220909434594859,0.5494864736848015
2007-04-17,-0.5865141760568626,0.5578516398745847
2007-04-18,0.557263886859527,0.4981795905385056
2007-04-19,-1.2508418534408428,-0.1696283693048528
2007-04-20,1.7177229296497565,-0.26058098072452296
2007-04-23,-0.64251800327364,0.36238319203989455
2007-04-24,-0.7794711983777347,0.37223559950665397
2007-04-25,0.23594765329768563,-0.34957769675445505
2007-04-26,-1.5138262183911344,-0.7258879462033185
2007-04-27,1.0265578663395836,-0.022822990959969758
2007-04-30,-0.6981108812969872,1.0420840321885727
2007-05-01,-0.5979893737274367,0.0723701719207881
2007-05-02,-0.044992543576860555,-0.05661419231173248
2007-05-03,1.2374279286040846,-0.22639705703437762
2007-05-04,1.031855523278935,0.4072887880153697
2007-05-07,0.08794717295126375,0.27041680256578715
2007-05-08,-0.5436034161360404,-0.22537646029010538
2007-05-09,-0.6354862494686309,-0.39560218927681134
2007-05-10,-2.1731795382597063,0.23761259927064238
2007-05-11,0.6794997207202336,-0.3509820495723126
2007-05-14,-0.2561565092633167,-0.26107715830487876
2007-05-15,0.3915110208388306,-0.0341116470878422
2007-05-16,-1.422761165968911,-0.06832845461723913
2007-05-17,-0.8265789169946025,-0.4104839402041094
2007-05-18,0.7045504789815027,-0.6650209517699679
2007-05-21,0.22867840106517434,0.2986818312478601
2007-05-22,-0.7182750193709175,-0.5175209566792294
2007-05-23,0.5201235113148961,-0.2885947541655831
2007-05-24,-1.2126956660006627,0.09245459263866884
2007-05-25,0.2930103689850583,-0.23134855603186288
2007-05-29,0.1999804547433648,-0.011480650630479872
2007-05-30,-0.5393317205398596,0.2081697411065786
2007-05-31,1.2590365628120992,-0.18513831374495915
2007-06-01,1.3638664251469201,-0.526640440276438
2007-06-04,0.15039628582593778,0.4546704630145282
2007-06-05,-0.2558095808665506,-0.6300439953043302
2007-06-06,0.06025141558483327,-0.04687265077887304
2007-06-07,-1.7468378797244277,-1.807794177910571
2007-06-08,-1.6064616229807704,-0.08350056947232787
2007-06-11,0.7446446669522544,-0.28685552314735574
2007-06-12,-0.9316814217075198,-1.4586366591421651
2007-06-13,0.6685872908955837,1.1830465732116213
2007-06-14,0.10841741372225044,-0.25225575010838774
2007-06-15,0.3862500064954588,0.683284519237759
2007-06-18,0.15408088972499456,-0.20330895771549784
2007-06-19,0.8127107639137598,0.9297061854410149
2007-06-20,-1.182906884846524,-0.810053018194612
2007-06-21,-0.23207487754053346,-0.479474087602183
2007-06-22,0.3401908753745353,0.6468380614505609
2007-06-25,-0.5417527012257395,0.5476126431110284
2007-06-26,-1.2651498355086055,0.023686360906571835
2007-06-27,0.07855957384057533,0.09500529248867018
2007-06-28,0.9223921660842294,-0.02361525216003635
2007-06-29,0.015552022019793554,1.0267022280943117
2007-07-02,1.1601956095052657,0.5242603962087866
2007-07-03,-0.4315647745485762,-0.6116307282364897
2007-07-05,-0.49551000216725427,-1.1269532059533294
2007-07-06,0.8347566280360041,-0.40646251653724264
2007-07-09,0.6444677526836529,0.3587691871454801
2007-07-10,0.351177337295816,1.6807184640590833
2007-07-11,-0.25944030574640564,-1.0381807981125757
2007-07-12,0.8823945975779957,-0.3446527723065529
2007-07-13,0.01514901415573533,0.2733672342336124
2007-07-16,-0.31854268407078834,0.9567697570618705
2007-07-17,-0.10640678207991527,-0.21184807407061967
2007-07-18,1.314520293524879,0.376235438640693
2007-07-19,0.5837019871234972,-0.023470793843394233
2007-07-20,0.8470214516409946,0.8998346643223964
2007-07-23,-0.1629035648901933,-0.16301528425985978
2007-07-24,0.0,0.3721500694811031
2007-07-25,-0.848408278932844,0.19714999115287846
2007-07-26,-1.8861365951098996,0.8307402064129832
2007-07-27,-0.36624160313225573,0.28690947595184646
2007-07-30,0.5488548312643893,-0.28690947595184646
2007-07-31,0.03041087410506904,0.7213442302585804
2007-08-01,0.21257127401828058,-0.21669753729653962
2007-08-02,-0.060690209145430885,0.25216297496992723
2007-08-03,1.2068377589955936,0.6617991809715118
2007-08-06,-0.25524493927964187,-0.7305142175863644
2007-08-07,-0.060140281711618115,-0.08019229802314065
2007-08-08,0.4352626551118455,-1.2227871849994187
2007-08-09,-1.9814572506724026,0.13915199720977434
2007-08-10,1.681476594135134,-0.23204868191339934
2007-08-13,-0.4667591916456715,0.2900042923663637
2007-08-14,0.04526409523712971,0.2660700793516213
2007-08-15,-0.24166099107443273,-0.35883875964715095
2007-08-16,-2.217042072635156,1.0266888809105978
2007-08-17,0.5089097649259244,-0.4025017149543064
2007-08-20,0.16906267951206644,0.05757611438164112
2007-08-21,-0.07681550545948213,0.4825136929831775
2007-08-22,0.5058672977702905,-0.160535263844519
2007-08-23,-0.13771552618830896,0.34371791683391884
2007-08-24,1.2174904045099133,0.49063070971926415
2007-08-27,-0.1968313899368468,0.5222786598629625
2007-08-28,-0.592852720618886,0.16973683982404175
2007-08-29,0.7291591950524534,-0.2717097243361888
2007-08-30,-0.4094896712249607,0.6665895532658617
2007-08-31,1.0882719149130082,0.07874954106430465
2007-09-04,1.373574603506178,0.04745015726079771
2007-09-05,0.1777705907978877,0.7985010951328864
2007-09-06,1.9059410971297375,-0.257969058613039
2007-09-07,0.7667289341462435,1.405241633850185
2007-09-10,0.3309165718841989,0.7722117969479747
2007-09-11,1.28443880927529,-0.07699421966509412
2007-09-12,-0.085115000757785,-0.3746258926337287
2007-09-13,-0.540768716331641,-0.8980972483854988
2007-09-14,-0.12851285766899423,0.14457862447136982
2007-09-17,1.3904925557651104,0.4771097287846082
2007-09-18,1.0233435305543104,-0.755544441405398
2007-09-19,-0.37727516034467,-0.929990969273975
2007-09-20,1.789851321631275,-1.9093771057569597
2007-09-21,-0.5239290755193693,0.8455728409589192
2007-09-24,-0.08297270648807142,0.2840109118848577
2007-09-25,0.06915573409802533,-0.3524096185331782
2007-09-26,-0.4572887160420258,0.09109830308307032
2007-09-27,0.9675223546006251,0.691437221254132
2007-09-28,1.1080137884341035,0.22573082443919645
2007-10-01,0.5291368155640797,0.5697941142209118
2007-10-02,-2.1197416614791464,0.31459277581635803
2007-10-03,-0.6239146038013565,-0.2920971160071506
2007-10-04,1.340078342448514,0.3817594613327202
2007-10-05,0.7246887035287308,-1.0815726691765448
2007-10-08,-1.1923703864010093,-0.07934075286732956
2007-10-09,0.7691255843188749,-0.12477294094335178
2007-10-10,0.36873278799705034,0.05667394596855502
2007-10-11,0.7469350076860337,-0.10213244609951211
2007-10-12,0.9158214525530894,-0.48935735664819013
2007-10-15,0.7346631152413075,0.022709088466577043
2007-10-16,-0.02661605603639927,0.03417666222844673
2007-10-17,-0.8287746077086489,1.0889496970471146
2007-10-18,1.993421490081726,0.5512518686791701
2007-10-19,-0.39552201567705225,1.4812855940649072
2007-10-22,-1.4637633373986603,0.010992541397092381
2007-10-23,0.8409645438828051,-0.13268984951659846
2007-10-24,0.3847345191920759,0.7388687304136887
2007-10-25,0.6730505798477004,-0.34118537997955833
2007-10-26,2.1598597202503456,-0.23180766812487263
2007-10-29,0.5519560779674748,0.38596918099438327
2007-10-30,-0.9905583874844304,-0.05494471872014017
2007-10-31,1.6285597636482407,-0.9072449260605797
2007-11-01,-0.881516315712183,1.2909156708629688
2007-11-02,2.4088404823137566,0.31907557392178987
2007-11-05,-0.1002654929678215,-0.0439593276293504
2007-11-06,2.0847017561793635,-0.48473622000706484
2007-11-07,0.9898016504542362,0.1766041003051555
2007-11-08,-0.012153592477748276,-0.1766041003051555
2007-11-09,-0.060827263774410056,0.846719617722469
2007-11-12,-4.836432519681555,0.3606339821532245
2007-11-13,1.0418080056634693,-0.371651254248917
2007-11-14,1.4554786693980581,0.10948839889692863
2007-11-15,-2.945295236897927,0.9363477300631473
2007-11-16,-0.2569005294245308,0.14070016535780994
2007-11-19,-0.6581121156078673,0.6472641160962578
2007-11-20,2.846217740937629,-0.10764447401006016
2007-11-21,-0.13851366451014258,0.5795344718555917
2007-11-23,2.3536350542307183,0.29912991443779013
2007-11-26,0.06152328809143626,1.95470640139086
2007-11-27,-1.4870219066121848,-0.956793037228687
2007-11-28,-0.6638701470508046,-0.678229900002103
2007-11-29,-1.6345006620317015,0.8576346880832642
2007-11-30,-1.23394765406033,-0.4861563407228875
2007-12-03,1.23394765406033,0.7904443407483086
2007-12-04,1.4206260536894,-0.010542087075560147
2007-12-05,-0.9745116397743558,-1.1999176127384992
2007-12-06,0.9367226634607206,-0.8798099990724229
2007-12-07,-0.974881768562863,-1.1271559947695575
2007-12-10,1.7654954651938226,-0.601235877133588
2007-12-11,-1.4606198839253182,1.9436666844212525
2007-12-12,2.0712490730693034,-1.0377109732120804
2007-12-13,-2.503430177695787,-1.0925013310291831
2007-12-14,0.025470186730292,-0.46247615017711574
2007-12-17,-0.4979255801013771,0.8899209020528431
2007-12-18,1.4233341902738061,0.6433552884574034
2007-12-19,-0.0126217886031732,1.3172090360777489
2007-12-20,-0.7219329805340458,-0.21473429460310278
2007-12-21,1.8013969958620812,-1.4727445799559646
2007-12-24,0.049926256729282414,-0.4702159597508082
2007-12-26,1.70732501432731,-0.8806181640886201
2007-12-27,0.049056803718094955,1.0842541733465438
2007-12-28,1.7501692024212367,1.5473899126454693
2007-12-31,-0.6527291620528786,0.6037212513222201
2008-01-02,2.868953079056258,1.4299901521586555
2008-01-03,0.8331903896944048,-0.13788135982122363
2008-01-04,-0.5155283230997121,0.021234649080659196
2008-01-07,-0.42378006127563594,0.43396885315538647
2008-01-08,2.343449928374053,-0.1162207586674402
2008-01-09,-0.2653849421290211,0.19015694602888544
2008-01-10,1.9451378931132801,-1.3600960903712878
2008-01-11,0.3732423352843739,0.7778782416759
2008-01-14,1.0779343871355707,0.3709287449605192
2008-01-15,-1.7462315658240968,1.1148682136430388
2008-01-16,-1.476929879192035,-0.7243609976430143
2008-01-17,-0.2309434649609976,1.2875672889136602
2008-01-18,1.057965455184462,-0.6888315016380098
2008-01-22,0.8542679841935907,1.0624904744242158
2008-01-23,-0.31807226995548277,-0.22822372680222358
2008-01-24,2.461215908630443,-2.024660716838511
2008-01-25,0.24393095003425458,1.671002269151245
2008-01-28,1.5929992715973285,-0.3758992472155498
2008-01-29,-0.656096906970216,-0.6824090250608261
2008-01-30,0.9933994004388325,-0.6551765542358368
2008-01-31,-0.719501671474454,0.7078551036869829
2008-02-01,-2.2684270626732506,0.5993105335676319
2008-02-04,-0.2801907176590568,-1.0344159862566649
2008-02-05,-1.6065490671030247,0.7609997553879033
2008-02-06,1.4380553122887108,-0.30582459412360485
2008-02-07,1.006721644389863,-2.178132635368124
2008-02-08,1.2717910269795851,1.1377185102201093
2008-02-11,0.3619834235513153,0.4153315217343856
2008-02-12,-2.2141942540970128,-0.5968571998280936
2008-02-13,0.12306384919771318,-1.0642140401730504
2008-02-14,0.30141986624121486,-1.480597469047673
2008-02-15,-0.6261873940772489,0.764822567699186
2008-02-19,2.689256579798549,-1.0172801907427864
2008-02-20,1.796386403346606,0.690199612320308
2008-02-21,0.010726726746401738,1.0536464064356377
2008-02-22,0.150020806218798,-0.5742489804466899
2008-02-25,-0.6984410657416618,-1.026796862233681
2008-02-26,1.0405041437242524,0.032938916624924985
2008-02-27,1.1353506294170757,0.08773572276283836
2008-02-28,1.2685593460616928,1.760955193629865
2008-02-29,0.19774419017553058,1.518389016724786
2008-03-03,1.0960688456801648,-0.2580901569103844
2008-03-04,-2.1412288580017425,-0.9765322490661532
2008-03-05,2.6336419982118997,-1.2042970380540918
2008-03-06,-1.2563250536445025,0.5334307175835828
2008-03-07,-0.4257794167007667,0.13019589809224463
2008-03-10,-0.2292078440002676,1.463744764187247
2008-03-11,0.12508613827968418,-0.8584615217428038
2008-03-12,1.0570090873189386,1.9108020206602294
2008-03-13,1.3616736750610592,-0.7855611217789882
2008-03-14,0.3755424410350372,1.2285827130765536
2008-03-17,0.4649281579360398,0.7654478920017027
2008-03-18,-2.7292522389297247,-0.3871840760420575
2008-03-19,-3.651349029438311,1.6432262188556201
2008-03-20,-3.4220307323041155,0.24734107503237013
2008-03-24,0.21109369513832021,-1.9534866147156826
2008-03-25,2.8771933334395428,0.418759921587597
2008-03-26,1.147280753361546,-0.418759921587597
2008-03-27,-0.3631361070556949,-0.7055930584939141
2008-03-28,-1.7050179548599331,0.9675294754995178
2008-03-31,-1.6128426672900709,0.3552168893668828
2008-04-01,-4.005728712133472,-1.6408585544674725
2008-04-02,2.736781345347694,0.2126707943495898
2008-04-03,0.16789027418244729,0.2228262810117343
2008-04-04,0.9239246884170882,0.9074029151289409
2008-04-07,1.0142278299859697,-0.5265544922339771
2008-04-08,-0.9034875363145289,-0.34900689545729335
2008-04-09,2.1244803047894223,1.033080173937595
2008-04-10,-0.5650392946536797,-0.3361903896379026
2008-04-11,-0.5134589224534025,0.67132295275103
2008-04-14,-0.2083246601698896,-0.5871865938559928
2008-04-15,0.6018544609337262,-1.2483647459937242
2008-04-16,1.7412357713036286,-0.9843597221764533
2008-04-17,-0.7641420238254426,-0.17208412182729838
2008-04-18,-2.1182086961172963,-0.08627001179477567
2008-04-21,-0.40913723347850706,0.39808120610973496
2008-04-22,0.022154490937342786,0.3430427428308569
2008-04-23,-1.1699898740300085,-0.3323145169075392
2008-04-24,-2.2671566971764534,-0.8517428433953977
2008-04-25,0.057304629885379654,-0.5863621194430291
2008-04-28,0.4801172923440511,0.30443286415957616
2008-04-29,-2.167237426486679,0.3793986263711524
2008-04-30,0.9741512403569352,0.7113748154422783
2008-05-01,-3.1179315068103897,0.006360173974773176
2008-05-02,0.7000134989940676,-1.2690342751177752
2008-05-05,1.9784020483407438,0.0
2008-05-06,0.4164270020763361,-0.7230936785827424
2008-05-07,-0.9394068189923388,0.4279559952151235
2008-05-08,1.6410840839224505,0.8937589723927886
2008-05-09,0.20611516430735222,0.3681682724110402
2008-05-12,-0.49309235274250796,-0.1514195783599348
2008-05-13,-1.8564154190549687,-1.09961467106241
2008-05-14,-0.22275927551875796,0.043774866150725344
2008-05-15,2.0906720638067533,0.9041622248117775
2008-05-16,2.3851198696714704,-0.4129289626085164
2008-05-19,0.32494949205004175,0.13050317106659826
2008-05-20,1.675120569798061,0.5206417531448793
2008-05-21,1.1593671969488462,0.021660044728699646
2008-05-22,-1.0713950899921443,-1.185923268920197
2008-05-23,0.2744088114414289,0.4369073791041789
2008-05-27,-2.071066556256085,-0.6779091968863948
2008-05-28,-0.2465000919902316,-0.8926201492440722
2008-05-29,-2.994812178556394,-0.722040959319159
2008-05-30,1.0807127681703221,0.6555717709100684
2008-06-02,0.5814988710672431,0.38501022740087265
2008-06-03,-1.2354330705997896,0.7172162076230393
2008-06-04,-0.2650790800815095,-0.8945916666128984
2008-06-05,-0.2310856942839834,-0.6007746913684997
2008-06-06,2.974409565204894,1.2863365804408389
2008-06-09,-1.2087125101141183,0.0
2008-06-10,-2.8122111368949376,-0.6522027588593104
2008-06-11,1.7036902705543255,-0.23315379954205184
2008-06-12,-1.6452673393949624,-1.0055102623362178
2008-06-13,0.26833517416244845,-0.21359502224571614
2008-06-16,1.3654462065851192,0.02253644425005419
2008-06-17,0.2754481953052057,0.20225582497759298
2008-06-18,1.173600647836981,0.8385625015222331
2008-06-19,0.15846001285879652,-0.5918170389880295
2008-06-20,0.5976212113661283,0.5805608876908508
2008-06-23,-2.1132355148219872,0.21147056940136189
2008-06-24,0.43538667325053737,0.6643811281177303
2008-06-25,-0.057182289776225304,0.044121142669339974
2008-06-26,3.5840520480319604,0.6708215094825221
2008-06-27,0.9446474043667941,1.1656954805302266
2008-06-30,-0.07655678590445802,0.02168023678423836
2008-07-01,1.3691424355889659,-0.23719193303977093
2008-07-02,0.5488842298986718,0.5215504000047666
2008-07-03,-1.1985249940131837,-0.21694750634573268
2008-07-07,-0.9056684715605279,0.4551611615479789
2008-07-08,-0.4063960105009201,0.6465586603848994
2008-07-09,0.7019105232724421,0.4395233560022582
2008-07-10,2.1943255113522575,-0.010781171611196072
2008-07-11,1.7277496523462332,-1.4327957026901483
2008-07-14,0.7850566004167447,0.8750101171989488
2008-07-15,0.2707149761992156,-0.032175076289897575
2008-07-16,-1.8152701615908207,-1.8241588358743677
2008-07-17,-0.233225184093655,-0.5163347228052118
2008-07-18,-0.053084614994425294,-0.3752727468373962
2008-07-21,1.0037641179610368,0.3862457621722104
2008-07-22,-2.189486107569394,-0.49682183766184274
2008-07-23,-2.7121391164392605,-0.19942625259128377
2008-07-24,0.8356311735007615,0.9711815283666603
2008-07-25,0.3934007936191364,-1.0045071729528843
2008-07-28,0.04361674288189121,1.0045071729528843
2008-07-29,-1.2505724861273215,-0.4072191650440704
2008-07-30,-1.1881764751689339,0.0992414301387523
2008-07-31,0.6236158213953402,0.9866734361168472
2008-08-01,-0.5677745638380749,0.22092587413089504
2008-08-04,-1.6093986590938414,-0.22978242221842748
2008-08-05,-2.3649334804024313,-0.7472997428139561
2008-08-06,0.6484477963028645,-0.40894744249442283
2008-08-07,-0.6368377516337453,1.615115965791114
2008-08-08,-1.9470425835761418,0.2720912636547723
2008-08-11,-3.98700197430637,-0.961108338915917
2008-08-12,-0.7547213471977621,0.928479563127782
2008-08-13,1.2833356691476894,-0.3484925049248577
2008-08-14,-2.747048802969587,0.6416987684662256
2008-08-15,-2.191451270552225,0.863534631534213
2008-08-18,1.4959120554555838,0.3969234710674563
2008-08-19,2.047420911855724,-0.3861989399581489
2008-08-20,-0.4610921640560761,0.27910064817699975
2008-08-21,2.7594821694200355,-0.1823606235024755
2008-08-22,-1.493480059681218,-0.06444818852653356
2008-08-25,-0.185175688863648,0.9941474508568859
2008-08-26,0.3700091110668602,0.08498268604872905
2008-08-27,0.15990808530270684,0.16998932804241917
2008-08-28,1.002820792660053,0.010628046132943325
2008-08-29,-0.5735584976745756,-0.44653272243380115
2008-09-02,-3.1200121903938616,0.9261780012410625
2008-09-03,-0.39217909178272947,0.4228667353454618
2008-09-04,-0.6358108955715203,0.798811322661841
2008-09-05,0.7498337947551725,-0.05243024352648007
2008-09-08,-0.15205621729270646,0.4181698974696779
2008-09-09,-3.051415078362396,0.9859486726541355
2008-09-10,-3.012631332599902,-0.621608804480811
2008-09-11,-1.547891551425451,-0.05200182857461044
2008-09-12,3.3239972547342234,-1.2975840632257984
2008-09-15,2.6257069784173304,3.1925924033519237
2008-09-16,-0.9977363631870517,-0.020453187845959064
2008-09-17,10.697398423801108,0.498858570000138
2008-09-18,-3.162032125475278,-1.4729134104677577
2008-09-19,3.7686651863134912,-3.2251106806875818
2008-09-22,3.6542052510024625,-0.010587912915749342
2008-09-23,-0.9690223547907273,-0.38389043147919466
2008-09-24,-1.83973722428723,0.4370794169398451
2008-09-25,-0.30030300021151035,-0.2023829111213793
2008-09-26,0.21954188195927316,0.7222428880510279
2008-09-29,3.325884343193408,2.868514221066487
2008-09-30,-5.154599567953966,-2.467169977623307
2008-10-01,1.052396898508423,1.250176925505464
2008-10-02,-4.326282883476207,0.8007048056614785
2008-10-03,0.3152979931026145,0.8766034473422835
2008-10-06,2.0256010970295613,1.8008967765121398
2008-10-07,3.4862148257065684,-0.3030130564821043
2008-10-08,2.4337627619666513,-1.446604286511377
2008-10-09,0.5353608121823505,-0.8450545806595322
2008-10-10,-7.721024022746192,-0.706216954959693
2008-10-13,-1.4890455669863911,-1.2901507253284095
2008-10-14,0.25580023828091214,-0.6461391487602164
2008-10-15,1.341329574561012,0.9517584909697341
2008-10-16,-4.94565318508613,-0.5170693263715442
2008-10-17,-2.6583058367777745,-0.6900684938915269
2008-10-20,1.6569654325265581,0.795798423034455
2008-10-21,-3.1970641603563443,0.5270468741890078
2008-10-22,-5.849778805739714,2.0087575077591957
2008-10-23,-1.4892064399146143,0.73910364485128
2008-10-24,2.1840397056156036,-1.0692849413005412
2008-10-27,-0.04155243417871546,0.07230211117068563
2008-10-28,2.206023003485047,-1.4673355309936298
2008-10-29,0.28418597266943735,-0.5044782252784152
2008-10-30,-1.7586179133695978,-0.9102783676413928
2008-10-31,-1.9021785472914665,-1.3056387860417296
2008-11-03,-0.3369813249389786,0.2699633891705133
2008-11-04,5.978044962665674,1.8595834593059024
2008-11-05,-3.615176785243701,1.1786954839608121
2008-11-06,-0.7998964370514727,-0.7245208749923293
2008-11-07,0.3869529108754044,-0.6556970364715475
2008-11-10,1.478671270122156,0.48689649435171845
2008-11-11,-2.1012909760209197,0.2951165002993861
2008-11-12,-2.8865122752281813,0.6399993898877909
2008-11-13,3.0252064319222782,-2.4242691775265612
2008-11-14,1.5813344157826315,1.9630416907833848
2008-11-17,-0.8907239506966036,0.44036592283314135
2008-11-18,-0.19288981747571654,1.2785320275540357
2008-11-19,-0.3453757562079218,2.529254368783196
2008-11-20,1.6334105788500253,5.037065462045032
2008-11-21,7.094243298627401,-1.4565130746591493
2008-11-24,2.5790177023884198,-1.5766490301154512
2008-11-25,-0.04945100106059641,2.8990700313497264
2008-11-26,-0.6077606219571763,0.13409207342487406
2008-11-28,-0.08712390504950207,1.227745408288694
2008-12-01,-5.977665539598398,3.7580471401208904
2008-12-02,1.7038360221309112,0.38318378483248594
2008-12-03,-1.005685556947622,0.2818704404346839
2008-12-04,-0.8966308801461764,1.9512009218161097
2008-12-05,-1.3065155569010223,-1.6339143238127463
2008-12-08,2.2293921957316165,-0.2174706781469915
2008-12-09,0.1704647155757577,1.9582416097329691
2008-12-10,4.383067186591116,-0.2404515863322132
2008-12-11,1.1222081826027797,0.1959078042419904
2008-12-12,0.19818665426898363,0.0
2008-12-15,2.190897202015041,1.1326505551522814
2008-12-16,2.226837661220138,2.4425263085297466
2008-12-17,1.1419292069736464,2.677155149752508
2008-12-18,-1.8429316991353417,2.0765583728720394
2008-12-19,-1.489523627083944,0.10643372498151393
2008-12-22,0.9994686720185442,-0.7717960585243766
2008-12-23,-0.9994686720185442,-0.13199800445935495
2008-12-24,0.9994686720185442,-0.21482156267396135
2008-12-26,2.5317801128256434,0.33029251857152886
2008-12-29,0.8723521599817374,-0.12007402954026247
2008-12-30,-0.5224940168183423,0.9480132201471037
2008-12-31,0.7191715531704723,-2.1142621178968923
2009-01-02,-0.3357378391118715,-2.545596709681419
2009-01-05,-2.0503324199848016,-2.612273307292501
2009-01-06,0.7664607938198564,-1.0108765208747705
2009-01-07,-2.8355453375406903,0.3913881609773462
2009-01-08,2.0454024408850913,-0.07990440813170352
2009-01-09,-0.6414096397032054,0.15089955421068169
2009-01-12,-3.838212237276384,1.0326055023407221
2009-01-13,0.14847208572588144,0.10519430300224286
2009-01-14,-1.3568345959084738,1.6354012567731502
2009-01-15,0.749158795308702,0.16387775746942168
2009-01-16,2.8450719887201714,-1.5540065999317676
2009-01-20,2.164765039554073,-0.017494751619206994
2009-01-21,-0.4387214260570538,-3.209906589943312
2009-01-22,0.5096914923472973,-1.9433222938125994
2009-01-23,4.564361014124341,-0.7861971588332572
2009-01-26,0.47329159687787836,-0.8767858984345622
2009-01-27,-0.6428711177525415,2.3241205399575193
2009-01-28,-1.0921600135951337,-2.5303441507706914
2009-01-29,2.3514556791131014,-2.3266414625258136
2009-01-30,2.002165860988292,-0.31763083845612883
2009-02-02,-2.742332608586917,1.843356229920623
2009-02-03,-0.4173432511596076,-2.410322743241
2009-02-04,0.7993277328123938,-0.3506111954958868
2009-02-05,1.048534341963414,0.08773875230261297
2009-02-06,-0.58984803078177,-0.31231175266155375
2009-02-09,-1.4277086659723714,0.3220214179177283
2009-02-10,2.1173696446258106,2.149847065708954
2009-02-11,2.2795527677897276,1.2887914320415028
2009-02-12,0.9489958611898608,-0.9460366555656741
2009-02-13,-0.6676689815839687,-2.6974276294317256
2009-02-17,3.0853446205779456,3.0674533713186847
2009-02-18,1.5180232335787025,-0.8558829027982107
2009-02-19,-1.183330205373423,-1.7148138516696498
2009-02-20,2.0975159763348294,0.9669912321312424
2009-02-23,-0.07159995450356504,0.9195499493181103
2009-02-24,-3.1177833375502395,-0.10498409141295184
2009-02-25,-1.681966189582429,-1.1615520913312416
2009-02-26,-0.09666932467284894,-1.0581069526955034
2009-02-27,-0.46313865669187493,-0.5775483782591628
2009-03-02,-1.852305052084624,1.6420854918162142
2009-03-03,-0.9835956887444652,-0.6703446507563271
2009-03-04,-1.1730046343054745,-0.4592570190211198
2009-03-05,3.315587240316198,2.743078899677265
2009-03-06,0.3255950930953766,-0.6690914775994372
2009-03-09,-1.8812774180243963,-0.5867428895405702
2009-03-10,-2.7196576528310423,-1.9385475900874916
2009-03-11,1.2178790893019098,1.0761184237038535
2009-03-12,2.085254413435411,0.47571868672857676
2009-03-13,0.21930335101103537,-0.5048472336982357
2009-03-16,-0.5491501809613553,-1.5895857260119328
2009-03-17,-0.8405293010376624,-0.5454994162001903
2009-03-18,3.331270158240951,3.7187184490964142
2009-03-19,1.3444527853073929,0.12457286809404167
2009-03-20,-0.8087754602137842,-0.5564968786121227
2009-03-23,-1.6265716740780256,-0.86986601679655
2009-03-24,-1.2347912889209667,0.9466850589929798
2009-03-25,1.1261327198226034,-1.3551563421407842
2009-03-26,-0.05437774128029815,1.1530749132823814
2009-03-27,-1.3580296815494108,0.7391486281322912
2009-03-30,-0.7859663659244731,0.381796542656776
2009-03-31,0.33284777074547023,0.7120589189572257
2009-04-01,0.8273170679265363,0.9085249393421257
2009-04-02,-2.4802424742532025,-1.2296629474276344
2009-04-03,-1.3719889999443957,-2.067511212322515
2009-04-06,-2.6844140979648934,-0.4284598441159915
2009-04-07,1.7092460393572928,0.2534118531953844
2009-04-08,-0.14998243891666263,0.8818848061136642
2009-04-09,-0.3469851444995342,-1.2622407284517578
2009-04-13,1.8026778317546288,0.914273499846896
2009-04-14,-0.5820210516414015,0.5213702867649772
2009-04-15,0.14867876173525474,-0.17340305816011536
2009-04-16,-1.950327199584212,-0.7942795774527944
2009-04-17,-0.6899358971821812,-1.1050418139595841
2009-04-20,2.0097043306539497,1.5029427118059324
2009-04-21,-0.06902618757465007,-0.9929304532313665
2009-04-22,0.5623448263974318,-0.6083238399787305
2009-04-23,1.6120292274093728,-0.009932077016472363
2009-04-24,1.0307038892937825,-1.0090079465447488
2009-04-27,-0.7944976286971439,0.42658258619754363
2009-04-28,-1.425688462475705,-1.6471270801979188
2009-04-29,0.6587959140768263,-0.8897016547036785
2009-04-30,-1.2073098777590552,-0.39688857518687115
2009-05-01,-0.3673517006708593,-0.6906549193967493
2009-05-04,1.925001041079355,0.3290013328024699
2009-05-05,-0.4409520299832437,-0.12329553290317818
2009-05-06,1.4511767224199446,-0.23657488333945764
2009-05-07,-0.1117426334235283,-2.4716211900766005
2009-05-08,0.601942401720823,0.24261363481210552
2009-05-11,-0.32281533701707943,1.4119615170250732
2009-05-12,1.119801612395932,0.36275886386567535
2009-05-13,0.42906650791518786,1.0807367842652127
2009-05-14,-0.06588794462203396,0.38820032502657753
2009-05-15,0.5696195347550059,-0.03060532096714752
2009-05-18,-1.3083606100380507,-1.562538152969406
2009-05-19,0.6618141022648238,-0.5298226944812079
2009-05-20,1.4082443543520284,1.0465559454736706
2009-05-21,1.7195463853182602,-2.547149427173423
2009-05-22,0.31915245362350575,-1.116412895879737
2009-05-26,-0.41509226973239777,-1.5189905858377095
2009-05-27,-0.3311847367743148,-1.7852717957548059
2009-05-28,0.841819599030913,1.4373210996395436
2009-05-29,2.058462871331024,2.5488840675497393
2009-06-01,-0.4897561923661975,-3.000909514644423
2009-06-02,0.6559420055802789,0.5364595476981648
2009-06-03,-2.0444145546900216,0.9346362456725821
2009-06-04,1.9094155718942574,-2.0878143412454975
2009-06-05,-2.653629688685033,-0.7650851857214036
2009-06-08,-0.16019817445123152,-0.25639068722749236
2009-06-09,0.28817381951293797,-0.01100177683652781
2009-06-10,0.03196630525019728,-1.5863109229489414
2009-06-11,-0.17061601941357196,1.1051351167871815
2009-06-12,-1.6463478535409415,0.8931566365424803
2009-06-15,-1.1676890623094849,0.8963101087297254
2009-06-16,0.9069633678898903,1.7254689547335111
2009-06-17,0.45582689271501664,-0.5645777923477979
2009-06-18,-0.8045247432850289,-1.5250837630760294
2009-06-19,0.3160603275712326,1.3616058305535361
2009-06-22,-1.4909293845661864,0.9660116698111842
2009-06-23,0.41882267254900185,1.170494697276947
2009-06-24,0.5812362620937428,-1.0085397968528476
2009-06-25,0.9360110088058704,1.816563171297414
2009-06-26,-0.021664835655421655,0.16932638849533888
2009-06-29,-0.27125280833750764,0.14788523765316697
2009-06-30,-0.9387696981969285,-0.16898980296700117
2009-07-01,1.3183162944147675,-0.19857437006773893
2009-07-02,-1.2415748613801902,0.23348560336167168
2009-07-06,-0.5384309013823696,-0.19097802190986002
2009-07-07,-0.055108891482813505,0.6670543402780282
2009-07-08,-1.6002146946953566,1.8301513341561382
2009-07-09,0.2684927161682005,-1.1988488608474235
2009-07-10,0.07817264709171212,0.9186550637600099
2009-07-13,0.6786482027611562,-0.562675566552695
2009-07-14,0.6850801569757259,-1.6755911622508002
2009-07-15,1.562446798435957,-2.6053723023571784
2009-07-16,-0.28226541932028226,1.073955115913705
2009-07-17,-0.05437774128029815,-1.5551047028147025
2009-07-20,1.4578288320425514,0.5247356332439779
2009-07-21,-0.16093724740917636,1.975560516343755
2009-07-22,0.3323208166329472,-0.9020304606145224
2009-07-23,-0.19282309216244187,-1.850683085045457
2009-07-24,0.16071308030829456,0.48229438736298036
2009-07-27,0.32064522765002934,-1.154754398843405
2009-07-28,-1.722137573946192,0.8810414489355267
2009-07-29,-0.9928658008448998,0.5466787565888254
2009-07-30,0.45947548185418796,1.4077774479043903
2009-07-31,1.870623520537773,1.9274587924101638
2009-08-03,0.5555021966375584,-1.5269815787036123
2009-08-04,0.8591912260693668,-0.798383328019181
2009-08-05,0.10556157910928121,-1.5060250339376857
2009-08-06,-0.19009437320756106,0.34026546308512096
2009-08-07,-0.9025795077514331,-0.8363817542851315
2009-08-10,-0.878513999734043,1.2410441018849028
2009-08-11,-0.15076396214315224,1.1502974373779118
2009-08-12,0.17227961034524952,-1.0739448482981473
2009-08-13,0.8249945329395381,1.4078328923290861
2009-08-14,-0.7712133511339481,0.38646154028807445
2009-08-17,-1.5059050463639423,1.4674283766971996
2009-08-18,0.4900069179749167,-0.5822479574025152
2009-08-19,0.5092391199061019,0.8247000564457707
2009-08-20,-0.2813877859599856,0.8180844106073337
2009-08-21,1.4845419974691687,-2.079089973105397
2009-08-24,-1.4087067763647987,1.796697758324317
2009-08-25,0.4538157997111547,0.5640735235302508
2009-08-26,0.03233498147654501,0.45720207565240756
2009-08-27,0.43015607639729225,-0.39474047802183776
2009-08-28,0.7270429612602491,0.4569494963861054
2009-08-31,-0.5019514036493256,0.09320879989358488
2009-09-01,0.5339040892428315,-0.24231061594051084
2009-09-02,2.4095025081347643,1.4469616475404123
2009-09-03,1.311660047587626,-0.6174930984333749
2009-09-04,0.07179824462602014,-1.7182439384784587
2009-09-08,-0.10258358982353499,-0.7062136883728698
2009-09-09,-0.35987748498103045,-0.1163549876275205
2009-09-10,0.6366128093033829,1.8258097839876086
2009-09-11,1.0993614941951613,0.5496817272083732
2009-09-14,-0.8335920016645737,-0.9978502082812923
2009-09-15,0.9550031319132124,-0.5130565876656945
2009-09-16,1.0160563341840678,0.1782820495604298
2009-09-17,-0.5721544584204707,1.2498166264593102
2009-09-18,-0.6767342503088969,-0.8941384272236341
2009-09-21,-0.3146706758441198,0.2295100814318829
2009-09-22,1.323048705491825,0.2081442463302885
2009-09-23,-0.8463489692783988,0.3011102057133286
2009-09-24,-1.3036122562251506,0.28982130233670134
2009-09-25,-0.5654119849774375,1.2633331805705694
2009-09-28,0.05153625568476983,0.8738098494872837
2009-09-29,0.39078335092765926,-0.0910384088263605
2009-09-30,1.4469359610812305,-0.09121572281696189
2009-10-01,-0.9759141142056116,1.3603452903175217
2009-10-02,0.4891514407334263,-0.6945518436595854
2009-10-05,1.4632653538604323,0.010103846871789557
2009-10-06,2.434557750386901,-0.9946637550046766
2009-10-07,0.07818787663111948,1.1662793789705361
2009-10-08,1.2427332550376313,-1.0541388012266673
2009-10-09,-0.7749003016846778,-2.3190122785491596
2009-10-12,0.6976784520625223,0.15628087899166587
2009-10-13,0.6736668520876954,0.519153709850606
2009-10-14,-0.07676245830561257,-1.4921754807796894
2009-10-15,-1.2751328965778796,-0.46359293599325113
2009-10-16,0.31061924936279794,0.8099620655595885
2009-10-19,1.0124989184004285,0.7826382134175525
2009-10-20,-0.7801678695170899,0.5390551616708095
2009-10-21,0.3185809847767729,-0.601400889622461
2009-10-22,0.16371956316874048,-0.4901392998280407
2009-10-23,-0.41463857043160246,-0.7553835301256306
2009-10-26,-1.5875641589657263,-1.303967858660382
2009-10-27,-0.009819975733638131,1.3566881482645954
2009-10-28,-1.1057424410540584,0.472510054883557
2009-10-29,1.92710617040861,-1.0955789099066138
2009-10-30,-0.1559338208545924,1.4406943276340733
2009-11-02,1.375455816989657,-0.44306584671840454
2009-11-03,2.3859334198798265,-1.0043654952085035
2009-11-04,0.5993644061587311,-0.9182527103895666
2009-11-05,-0.11210307242874862,0.0
2009-11-06,0.4197543036965179,0.09656688542207803
2009-11-09,0.7049487746250804,0.11777429498334158
2009-11-10,0.18468649311937924,-0.18211540794057512
2009-11-11,1.1101532395072944,0.41722893581024323
2009-11-12,-1.276358546875933,-0.1816081861380603
2009-11-13,1.4040137041637202,0.4588537346240429
2009-11-16,1.7075894257764013,1.1644060783480015
2009-11-17,0.3041182751855942,0.5352726890694548
2009-11-18,0.24975374482032464,-0.5879292719612295
2009-11-19,0.0445362297080365,0.1788519562261115
2009-11-20,0.5682836942089153,-0.021030150727074925
2009-11-23,1.1882360058536712,-0.12616350708887225
2009-11-24,0.38424851504039736,0.6296059647901586
2009-11-25,1.6339238275087986,0.45913272689830364
2009-11-27,-1.3467099128964044,0.3741714881384084
2009-11-30,0.5028201653515474,0.23824847667945903
2009-12-01,1.4934599861011755,-1.1200688289934924
2009-12-02,1.5218446148336895,0.08385441229554758
2009-12-03,-0.4035681973678429,-1.0439169246909685
2009-12-04,-4.2596218074724135,-1.0656775730198298
2009-12-07,-0.5642255891681103,0.12849808601407275
2009-12-08,-1.9281180066479386,0.14971370335352674
2009-12-09,-0.09919349177227588,-0.4605102153711904
2009-12-10,-0.018042626976999543,-1.1550629876419194
2009-12-11,-1.3627902417121085,-0.010933894804399102
2009-12-14,0.8380429619065488,0.1194403757615703
2009-12-15,-0.02721594910166658,-0.44567697189599187
2009-12-16,1.244377898373461,-0.11986691632071
2009-12-17,-3.8830074748299026,1.6335552123719843
2009-12-18,1.4887700748231758,-0.4301125119245519
2009-12-21,-1.85276263860219,-1.7942639582613218
2009-12-22,-0.7319841214939338,-0.5611106061374826
2009-12-23,0.35728214071415465,0.022096730187559643
2009-12-24,1.684463566334049,-1.0424286986563835
2009-12-28,0.17519015886229283,-0.2790710784253747
2009-12-29,-0.9999174226535068,0.657502309361746
2009-12-30,-0.5037332589067134,0.6554523499678666
2009-12-31,0.35474015655259095,-0.47738557205665444
2010-01-04,2.293873768114807,-0.08895624066660446
2010-01-05,-0.09112174071557178,0.6437637502650695
2010-01-06,1.6364952672509148,-1.34772579096758
2010-01-07,-0.6207031449164013,0.1680215203633928
2010-01-08,0.4950755381378791,-0.044699019179983424
2010-01-11,1.3201473675457542,-0.5503547449960067
2010-01-12,-2.113448995131151,1.6973360972383666
2010-01-13,0.945827937853938,-1.169451578001457
2010-01-14,0.43834025049447334,1.3905282472352454
2010-01-15,-1.0498532177149578,0.6167808716654122
2010-01-19,0.5935767413319581,-0.2858940974340918
2010-01-20,-2.3406622544498212,1.0078779608997834
2010-01-21,-1.451645533950785,0.4568078760778249
2010-01-22,-0.1864497387188635,-0.17375674182948941
2010-01-25,0.2888473340999731,-0.457604120975752
2010-01-26,0.07439937221862536,0.032809992187488035
2010-01-27,-0.9622184538243594,-0.054624629601285335
2010-01-28,-0.04694185510532023,-0.05463440258832719
2010-01-29,-0.48955498497216254,0.8704691876013193
2010-02-01,2.2305058135940747,-0.9119199626216101
2010-02-02,0.7173093057516233,0.28478045105160277
2010-02-03,-0.39480409049001963,-1.1663802839625426
2010-02-04,-4.064946190433538,1.5703636427262246
2010-02-05,0.29657764294865885,0.2176880014024718
2010-02-08,-0.6132631197051985,0.1303910027475652
2010-02-09,1.3082093628457692,-1.0039740388548601
2010-02-10,-0.27549621443085925,-0.958723541075468
2010-02-11,1.894044377226134,-0.5440700648490449
2010-02-12,-0.08404197035734029,0.4111402582958945
2010-02-16,2.381725974040183,0.18827750090952833
2010-02-17,-0.3381030697753751,-1.146450480758876
2010-02-18,0.6659727627097212,-0.4038064687986065
2010-02-19,-0.4648011335302016,0.5380357080320586
2010-02-22,-0.3660675124823598,-0.4144323875269862
2010-02-23,-1.0877691236586884,1.548349966312479
2010-02-24,-0.492450499761965,0.24283485211684663
2010-02-25,0.8809784398268405,0.5607868698893625
2010-02-26,1.0287614912395604,0.5139944877321057
2010-03-01,0.0,-0.043684167035884514
2010-03-02,1.4425256805689735,-0.1314939657657277
2010-03-03,0.5479471397486613,-0.25246649994139503
2010-03-04,-0.719229411345168,0.5260987815683293
2010-03-05,-0.01805113929833624,-1.3205777439926791
2010-03-08,-0.8428164684993078,-0.5220251066079484
2010-03-09,-0.1457159035853195,0.022256320065228152
2010-03-10,-1.1458028889065552,-0.25638646480654614
2010-03-11,0.11977451434272979,0.36763442524962997
2010-03-12,-0.600326475867341,0.6208624077543412
2010-03-15,0.37908941588105094,-0.13271109147154903
2010-03-16,1.8651124814839548,0.7936709026734157
2010-03-17,-0.7364051605517119,0.42727635113610773
2010-03-18,0.6820378596121834,-0.3284113276168732
2010-03-19,-1.884602118244505,0.09860735761968442
2010-03-22,-0.4906724488663805,0.10953343368864665
2010-03-23,0.5276077362753817,-0.47181323446396917
2010-03-24,-1.8824492289793326,-1.8424952117768179
2010-03-25,0.4505317583276991,-0.6404854409707283
2010-03-26,1.6808656864527372,0.2814295631115016
2010-03-29,0.14723814641710575,-0.38300790002701035
2010-03-30,-0.7198247903796862,0.3155706810578529
2010-03-31,0.9035611315004743,0.6838178881982238
2010-04-01,1.195219915601875,-0.24478391679236822
2010-04-05,0.5697480924987453,-1.6777728782786383
2010-04-06,0.1261710610812372,0.15988522253378434
2010-04-07,1.306388574251116,1.270296313252306
2010-04-08,0.14213706092300882,0.04507526515000748
2010-04-09,0.874987119150461,0.2362459516597859
2010-04-12,-0.5559222339984515,0.5268666358968943
2010-04-13,-0.28356216460236894,0.3236276150637707
2010-04-14,0.3012551773767136,-0.7045172118226084
2010-04-15,0.5470304321851138,0.11212586412661096
2010-04-16,-2.1433553562709484,0.7260495517240173
2010-04-19,-0.08093560236552833,-0.24513496414044766
2010-04-20,0.2785119789124657,0.35641980704426146
2010-04-21,0.7597109309406491,0.8190997173683101
2010-04-22,-0.41936374955247047,-0.2980721112387563
2010-04-23,1.1998598472109379,-0.3545441207808864
2010-04-26,-0.3894865830639027,0.11091584833176071
2010-04-27,1.653654778371827,1.3981170171837753
2010-04-28,-0.2795491486585533,-0.8564166334958934
2010-04-29,-0.02624679990343992,0.41814352432281154
2010-04-30,0.9406112146595369,1.146257217382729
2010-05-03,0.32022420391024653,-0.1308635570420158
2010-05-04,-0.7458842798920173,1.7836002345619661
2010-05-05,0.19133210932080758,0.5876191716748025
2010-05-06,2.911415163899367,3.041812011513745
2010-05-07,-0.18584329204847094,-1.2579341569649571
2010-05-10,-0.5936219595425563,-2.093380318451743
2010-05-11,2.594280507930957,-0.2567155422617873
2010-05-12,0.6114187831151696,-0.76343066426654
2010-05-13,-0.6943357126726113,0.6563595731607919
2010-05-14,-0.15771788582190638,1.7220601385510292
2010-05-17,-0.8426213640485791,-0.369529109077682
2010-05-18,0.10885264147750817,1.5222609444358604
2010-05-19,-2.4226160830335353,0.3328337327602071
2010-05-20,-0.6796610129533143,2.085978288755186
2010-05-21,-0.5366542125113227,0.10171909197973505
2010-05-24,1.3962091277818445,-0.34595995507107347
2010-05-25,0.444069285880655,0.4880705064607582
2010-05-26,0.9413635235164364,-0.2844663678700954
2010-05-27,0.18552983674489099,-2.2949258406232076
2010-05-28,0.15994852276124405,0.45704421390491135
2010-06-01,0.8626934066195524,0.700358904747933
2010-06-02,-0.10847752867189087,-0.9543393898442609
2010-06-03,-1.531114045936821,-0.732466626242001
2010-06-04,1.0373302792193506,2.652800389493404
2010-06-07,1.9113058305127772,0.7639807128658305
2010-06-08,-0.40413916863180077,-0.4984347556161062
2010-06-09,-0.3643011529050888,-0.11229815101181373
2010-06-10,-1.3276163318659329,-1.8030128528976341
2010-06-11,0.8703719694755918,1.2603984521192935
2010-06-14,-0.3422261685440908,-0.5145811132360123
2010-06-15,1.1555051138783412,-0.41362486534533005
2010-06-16,-0.5469896230115623,0.5683003747251725
2010-06-17,1.2963065337675772,0.8105995056366666
2010-06-18,0.7600251453539819,-0.16361286692410104
2010-06-21,-2.006483258108105,-0.2870810348563957
2010-06-22,0.8766162443343717,1.183727317703287
2010-06-23,-0.4125418496021105,0.6775633782283741
2010-06-24,0.28896292842945925,-0.5963652263841546
2010-06-25,1.196440604445126,0.4045853098212149
2010-06-28,-1.3697206629814218,0.9346438034357973
2010-06-29,0.14853964638135153,1.0843195640036107
2010-06-30,0.33752134718403326,0.6705036102887973
2010-07-01,-3.8878885924842344,0.15760364416692596
2010-07-02,1.2312786265651354,-0.8004230839659954
2010-07-06,-1.6851426232847189,0.8201297128175078
2010-07-07,1.0416771036919847,-1.1778977170568972
2010-07-08,-0.4426705679849263,-0.6392952711109956
2010-07-09,0.9763642764658798,-0.5728216859457902
2010-07-12,-0.8655160400421025,-0.04035260205146329
2010-07-13,0.8655160400421025,-0.8608018219004698
2010-07-14,-0.05070359076375652,1.001810638720002
2010-07-15,-0.0591888512841976,0.9918738585998454
2010-07-16,-1.3282487126808462,0.48729978190928946
2010-07-19,-0.808950027487576,-0.616975380304563
2010-07-20,0.7918090681685364,0.14964758980804405
2010-07-21,-0.6881773841044492,1.6801861570741927
2010-07-22,0.8680404641995487,-1.1632915690061196
2010-07-23,-0.6610921544710102,-1.066650595784857
2010-07-26,-0.4922074719322822,-0.17046500157169575
2010-07-27,-1.7552688498184033,-0.9685124225392805
2010-07-28,0.23757910068713528,0.32390711434135966
2010-07-29,0.44723373261952304,-0.03036517696815011
2010-07-30,1.0444841709822406,1.544543790521935
2010-08-02,0.04328706471268262,-1.413746866233545
2010-08-03,0.3887163799397797,0.5755212336028492
2010-08-04,0.6273952596501431,-0.7681506474658484
2010-08-05,0.2225094038606379,0.4656633843453939
2010-08-06,0.7324732365885822,1.084801404507374
2010-08-09,-0.37408206861497817,-0.37030468043477427
2010-08-10,0.2806975212677365,0.21033292356316124
2010-08-11,-0.33182233156114904,1.331815984541329
2010-08-12,1.2113149233667464,-0.24708085101998734
2010-08-13,-0.025261067028914397,1.2395104338593477
2010-08-16,0.8303024914577684,2.4718824623239044
2010-08-17,0.01670005247422779,-0.5739127875064476
2010-08-18,0.39171714739012486,0.26814967170949444
2010-08-19,0.14130601122221975,1.5473512151591429
2010-08-20,-0.3494746175242369,-0.11305132610415214
2010-08-23,-0.15850050567998153,0.01879811451193092
2010-08-24,0.4830540187787946,1.5901911677819847
2010-08-25,0.8274083236647023,-0.32528571794809835
2010-08-26,-0.33014352071623065,0.935855060102142
2010-08-27,0.041329960092006957,-2.872447838894754
2010-08-30,-0.08267069892493595,1.8992428161206831
2010-08-31,0.9630085060907234,1.102251544740973
2010-09-01,-0.3199735123743608,-2.089320407771744
2010-09-02,0.4918433276591472,-1.062262296257277
2010-09-03,-0.3522430858827086,-1.2471880581612638
2010-09-07,0.6869477016185677,2.0259914178781813
2010-09-08,0.008151368239062151,-0.7978703795529007
2010-09-09,-0.9415892562922856,-1.9937786248112488
2010-09-10,0.13975570337532162,-0.45832983133831107
2010-09-13,-0.09040527231123363,0.48750484028374785
2010-09-14,1.954136357877978,0.9582379244307937
2010-09-15,-0.06452186217993372,-1.4946102187270327
2010-09-16,0.5551728568144121,-0.9924355116246453
2010-09-17,-0.07223690048192566,0.40412057771348486
2010-09-20,0.2646261327007515,0.5784919093403396
2010-09-21,0.9088067711881642,1.3791421868616816
2010-09-22,0.15066400907297606,0.8929547218450296
2010-09-23,0.07921275940185879,0.2864082494194342
2010-09-24,0.3083123365456686,-1.3531095516458258
2010-09-27,0.023676081451817765,1.7241648799140918
2010-09-28,0.8877752103090941,0.6814522432470049
2010-09-29,0.07818489523421235,-0.41593427037209807
2010-09-30,-0.03126185129609382,-0.06629646767359887
2010-10-01,0.778759462161549,-0.4843970397749864
2010-10-04,-0.3496890769369543,0.2577190719595279
2010-10-05,1.950340225140046,-0.6025253740086889
2010-10-06,0.6240446856903503,1.2488135018369206
2010-10-07,-1.0984948981022313,-0.8371731805574711
2010-10-08,0.9846345633437892,-0.4403994057619265
2010-10-11,0.47735618685287307,0.019181243767452116
2010-10-12,-0.24975344847284475,-0.9930068394116809
2010-10-13,1.5863209004852052,-0.15510971259091733
2010-10-14,0.505910354582717,-1.5057000198604342
2010-10-15,-0.7972380291159098,-1.2291291160447138
2010-10-18,0.4478333523157296,0.8046185169535036
2010-10-19,-3.1546911814677614,0.601680656345227
2010-10-20,0.9256897200788039,0.2160302409012438
2010-10-21,-1.4187944908196748,-1.1944320839195832
2010-10-22,0.20061311504173673,0.6730371476603381
2010-10-25,0.859634097185058,0.28571411212192643
2010-10-26,0.022923454070244986,-1.5562482315071513
2010-10-27,-1.0445567805728473,-0.882991041680814
2010-10-28,1.3192407592507394,0.2716524492624828
2010-10-29,1.0460109173882515,0.9304857310917569
2010-11-01,-0.5292194751345569,-0.4315414363131431
2010-11-02,0.4311547969696683,1.3057871825253642
2010-11-03,-0.6968127295408522,-2.0610751143745887
2010-11-04,3.333635562596715,0.7753998693503128
2010-11-05,0.25697022239414835,-1.7302212933520522
2010-11-08,1.0213058409749287,0.44807005849607506
2010-11-09,-1.6022601839731365,-2.229557765610135
2010-11-10,1.209565855069794,0.13507346395353892
2010-11-11,0.30556455565671214,-0.05198414622160641
2010-11-12,-2.926319831605717,-0.5412538178179105
2010-11-15,-0.9545029587656906,-2.1095994673065555
2010-11-16,-1.1010377007280248,2.453350163621515
2010-11-17,-0.4514997714772484,-0.5526739581433127
2010-11-18,1.3030179764403904,0.4070564279227362
2010-11-19,0.08324236217625014,0.6127203932858372
2010-11-22,0.9635717541740085,0.423512886107158
2010-11-23,0.6943235453942265,0.4936298070682632
2010-11-24,-0.17127297791521556,-1.8010106601854758
2010-11-26,-0.8006268905469405,1.3795815059252092
2010-11-29,0.3000481613542938,0.8513593264298791
2010-11-30,1.4204706278409418,0.5196647944000432
2010-12-01,-0.029537138827784304,-2.2480086647583164
2010-12-02,-0.1330534111229298,-0.26105021188049804
2010-12-03,2.100571493850989,-0.7873143184425224
2010-12-06,0.7504135483825003,1.402289222455444
2010-12-07,-1.8940376834010841,-2.163979685263495
2010-12-08,-1.2606652684668873,-0.9709985102711371
2010-12-09,0.42937721872258194,0.49199774900996474
2010-12-10,0.02955059117617509,-0.6099588730201333
2010-12-13,0.4715247621071228,0.37498146924148656
2010-12-14,0.09549986110490849,-1.465248438592326
2010-12-15,-1.0927425511095379,-1.3109449087212788
2010-12-16,-0.6629195688780953,0.6903910227103793
2010-12-17,0.29103367256331225,1.807313190625237
2010-12-20,0.6758064192099233,-0.10730537851699751
2010-12-21,0.15531320483725963,0.695504786590373
2010-12-22,-0.1997295201813465,-0.7170139222713701
2010-12-23,-0.2891992523506026,-0.2041962176765999
2010-12-27,0.2669836944532378,0.8891652178558473
2010-12-28,1.61625389018063,-1.977898357488339
2010-12-29,0.3564587333997338,1.6778214719829876
2010-12-30,-0.4950202442880247,-0.07515854978361602
2010-12-31,1.2257650782176555,1.1003879985766574
2011-01-03,-0.5203836674789741,-0.7572833417511582
2011-01-04,-2.3832475368098294,0.11769740639477888
2011-01-05,-0.2824057240350619,-2.227371788089716
2011-01-06,-0.4026801058528484,0.4363995374781382
2011-01-07,-0.18697884851865965,0.5320397960000278
2011-01-10,0.4034322186689643,0.5398956542424393
2011-01-11,0.5873031403827333,-0.5615975990792776
2011-01-12,0.40685267546649584,-0.7828305859712614
2011-01-13,-1.0463555902437527,0.8911850304028412
2011-01-14,-1.019728850011692,-0.6403947090869444
2011-01-18,0.5561341914814832,-0.46932167870457064
2011-01-19,0.21711298182145455,0.7193887598161197
2011-01-20,-1.9025217431059005,-1.3890074291058596
2011-01-21,-0.12965579493560142,0.7898960460374305
2011-01-24,-0.5126436648875909,0.0436353728786365
2011-01-25,-0.19964262189162696,0.945803638165188
2011-01-26,0.81145474648876,-1.5263490291629545
2011-01-27,-2.4934738182944116,0.44942124971223407
2011-01-28,1.8202729323755662,0.5235321062210474
2011-01-31,-0.31520585138853363,-0.7644039321795582
2011-02-01,0.7135549830275423,-0.496311825553164
2011-02-02,-0.2679474165923068,0.022153028127025465
2011-02-03,1.3325916144527383,-0.8325538206992888
2011-02-04,-0.4093034478557023,-1.0194232718991003
2011-02-07,0.0151811452785644,0.5167050003151097
2011-02-08,1.1026520280860375,-0.9228401590283042
2011-02-09,-0.05258409922781482,0.8668021547300064
2011-02-10,-0.16546424472636545,-1.1611789188351374
2011-02-11,-0.3997431521033157,1.4297574400177204
2011-02-14,0.4749808107153086,0.06710738884816436
2011-02-15,0.7642808665807799,0.4457681191983198
2011-02-16,0.09699324016301247,-0.3230302725698131
2011-02-17,0.6985145327737641,0.15614980321592142
2011-02-18,0.27362589093060663,-0.3124520938587061
2011-02-22,0.6477679138460424,1.4863445559683441
2011-02-23,0.8911682609680227,0.3625773033746782
2011-02-24,-0.7518549348771941,0.6342671579874448
2011-02-25,0.6572791889415619,0.5869293306446366
2011-02-28,0.2036059244667321,0.12988821073109946
2011-03-01,1.7069773077460937,0.28952469050631535
2011-03-02,-0.07858590263394305,-1.549272114095146
2011-03-03,-1.3165197646375582,-0.983380983997062
2011-03-04,0.9083177750322413,0.8293231786785427
2011-03-07,0.26516309475601574,-0.6406800478423236
2011-03-08,-0.25799111915452144,-0.6114730572732263
2011-03-09,0.03587405497560425,0.9654956878339505
2011-03-10,-1.1833598965568903,1.664681970557691
2011-03-11,0.32609684267885797,-0.5664378599390396
2011-03-14,0.4619608225729266,-0.04369206644767587
2011-03-15,-1.882799260593515,1.4859674478526763
2011-03-16,-0.02201664404459791,1.124188801861159
2011-03-17,0.5343855984730972,-0.7694833620502273
2011-03-18,1.0169288734283022,0.26789626662289123
2011-03-21,0.5549394715688827,-0.59025911449746
2011-03-22,-0.06470134817231354,0.3331526734618784
2011-03-23,0.9234421102418899,-0.12883919863391213
2011-03-24,-0.8012599220911021,-0.7547683087200774
2011-03-25,0.028722556033766722,-0.2492232579812459
2011-03-28,-0.5183605936138314,0.14099145824664205
2011-03-29,-0.23847279396553844,-0.7722966393841624
2011-03-30,0.33226803681456474,0.7938662806820318
2011-03-31,0.8544930078369539,-0.2059147965606023
2011-04-01,-0.4730200662966588,0.4848812434182115
2011-04-04,0.45871597426003774,0.1084747126648189
2011-04-05,1.5680244064512294,-0.4017043314005875
2011-04-06,0.23204441860720237,-1.512739395889895
2011-04-07,0.09125601693487084,-0.19901954794301346
2011-04-08,0.803728799885306,-0.5326029656498754
2011-04-11,-0.7125452862238646,0.08907435974041533
2011-04-12,-0.7247164730864064,1.0723818281838327
2011-04-13,0.2045736608144999,0.6249042779439051
2011-04-14,1.3370425768477467,-0.07656232802011331
2011-04-15,0.8585564685085423,1.3471736175521443
2011-04-18,0.6048472882944189,0.22631833100055232
2011-04-19,0.0,0.42976486324501906
2011-04-20,0.3898423967414466,-0.6453073660003028
2011-04-21,0.16369222633993985,-0.08640255898093585
2011-04-25,0.08854577994359403,0.37726873912857783
2011-04-26,-0.3341794989776048,0.963699586004374
2011-04-27,1.908165378533777,-1.028190347826019
2011-04-28,0.41469550910058217,0.761303300595717
2011-04-29,1.6877119028976928,0.30946022474465096
2011-05-02,-1.2946818420867423,0.1603158921878567
2011-05-03,-0.352991651100254,0.564293274420713
2011-05-04,-1.4448752090856054,0.44510738910510383
2011-05-05,-2.9260291794056315,0.9469436017318422
2011-05-06,1.2674628960668066,-0.44075681673243494
2011-05-09,1.4213726890232259,-0.1053342382590472
2011-05-10,0.3522009979278984,-0.718575324087567
2011-05-11,-0.9237945533017822,0.571096730813192
2011-05-12,0.034116640407155785,-0.6347011066219821
2011-05-13,-0.6570357296572737,0.8980034749740184
2011-05-16,-0.17870091740066485,0.5558617192278348
2011-05-17,-0.43431154594504306,1.0197511446374818
2011-05-18,0.592411029241191,-1.334048700926438
2011-05-19,0.0343263817748074,-0.041954718284831216
2011-05-20,1.2553972615642728,0.05248472348959865
2011-05-23,0.2302563183491202,0.4814430827960514
2011-05-24,0.5127833323306241,0.37512549239755444
2011-05-25,-0.0067264575167591545,-0.4691468338075211
2011-05-26,-0.2425881288391274,0.8532945704226691
2011-05-27,0.993560628079404,-0.04145094458438692
2011-05-31,-0.04008656386123022,0.22778584333034146
2011-06-01,0.1802733051796679,1.3424379593537594
2011-06-02,-0.2738745622201222,-1.9233185867604696
2011-06-03,0.48045015532265367,0.5725437107226838
2011-06-06,0.17292622165889782,-0.7607080147735701
2011-06-07,-0.039878737524734476,0.4593396545975459
2011-06-08,-0.406356099270333,0.7777157151616976
2011-06-09,0.4993851388959136,-0.40362203556334464
2011-06-10,-0.8805874461023322,0.7645943280783385
2011-06-13,-0.9898745332088232,-0.5056623263687499
2011-06-14,0.6072032480569867,-1.5221455977842524
2011-06-15,0.3022245884074515,1.8011660128419038
2011-06-16,-0.1006366607308351,0.45290178528958336
2011-06-17,0.6490278771680735,-0.47358742371548246
2011-06-20,0.060003560505794695,0.12375214068027773
2011-06-21,0.48538659999231015,-0.4441926724444656
2011-06-22,0.15245138749051534,0.06210575513243555
2011-06-23,-1.7706734216213604,0.7627194856149266
2011-06-24,-1.4121089335866976,-0.42181070157010225
2011-06-27,-0.36302570573196746,-1.3809435692505367
2011-06-28,0.34935800405468953,-0.8083415599081434
2011-06-29,0.6407132466265786,-0.666232418348045
2011-06-30,-0.8049656026432928,-0.15921886204397495
2011-07-01,-0.7355805010162975,-0.16011805792581768
2011-07-05,1.8458359922485457,0.22397705922951872
2011-07-06,0.8632944574224588,0.5103426320700599
2011-07-07,0.16103488438776736,-0.29732870139760337
2011-07-08,0.734810337655567,1.4043360994968168
2011-07-11,0.887891039862243,1.4883306000721852
2011-07-12,0.7754066530314851,0.3403277917443326
2011-07-13,0.8927726045871331,0.27762223606151437
2011-07-14,0.25916426711081186,-1.4374379240587487
2011-07-15,0.42616690244967614,0.16649756677944438
2011-07-18,0.8788653016896575,-0.9716869693452423
2011-07-19,-1.2274058243285424,2.0576157171332987
2011-07-20,0.8755048684884414,-1.1899063256820774
2011-07-21,-0.7656478889253471,-0.773285975643212
2011-07-22,0.8297158381419756,0.7524762820127151
2011-07-25,0.7784134589571501,-1.0992049102929613
2011-07-26,0.27292577237112425,0.681882483443097
2011-07-27,-0.36830230779658635,0.01041280955780266
2011-07-28,0.08267138480819725,0.375656991931006
2011-07-29,0.6146757162874827,1.9593698014737981
2011-08-01,-0.360743453355461,1.004284818548129
2011-08-02,2.3807683707061322,2.958442996787536
2011-08-03,-0.018574519969138947,0.19675332433184423
2011-08-04,-0.5277422552616429,3.496262615654011
2011-08-05,0.6886100677145457,-2.927795761868257
2011-08-08,3.2660154649896356,3.1079467412426176
2011-08-09,0.8876271378883693,0.3027392319746802
2011-08-10,3.479474038575514,2.9319140685180933
2011-08-11,-2.2182601344646002,-5.176615514746619
2011-08-12,-0.457854037976535,1.9609340577480872
2011-08-15,1.070906924245385,-1.0186995486797024
2011-08-16,1.2264385531167932,1.6419822806230222
2011-08-17,0.2870760456120891,1.7356937404056083
2011-08-18,1.874311163551834,2.033091007736143
2011-08-19,1.2469732629723396,0.8035020743749399
2011-08-22,2.5458112015236622,-0.2521220026455495
2011-08-23,-3.820924283947136,-1.388963571001156
2011-08-24,-3.447040239609578,-2.8841682532831037
2011-08-25,0.4127831942993154,1.076178568204167
2011-08-26,2.921627113605574,0.9818666201087289
2011-08-29,-2.0378675540845492,-1.3922571146586904
2011-08-30,2.952143126148865,1.5948838315823721
2011-08-31,-0.7735058209084933,-1.557486446851808
2011-09-01,0.08436339994108977,2.097630662474348
2011-09-02,2.9743880060709493,3.1969629200496286
2011-09-06,-0.18572769704761072,1.0345602382212604
2011-09-07,-3.233790382183077,-1.927314835870586
2011-09-08,2.6360554098634026,0.8927545976493256
2011-09-09,-0.6123991593192102,1.0609123824777633
2011-09-12,-2.2554605449326637,0.10538941909894461
2011-09-13,1.0529052886616874,-1.4333106612744118
2011-09-14,-0.7477120273184923,0.8430079355523645
2011-09-15,-1.5984031396099496,-1.5405757805953435
2011-09-16,0.930295164559336,0.7243059302724397
2011-09-19,-1.557254374889805,1.888648724090114
2011-09-20,1.415132181765344,0.4187711999616539
2011-09-21,-1.2537030407862915,3.2548388179567844
2011-09-22,-2.650162857784988,3.6897076189053024
2011-09-23,-5.6271494776759745,-1.8774691999551507
2011-09-26,-1.3989774992148263,-1.6185445094386353
2011-09-27,1.9170336530176968,-1.5427409227500632
2011-09-28,-2.7838335971409833,-0.034125840269716434
2011-09-29,0.9429196621174363,0.6896886641325928
2011-09-30,0.22802177134311208,2.4808666751169106
2011-10-03,1.8181236292018177,2.7148646105064067
2011-10-04,-2.084198016777883,-1.2761420589000316
2011-10-05,1.147920072312214,-0.722502384012369
2011-10-06,0.643852038239956,-1.8630486740695673
2011-10-07,-0.8196078194995238,-0.7414873320056081
2011-10-10,2.536970694062113,-1.4224113860587195
2011-10-11,-0.7191831911733892,-0.3352036365534161
2011-10-12,0.713052198207631,-1.4652898111217283
2011-10-13,-0.5897495052749946,0.9907905627445146
2011-10-14,0.6754651748948959,-1.4635514208131362
2011-10-17,-0.4784984318898289,1.7139786758501252
2011-10-18,-0.4807990522259331,-0.6229209047099005
2011-10-19,-1.2247215797120958,-0.034790089008129854
2011-10-20,-1.3222651084731751,-0.7146451530988251
2011-10-21,1.1031029647083912,-1.0639139737158132
2011-10-24,0.9359274408804019,0.16782689816672303
2011-10-25,2.7986224133307758,2.5097737852472157
2011-10-26,1.087129005583698,-1.7624797110543433
2011-10-27,1.2761764976101375,-3.448387817638565
2011-10-28,0.04127255759716064,1.0461659705373272
2011-10-31,-1.3532963163571665,3.888924949349626
2011-11-01,0.023905679353752873,3.2926167158390918
2011-11-02,0.9986961282971052,-1.255243318620547
2011-11-03,1.5611583405325646,-1.38280658252663
2011-11-04,-0.5079236179331481,0.12021189230910778
2011-11-07,2.3885642975553623,0.6333239838279603
2011-11-08,-0.8321169193389544,-1.2878686893189162
2011-11-09,-0.8449074737466589,2.0527126804932294
2011-11-10,-0.5419481906887569,-1.5012579517505564
2011-11-11,1.6343494900231015,-0.6120160230373095
2011-11-14,-0.43784478152666395,1.5954862721429208
2011-11-15,0.09233822403347247,-0.13624848176663207
2011-11-16,-1.0728818833075415,0.9076961174129927
2011-11-17,-2.6049069788271595,0.7990202460389284
2011-11-18,0.31070114130358206,-0.025155411532029603
2011-11-21,-2.4886493203201354,0.5932243864879005
2011-11-22,1.1009493958958672,1.1099973402232344
2011-11-23,-0.2907833444255381,0.9755854646667395
2011-11-25,-0.8713505779326169,-1.4627936567440436
2011-11-28,1.9574669781167842,-0.0496648153368362
2011-11-29,0.14992056580318547,-0.8233452924962137
2011-11-30,1.9287858882639952,-1.5739088520288824
2011-12-01,-0.29432561018172265,-0.5030321498394663
2011-12-02,0.11194724078151808,1.3920398902963704
2011-12-05,-1.4830905352806845,-0.2025647134701103
2011-12-06,0.5126600507155743,-0.958946170620667
2011-12-07,0.722795533288334,0.3574673298356146
2011-12-08,-2.039547275827136,1.2413724363548262
2011-12-09,0.25272182778426355,-2.077504712527123
2011-12-12,-2.685985286476722,1.1077028364334218
2011-12-13,-2.2095571965698113,0.927781444362541
2011-12-14,-3.572036229643505,1.8714280734135613
2011-12-15,-0.36694724115005073,-0.3714905489569098
2011-12-16,1.8858628346003492,1.159385886064701
2011-12-19,-0.2321836715305281,1.25921358186174
2011-12-20,1.3532357682449536,-2.526122517578422
2011-12-21,0.11460365099758008,-1.4007234838048
2011-12-22,-0.7152076380172012,0.41885829899346305
2011-12-23,0.17288576765004393,-1.1183029788198517
2011-12-27,-0.8996872529867694,0.4739136657412324
2011-12-28,-2.536584226278027,1.8320521214541863
2011-12-29,-0.45791131052563827,0.18216449828978298
2011-12-30,1.0915393959511022,0.3221994944418327
2012-01-03,2.5528278105769076,-1.5125186282988423
2012-01-04,0.5053962921992117,-1.196001877577313
2012-01-05,0.6804643552456469,-0.1781262714759535
2012-01-06,-0.3682789348313342,0.7863479202432799
2012-01-09,-0.44628506016808345,-0.17699747554944523
2012-01-10,1.358147038393298,-0.16894501203168488
2012-01-11,0.6471693519725541,1.2931721184466838
2012-01-12,0.44368559402867547,-0.14189130720145826
2012-01-13,-0.7007977486654937,0.9893458424192758
2012-01-17,0.7755890232572504,0.46216205992033466
2012-01-18,0.6830241286203353,-1.2178718033562852
2012-01-19,-0.23542844291579712,-1.3849169102285508
2012-01-20,0.5258486434611243,-1.1389046676447023
2012-01-23,0.670295103252716,-0.6346603684898255
2012-01-24,-0.7073309078254653,0.18052443707743393
2012-01-25,2.685667465367203,-0.2407457742086727
2012-01-26,0.5094596396547857,1.3169287708327815
2012-01-27,1.011189273071711,0.31382274936406773
2012-01-30,-0.5578663971878228,1.1703215099808872
2012-01-31,0.7588812095341346,1.1484523991322604
2012-02-01,0.14754923655564411,-1.152060171752023
2012-02-02,0.874909717897765,-0.0419960936735464
2012-02-03,-2.0137109848909596,-2.172277544479595
2012-02-06,-0.27477869553917955,0.9901848833398397
2012-02-07,1.4961121796296162,-1.2479745360674421
2012-02-08,-0.7096404464512318,0.07742706573230507
2012-02-09,-0.2852704427427355,-0.7504766568382948
2012-02-10,-0.5251264443437265,1.2904756620888413
2012-02-13,0.22112372609912612,0.12814116020187782
2012-02-14,-0.23309301516363234,0.5278741073373894
2012-02-15,0.5906442644728394,-0.17849997178505106
2012-02-16,-0.06545512723761249,-0.8029047604241946
2012-02-17,-0.3876515274363612,-0.025669594709487598
2012-02-21,2.1693069581143476,-1.112715794261021
2012-02-22,1.1164193939316114,1.2498342392793127
2012-02-23,0.04624917963242936,0.0
2012-02-24,-0.45764514047412774,0.6489349831868552
2012-02-27,-0.3082017911286705,0.8812247328100042
2012-02-28,1.0371242371298273,-0.3295523056896066
2012-02-29,-5.448687444865641,-0.6112686359983854
2012-03-01,1.4022637552039363,-0.9458757046914457
2012-03-02,-0.16218911795986557,0.9347461190119866
2012-03-05,-0.4156772524682495,-0.7969972782465362
2012-03-06,-1.796909643202138,1.205911182263275
2012-03-07,0.5699815813343889,-0.6139755316239892
2012-03-08,1.0033186704287544,-1.0058402834379088
2012-03-09,0.663336021743266,0.1985691838167547
2012-03-12,-0.7904687473264893,-0.017274463545380314
2012-03-13,-1.6923177406092726,-1.7750606494151278
2012-03-14,-1.6963750001679045,-2.551772222913229
2012-03-15,0.9418404028558314,0.15294297056520634
2012-03-16,0.13648567003103906,0.19765627898751248
2012-03-19,0.17962362702599322,-1.2007378124998525
2012-03-20,-0.907622449399792,0.39884511748349283
2012-03-21,0.04994807381013544,1.1244578522568993
2012-03-22,-0.4002753243232071,0.32149789872155665
2012-03-23,1.220813304647983,0.940745109779062
2012-03-26,1.7611569127534032,-0.5136794578374904
2012-03-27,-0.7080901307620735,0.7166220802412582
2012-03-28,-1.065451794932315,-0.14111701101020557
2012-03-29,-0.14250489249674203,0.7475347053859771
2012-03-30,0.5194794327439745,-1.705577506586664
2012-04-02,0.5045278224364402,0.5525372460014388
2012-04-03,-1.8895974885956512,-1.7480734372354867
2012-04-04,-1.6903541070223405,1.365174832909144
2012-04-05,0.697258675422141,0.720033813125287
2012-04-09,0.6673391569320231,2.311232342701164
2012-04-10,1.0796815836105367,1.1273304680940122
2012-04-11,-0.018622949457292037,-1.205301331711528
2012-04-12,1.0068896893171697,-0.4165423814632696
2012-04-13,-1.1435703837607392,1.6046682386528843
2012-04-16,-0.24275594635376763,-0.1455476287109292
2012-04-17,-0.13096363661055932,-0.06000830205019625
2012-04-18,-0.5883121540853686,0.29114451262044483
2012-04-19,0.07529342193191013,0.09407442268063448
2012-04-20,0.06897239210807982,0.01700074770925042
2012-04-23,-0.29502294460597156,0.7234446626023683
2012-04-24,0.1444833119036204,-0.7063604797945544
2012-04-25,0.2006723784330866,-0.5137319103393878
2012-04-26,0.8794715591677438,0.5990803209997786
2012-04-27,0.21711872276650723,0.08537138217024065
2012-04-30,0.3093487493850411,0.025572319611377736
2012-05-01,-0.3465334763856909,-0.5200060512557059
2012-05-02,-0.45355051376629874,0.7018203183894123
2012-05-03,-1.0138997417698192,-0.025630998625381096
2012-05-04,0.31403115630244116,0.7818587971518909
2012-05-07,-0.2448592564865848,0.016869653330697787
2012-05-08,-1.9551224600228956,0.5317487437314306
2012-05-09,-0.9856096620851851,0.0673847579533593
2012-05-10,0.19402609012093563,-0.2948877180405596
2012-05-11,-0.7848817296009614,0.8234591061882846
2012-05-14,-1.4628459435203744,1.387804896921807
2012-05-15,-1.0562401311462466,0.40354467122654114
2012-05-16,-0.18716500642463885,0.2873061933208909
2012-05-17,2.21010532816841,1.7548464197316704
2012-05-18,1.138779161955572,0.024142431803220177
2012-05-21,0.06467713402269482,-0.2095367778710333
2012-05-22,-1.6757749444190395,-1.1197156465334146
2012-05-23,-0.3029351796368651,0.6911590724222094
2012-05-24,-0.13859452168922815,-0.3815606519759207
2012-05-25,0.8352766698997982,0.37346230977108874
2012-05-29,-1.0931873240010326,-0.3084152399114082
2012-05-30,0.5875957660694375,2.5045474869852313
2012-05-31,-0.19109059027897501,1.1508730617984853
2012-06-01,3.804809984180757,2.346226749568636
2012-06-04,-0.11434641458967221,-0.7932552011588712
2012-06-05,-0.1144870256241326,-1.346678871045004
2012-06-06,0.04454100462343291,-2.0186960374351415
2012-06-07,-1.7388437571983495,0.15175594314689178
2012-06-08,0.14875385514176998,-0.02387472299609783
2012-06-11,0.40633735824240347,0.4541857141857619
2012-06-12,0.7055420696368664,-0.9185173480957154
2012-06-13,0.4209384361180568,0.9820628863511871
2012-06-14,0.40016878921314003,-0.1271937456235328
2012-06-15,0.05703370916343431,0.5553893889076456
2012-06-18,0.05700119926439484,0.5364776524328541
2012-06-19,-0.488743251355217,-1.314857272825698
2012-06-20,-0.760072910178966,0.49308715289573257
2012-06-21,-2.5651569647767936,0.5302151166070246
2012-06-22,0.4070084458850154,-1.342784840810296
2012-06-25,0.7310705795067207,1.4453445155767852
2012-06-26,-0.7441769628189654,-0.3949760571535954
2012-06-27,0.13750646525156895,0.15811582957274695
2012-06-28,-1.171527648442705,0.2447227040569544
2012-06-29,2.703926037894977,-1.309308599399106
2012-07-02,-0.06446184566977209,1.0264968378941752
2012-07-03,1.5165930436317865,-0.7714617892194298
2012-07-05,-1.1368929003809924,0.5096868291746937
2012-07-06,-1.2734817475435811,0.9250625288356851
2012-07-09,0.21445114458558123,0.8776063491763075
2012-07-10,-1.2345429133628905,0.202682256411979
2012-07-11,0.5505759456807979,0.12446627302136193
2012-07-12,-0.26180337806911425,0.7050881650453533
2012-07-13,1.0106714486149748,-0.2628120139292811
2012-07-16,0.04540770166103769,0.4633719707027417
2012-07-17,-0.4810237265714612,-0.7891350990301582
2012-07-18,-0.27404308099869823,0.05443833230538431
2012-07-19,0.2153848840419137,-0.25652806616376367
2012-07-20,0.18888999802886275,1.2144782104059892
2012-07-23,-0.4173461525684985,0.5597457562882546
2012-07-24,0.31969069033825903,0.7843979166120896
2012-07-25,1.3907490755906693,0.2576537182517491
2012-07-26,0.7041420048144786,-0.9198203751468625
2012-07-27,0.48995613247813097,-1.9042614531183055
2012-07-30,-0.069848315538934,0.7444262791161727
2012-07-31,-0.5988723225470061,0.20065106584974401
2012-08-01,-0.866421414888574,-0.5011007748551677
2012-08-02,-0.6531497290067634,0.5652073292777615
2012-08-03,0.9170809124330326,-1.6268745245247906
2012-08-06,0.48100139896432026,0.039205656180030246
2012-08-07,-0.012799457656331725,-1.2949466712233182
2012-08-08,0.1278916607078351,-0.5338201387365515
2012-08-09,0.3253965059812458,-0.07198761945907961
2012-08-10,0.12094547976166936,0.5024830337347908
2012-08-13,-0.7599660994753066,-0.16720804334804384
2012-08-14,-0.5528431293767788,-1.3639680068605387
2012-08-15,0.32179200395558993,-1.4155989527286472
2012-08-16,0.5957880902347057,-0.8557375715873228
2012-08-17,0.10214739315967947,0.48636176102032636
2012-08-20,0.34396702075536467,0.20542288699330058
2012-08-21,0.9934007742547379,0.44211841066443824
2012-08-22,1.0708631507447386,1.6370186032816925
2012-08-23,0.8373997600347849,0.41714384168880514
2012-08-24,0.04940519516534181,-0.0961123779167572
2012-08-27,-0.37732430064041367,0.5831865217658105
2012-08-28,0.1733739005778112,0.23864264805073532
2012-08-29,-0.651712616497413,-0.4380037609488241
2012-08-30,-0.0435938254212509,0.5174367083600195
2012-08-31,2.278842769888989,1.4035498305718264
2012-09-04,0.15819565772519084,-0.10055583012311686
2012-09-05,-0.10340836860329716,-0.47232337701412774
2012-09-06,0.35237086061066236,-1.6790951631680429
2012-09-07,2.1301036576637067,-0.46658550583149605
2012-09-10,-0.6850824577862014,0.24165626198531243
2012-09-11,0.3639734521322602,-0.6294513457985929
2012-09-12,0.01191368766439993,-1.2542053910772566
2012-09-13,1.9987101882922964,-0.39424620044066216
2012-09-14,0.2856260822614587,-2.693660588315616
2012-09-17,-0.8182448737127146,1.1931625691742553
2012-09-18,0.7716671888582383,0.49993573781339506
2012-09-19,0.011648676464570684,0.6544307341806999
2012-09-20,-0.157340591988131,0.24743874986983272
2012-09-21,0.2853599361463566,0.11521895961017492
2012-09-24,-0.5306001406337302,0.7785078642294607
2012-09-25,-0.16382823469838215,0.9828976539290935
2012-09-26,-0.5637496337022263,1.069340708564237
2012-09-27,1.4789097981363852,-0.7143002790881425
2012-09-28,-0.2614514773052079,0.056368070220624844
2012-10-01,0.2324330786665385,0.3703559487417962
2012-10-02,-0.1103325893474505,-0.13665275160050783
2012-10-03,0.179964374603081,0.03216042378495487
2012-10-04,0.6936025341043539,-1.2549300453804868
2012-10-05,-0.5718789264474999,-1.3038346620299457
2012-10-08,-0.3307468523918722,0.8384225320849481
2012-10-09,-0.6180042594964519,-0.18031657415837898
2012-10-10,-0.08776828487819799,0.7027782886731337
2012-10-11,0.28057709614905946,0.6896710588153887
2012-10-12,-0.7381893897354885,0.25039449187120866
2012-10-15,-1.010611973949782,-0.2261020973777228
2012-10-16,0.6335646333618605,-1.3921269412180415
2012-10-17,0.07080193841471072,-0.930657764734466
2012-10-18,-0.4433548655383923,-0.6142518221058602
2012-10-19,-1.0841136052605727,1.3479306004944291
2012-10-22,0.3646697239813257,-0.6427280065220309
2012-10-23,-1.291275976649242,1.4200861102196427
2012-10-24,-0.3451467757775717,-0.991132975692377
2012-10-25,0.7011656174181979,-0.5116847702772986
2012-10-26,-0.054232022722366935,1.4620392410990668
2012-10-31,0.540937230887284,0.5853623194433055
2012-11-01,-0.45659105212916273,-0.8220738401185201
2012-11-02,-2.1116195671156746,-0.07362098543204354
2012-11-05,0.38669883407536076,0.5627797849023786
2012-11-06,1.863318155834115,-0.9478923432626019
2012-11-07,0.1141876000917641,1.798287260735254
2012-11-08,0.8969205970755567,1.4729776752460566
2012-11-09,-0.10124664362507474,0.11120542264695388
2012-11-12,-0.22072390699001687,0.16654146130896663
2012-11-13,-0.20923088878497254,0.332261899561459
2012-11-14,0.023930879407796368,0.0948020343511935
2012-11-15,-0.6301992859589767,-0.19754732585006707
2012-11-16,-0.12651232479692354,-0.08698846162609186
2012-11-19,1.1925176433462248,-0.5633774102010491
2012-11-20,-0.28634257792106155,-1.0078305852543323
2012-11-21,0.10150660402494793,-0.05619540172840942
2012-11-23,1.2160205973812843,-0.09665076526523819
2012-11-26,-0.10618685408747552,0.47382154490627215
2012-11-27,-0.42585145282361125,0.39195633748310144
2012-11-28,-1.2885721450134113,-0.1437753021576782
2012-11-29,0.3775449497570804,0.015993120777046954
2012-11-30,-0.6782066259329866,-0.27213380424404576
2012-12-03,0.048167758860007126,0.0923497945273688
2012-12-04,-1.0346525202362677,0.5758267577332887
2012-12-05,-0.18262807650328838,-0.047850292787909865
2012-12-06,0.23127323829195134,0.21524755199049395
2012-12-07,0.40041529855638913,-0.9279467249592166
2012-12-10,0.3867537916463881,0.44106105384376093
2012-12-11,-0.09051692074031337,-0.7630192894941601
2012-12-12,0.07242193101495431,-1.167750256556932
2012-12-13,-0.8481356697993547,0.07332381724403092
2012-12-14,-0.14611280186986875,0.7470912647286276
2012-12-17,0.18869503829597178,-1.5080756113543536
2012-12-18,-1.4455725078867054,-1.0236590508163168
2012-12-19,-0.24091149465750306,0.3313284990970722
2012-12-20,-1.2196073797179352,0.01650699235913322
2012-12-21,0.3749339567436394,1.0857162123547148
2012-12-24,0.18070937392540287,-0.18015270153206586
2012-12-26,0.09956669468955681,0.3590870269163382
2012-12-27,0.2360719739152195,0.33495197371928853
2012-12-28,-0.3854592163680337,0.569283341287008
2012-12-31,0.9176719889400609,-1.7424342160677675
2013-01-02,0.7072780108913435,-1.3459046961076027
2013-01-03,-1.2146779740191072,-1.3642573459295093
2013-01-04,-0.4725755022232825,0.38930632491638306
2013-01-07,-0.6315147639550212,0.04224944612785109
2013-01-08,0.7062780803268609,0.6563257216694041
2013-01-09,-0.04360197219952511,-0.09230455486868294
2013-01-10,0.9241174883853454,-0.2774259761390674
2013-01-11,-0.5695893235337479,0.8883891725588455
2013-01-14,0.2975797243476741,-0.2757246039288397
2013-01-15,0.6294400919113485,0.45906132093556096
2013-01-16,0.055346602227857034,0.20806303844622676
2013-01-17,0.42945600178265764,-1.0023629518727262
2013-01-18,-0.159300219743308,0.7693514253037215
2013-01-22,0.3550021116017099,0.19142802897391675
2013-01-23,-0.28144380313381845,-0.14981083537843887
2013-01-24,-1.1028103746167695,-0.3503508585185777
2013-01-25,-0.47816049835684993,-1.379877031136978
2013-01-28,-0.22434148172019164,-0.3650002119545803
2013-01-29,0.43576526233159996,-0.554234845571866
2013-01-30,0.742621717699965,-0.17116236491236947
2013-01-31,-0.6122691411325043,0.4870462385799357
2013-02-01,0.15496671610710777,-1.3070288663258545
2013-02-04,0.34008569302850233,1.272873133075425
2013-02-05,-0.024690261456417062,-0.8927291327527342
2013-02-06,0.26514131006232233,0.815744199680335
2013-02-07,-0.3392675486915131,-0.22257705400310357
2013-02-08,-0.16696396112383383,0.38491534795159765
2013-02-11,-1.1641494508639383,-0.07683451235385164
2013-02-12,0.11890388683575281,-0.24811547740979378
2013-02-13,-0.5267437597442637,-0.8170772127048309
2013-02-14,-0.44108258534540923,0.9027200869869745
2013-02-15,-1.6491485732013977,-0.2914193362043349
2013-02-19,-0.2764428009122355,-0.49911402853473064
2013-02-20,-2.5362374765629525,0.3015067361880952
2013-02-21,0.7761616845874286,0.5831208943818389
2013-02-22,0.22906918469711712,0.06837833729678167
2013-02-25,0.8916105586720846,1.9462874783862105
2013-02-26,1.2107340694240243,-0.5799061618795065
2013-02-27,-1.061816244744751,-0.29546544436520605
2013-02-28,-1.020919415626853,0.18579646226486446
2013-03-01,-0.36668293712533995,0.5431247200591294
2013-03-04,-0.09188120822605228,-0.5313484697309967
2013-03-05,0.052515314959933335,-0.28782290795117405
2013-03-06,0.5562599618897934,-0.9114498788173719
2013-03-07,-0.3530294522698263,-0.7731780442338909
2013-03-08,0.01310037451860424,-1.0489512045748661
2013-03-11,0.18318537547603597,0.09585084195453675
2013-03-12,0.7813028332346761,0.7200486144722795
2013-03-13,-0.34432307449767663,-0.10387468098862485
2013-03-14,0.01300775293699985,-0.3032477046613913
2013-03-15,0.20801316122227576,0.46758940257412007
2013-03-18,0.8921158533619078,0.7572735516594875
2013-03-19,0.4494947099121127,0.6750422086608587
2013-03-20,-0.4559370369457305,-1.1218281555288812
2013-03-21,0.56479509395988,0.9599473504233735
2013-03-22,-0.4490045653721353,0.07670121440037647
2013-03-25,-0.19949010771060927,-0.09381331053281983
2013-03-26,-0.3355302290943385,0.11937668017143466
2013-03-27,0.4127968876901811,0.8484438827756513
2013-03-28,-0.587460886592428,-0.5082374852330318
2013-04-01,0.14234036058695665,0.7504176413486441
2013-04-02,-1.4588376987558327,-0.4063134854808581
2013-04-03,-1.1215297746717923,0.8950062855458185
2013-04-04,-0.29234122040566746,1.1864337647079282
2013-04-05,1.6628587367167214,1.9984088863523652
2013-04-08,-0.42626807758514573,-0.7683108440804887
2013-04-09,0.7725031383894354,-0.2464413307126101
2013-04-10,-1.7034818641169736,-1.3831065016971067
2013-04-11,0.19880924290127666,0.1916396085176686
2013-04-12,-4.814493217824722,1.4788913129359926
2013-04-15,-9.190507457983799,0.865634660943293
2013-04-16,1.128333874421461,-0.8245784426227587
2013-04-17,0.05269098319828913,0.661817243347329
2013-04-18,1.0704956398210008,0.24403365379237485
2013-04-19,0.8674096350889116,-0.21141735187208965
2013-04-22,1.7778517935289173,0.07324965264805527
2013-04-23,-0.742407528265776,-0.3504876353209063
2013-04-24,1.0826556137055299,0.25281248084514374
2013-04-25,2.32868363089338,-0.4325726283436637
2013-04-26,-0.5096643006130996,0.9117928373350459
2013-04-29,0.9816111845741382,-0.3652795943183129
2013-04-30,0.3297447184859692,0.0569484097151296
2013-05-01,-1.1695241331580064,1.0219914331029756
2013-05-02,0.5723773264219467,-0.12910901965978994
2013-05-03,0.11971282175666786,-2.3859220918928337
2013-05-06,0.042216128304417566,-0.2483692312780228
2013-05-07,-1.2529729074763907,-0.39038181711035236
2013-05-08,1.470823959319656,0.1579289864572786
2013-05-09,-1.1649859087373926,-0.25786465538333303
2013-05-10,-0.863021254118923,-1.0804746752976158
2013-05-13,-0.8416504259273871,-0.7692571951606553
2013-05-14,-0.44888226191428515,-1.0921281904196611
2013-05-15,-2.334559591178653,0.6669213864942236
2013-05-16,-0.40191222788070746,1.0343593180459187
2013-05-17,-2.277960146905933,-1.2732347090700813
2013-05-20,3.043164885102456,-0.11968478109540825
2013-05-21,-1.6716734311615689,0.7837669760450083
2013-05-22,-0.7099209752431612,-1.496178191975872
2013-05-23,2.0034420891586358,0.4726861297188911
2013-05-24,-0.633460492114768,0.13700927108049044
2013-05-28,-0.20204984510572288,-2.5669081513522762
2013-05-29,0.9988129408434077,1.1181823159736481
2013-05-30,1.3773982178960864,-0.2435350318910956
2013-05-31,-2.0546128336998315,-0.34024053749170946
2013-06-03,1.9155238706458633,0.5285315072017127
2013-06-04,-0.9420830883637876,-0.9278131993406546
2013-06-05,0.21422615389319333,1.3710917856743166
2013-06-06,0.7425099325577555,-0.060649387966460466
2013-06-07,-2.4092192496150133,-1.8040751120926402
2013-06-10,0.49397874499197414,-0.4783669140080882
2013-06-11,-0.5164893663560655,1.1828443207935635
2013-06-12,0.7476670343019798,-1.4406701588267623
2013-06-13,-0.38060756896864945,1.5546305470196309
2013-06-14,0.5145905283358232,-0.23693346806368254
2013-06-17,-0.4921623736294123,-0.5284880712133955
2013-06-18,-1.2335615865618266,0.052968886019755246
2013-06-19,-1.172370719121929,-1.0382220191297975
2013-06-20,-5.501208351122244,-1.6548785537372268
2013-06-21,1.1663149049637056,-1.7103414994562804
2013-06-24,-0.899678918866087,0.41429241399457695
2013-06-25,-0.371867107297863,-0.8951638307057586
2013-06-26,-4.2943536802465765,0.6467401030946007
2013-06-27,-1.9981847694739763,1.017072381128603
2013-06-28,2.69746040479939,0.6814919302745359
2013-07-01,1.6816885336969456,0.20129466054665812
2013-07-02,-0.8955978266062203,-0.06345282149347042
2013-07-03,0.5731107587480189,-0.29956789913736515
2013-07-05,-2.219244107344842,-3.468181367229839
2013-07-08,1.195305315168227,0.9646279452796946
2013-07-09,0.9245063039677426,0.10245801675763389
2013-07-10,0.27320810310946797,-0.7852051584988473
2013-07-11,2.6837949821574725,1.1662270740413483
2013-07-12,-0.08857802448476448,-0.08357979986444164
2013-07-15,0.04027469930765193,0.5278106728932919
2013-07-16,0.570121659360634,0.34109930209567096
2013-07-17,-1.265074444459735,0.1839001215718561
2013-07-18,0.5579624197673105,-1.2571304746233913
2013-07-19,0.8831130466870896,1.5689267607001511
2013-07-22,2.9377940831470717,0.146449961027173
2013-07-23,0.6729945073880472,-0.42151677456132575
2013-07-24,-1.7341725231021954,-1.2753270559683116
2013-07-25,0.9291457084115606,-0.037160438312699995
2013-07-26,0.08545396647843262,0.6121892445980492
2013-07-29,-0.24100890856848523,-0.7332311772524136
2013-07-30,-0.2728136915658652,-0.037249739530320625
2013-07-31,-0.12495787031889805,0.3628017987103327
2013-08-01,-1.0606207573641058,-1.9456987404733006
2013-08-02,-0.1976519588740011,1.0949555254359922
2013-08-05,-0.5236889446046611,-0.7727712202362014
2013-08-06,-1.3858480621278702,0.2928214689275954
2013-08-07,0.14509135479645607,0.7424322552072482
2013-08-08,2.1593596772190082,0.27117164463623666
2013-08-09,0.0,0.15863475669037896
2013-08-12,1.7735565654739993,-0.682893913605831
2013-08-13,-1.082275526153964,-1.4561277725964494
2013-08-14,0.9815472951498982,0.15231870062839548
2013-08-15,2.063828989949723,-1.3596705188142266
2013-08-16,0.6735556363017814,-0.3477166799308762
2013-08-19,-0.4308614943246525,-0.8744540795413869
2013-08-20,0.33275569963091556,0.7679402727686302
2013-08-21,-0.28730521644417806,-1.1002759075114277
2013-08-22,0.5587376516652753,1.0131357033983157
2013-08-23,1.561420093950705,1.0797638167376888
2013-08-26,0.40688280316247827,0.4973120035452361
2013-08-27,0.9551895301497915,1.2516122575799038
2013-08-28,-0.029249824790511525,-0.8136115185530812
2013-08-29,-0.6163432755339038,0.7947293471373129
2013-08-30,-0.9242551987357572,-0.11309114878512716
2013-09-03,1.328239049289781,-1.420528635529017
2013-09-04,-1.2985238492023932,-0.22095273893887324
2013-09-05,-1.8437205979178195,-1.4042278799959007
2013-09-06,1.4642627040753808,0.49624738296589754
2013-09-09,-0.1790571518921702,0.048514055622472796
2013-09-10,-1.63376349454607,-0.7008664903167983
2013-09-11,-0.03037393323612747,0.8848985251519004
2013-09-12,-3.1077790087025825,-0.13559403838447892
2013-09-13,0.11742263444238787,0.38701749174689937
2013-09-16,-1.0776072852725527,-0.6684831138784375
2013-09-17,0.039535918570798856,0.8228570608348917
2013-09-18,4.263532751336552,1.2266930775393092
2013-09-19,-0.1971448259468822,-0.5922428168806171
2013-09-20,-2.9188479494947295,0.5255562388361668
2013-09-23,-0.3209239412731435,0.731189592441428
2013-09-24,0.0862040000545683,1.0728829126001038
2013-09-25,0.8812610259893106,0.20572073664544277
2013-09-26,-0.7794819989308088,-0.7031355087399938
2013-09-27,0.9191529856392044,0.2443535224244897
2013-09-30,-0.6144359705341884,-0.15024195888999614
2013-10-01,-2.8407152018487203,-0.3039111215421997
2013-10-02,1.9631079706306842,0.15118858534934887
2013-10-03,0.0944011615025886,-0.16066015407245615
2013-10-04,-0.5123983685185962,-0.07567192927036004
2013-10-07,0.873437207458938,0.40595169089785443
2013-10-08,-0.18820415130882395,0.028226712004641996
2013-10-09,-1.0177208307516672,-0.8037511998818303
2013-10-10,-1.469795600294077,0.16128427882859953
2013-10-11,-1.3529579748560394,-0.02851116792124131
2013-10-14,0.1874289402112872,-0.8092462788384047
2013-10-15,0.7300498898775487,-0.06686774096804626
2013-10-16,-0.15368016784753635,1.2452790500264932
2013-10-17,3.0923704639582716,0.9029123992390531
2013-10-18,-0.44834283018237997,0.2150586401694632
2013-10-21,0.10243461627261752,-0.3181267086902473
2013-10-22,1.8414947525612568,1.1091038664183372
2013-10-23,-0.5038137227834305,0.3885140351466809
2013-10-24,0.935844621349613,-0.3885140351466809
2013-10-25,0.43018411406920976,0.37003899817777963
2013-10-28,0.07661546853192647,-0.34223001247051243
2013-10-29,-0.6069186843828511,0.1296164265490063
2013-10-30,-0.13108546592706105,-0.6033335795477157
2013-10-31,-1.44558996030284,0.2138988574791334
2013-11-01,-0.6203647298539394,-1.0883112012753493
2013-11-04,-0.11034001172998131,0.09409706308929344
2013-11-05,-0.19733992654948906,-1.2020610736004578
2013-11-06,0.5044142185376188,0.047650469983739896
2013-11-07,-0.8209655231932622,0.8434814479361563
2013-11-08,-1.5013896979636954,-2.4359731361637493
2013-11-11,-0.33044239634358874,-0.3778626365890325
2013-11-12,-1.1529892263514085,0.46484328973850353
2013-11-13,0.32613280708257975,0.3664313668772401
2013-11-14,1.1492504258155734,0.6142594282147584
2013-11-15,0.040229335990016324,0.20069220122804765
2013-11-18,-1.148785517697437,0.5997837738824785
2013-11-19,0.04067148534696585,-0.7622374624403072
2013-11-20,-2.3286477860624544,-1.7170490149192474
2013-11-21,-0.1499627884855137,0.16532769007797654
2013-11-22,-0.01667995702190339,0.9281218268841762
2013-11-25,0.44929014899413033,0.28826741322642846
2013-11-26,-0.5327125906488206,0.37354567462637434
2013-11-27,-0.30090344685493875,-0.1721433765924374
2013-11-29,1.0326523179381653,0.02866642362331362
2013-12-02,-2.618913427270897,-0.7808244861191582
2013-12-03,0.3226607638787904,0.36708586543641175
2013-12-04,1.681277006313131,-0.9591617513218686
2013-12-05,-1.3934549467759183,-0.2827600224583726
2013-12-06,0.21110414726726034,0.4772744076980473
2013-12-09,0.9820854927032663,0.23290434035274643
2013-12-10,1.738884972238619,0.7147404911946431
2013-12-11,-0.7911686919718441,-0.7729287736666812
2013-12-12,-2.1493611686152825,-0.37903569379293955
2013-12-13,0.9172415436119685,0.48561025323614615
2013-12-16,0.25934275495753667,-0.3688155151861494
2013-12-17,-0.8727091540916554,0.44637220650578513
2013-12-18,-0.8803924689540388,-0.5047054591533318
2013-12-19,-2.4008388970940153,-0.09735709347342691
2013-12-20,0.9707154887455438,1.5271635968474584
2013-12-23,-0.31964326223477,-0.5675368464495456
2013-12-24,0.4575471214311122,-0.8039364042769392
2013-12-26,0.5497345915553176,-0.38611877907843706
2013-12-27,0.3249852187408919,-0.2844144062544629
2013-12-30,-1.4881383746899957,0.6851869550361656
2013-12-31,0.6306472892282144,-0.6361085626039653
2014-01-02,1.6060461656273617,0.30382299193707496
2014-01-03,1.0872886502992785,0.0
2014-01-06,0.1758860402907736,0.42002737617501396
2014-01-07,-0.570663101235791,0.25310953772992306
2014-01-08,-0.5908660231013663,-0.272585978686557
2014-01-09,0.2874262992047072,0.583210134902945
2014-01-10,1.5080740254614255,1.1850290396961505
2014-01-13,0.6299710080651444,0.49683724795386297
2014-01-14,-0.9381142826874189,-0.4585604305932023
2014-01-15,-0.19202320624573943,-0.10531449127553216
2014-01-16,0.10857988198340607,0.6686077517720435
2014-01-17,0.9471650934748332,0.4179902126300483
2014-01-21,-1.0223281251882987,0.07586437982105565
2014-01-22,-0.42697080909430696,-0.24666821574816922
2014-01-23,2.1579378638349134,1.4051331810680523
2014-01-24,0.4097023071524042,0.6440188271059633
2014-01-27,-1.0935375825425808,-0.7001859837222568
2014-01-28,-0.008269303790786608,0.2433170382484029
2014-01-29,1.2488900176089501,0.8190675208179066
2014-01-30,-2.2292903069312864,-0.2877752492796759
2014-01-31,0.26682222466369865,0.6671807315367317
2014-02-03,1.0190249127034257,1.211057562723461
2014-02-04,-0.2723800407789412,-1.0667338595172993
2014-02-05,0.2476499971910684,-0.9288592032642207
2014-02-06,-0.04123452992867982,-0.4301909771325718
2014-02-07,0.7641467858454654,0.08430310512146377
2014-02-10,0.6120219937763238,0.2805081480698135
2014-02-11,1.1646867732522992,-0.5806228028527372
2014-02-12,0.05627211416356914,-0.5179087273450733
2014-02-13,0.8482745858973573,0.5648704597152943
2014-02-14,1.3141446769645349,0.05632498299243949
2014-02-18,0.1964251246385551,0.22493319654399713
2014-02-19,-0.8909310249907598,-0.4221593588543904
2014-02-20,1.047791408716403,-0.24470671259253507
2014-02-21,-0.01567257863737126,0.5263709276740691
2014-02-24,1.0991291396995173,-0.2534279181741539
2014-02-25,0.17041151320098535,0.8888359916090494
2014-02-26,-0.8549765062402237,0.5295557884012148
2014-02-27,0.07022460492862592,0.5452235268055716
2014-02-28,-0.45344007201411074,0.05527262471147765
2014-03-03,2.070556372289367,0.6653678860229384
2014-03-04,-1.2434038231916134,-1.5155886950299902
2014-03-05,0.163067722850041,0.21394211099838856
2014-03-06,0.9881951730484673,-0.9898466452770371
2014-03-07,-0.8331467261762704,-0.6307251945664838
2014-03-10,0.030987952174754696,0.14152854371314305
2014-03-11,0.5637265108701328,0.2637294261468526
2014-03-12,1.4525092398289807,0.6936040155280487
2014-03-13,0.34095741251416456,1.3360825692315004
2014-03-14,0.6709152953836117,0.018410849052497014
2014-03-17,-1.102985181906302,-0.7491953949347874
2014-03-18,-0.7778612345921587,0.36140032039453374
2014-03-19,-1.9559193839779887,-0.7801012531989393
2014-03-20,-0.1797193140743225,-0.17726742501444903
2014-03-21,0.4759503433198198,1.07756877121572
2014-03-24,-1.798596218413362,0.7089305392564249
2014-03-25,0.1821160116319831,-0.3768457289819338
2014-03-26,-0.794222244050502,0.7797594298716071
2014-03-27,-0.6560082119566601,0.5013020587164796
2014-03-28,-0.02408089919869738,-0.5653200584374574
2014-03-31,-0.7656055088047786,-0.24720928806454268
2014-04-01,-0.17813868735334637,-0.8582646112980541
2014-04-02,0.7508818200658851,-0.5763491086926642
2014-04-03,-0.322270283206727,0.4372313095363012
2014-04-04,1.3227188238039034,0.6660191451092423
2014-04-07,-0.5269862274747794,0.5975191352164622
2014-04-08,0.9402401345719014,0.23801737686950375
2014-04-09,0.18224588899720118,-0.49495939854509174
2014-04-10,0.5447472804124054,0.923755264221171
2014-04-11,-0.06300845312461334,0.807002016490177
2014-04-14,0.722193399791049,-0.2622376225472678
2014-04-15,-1.8631632703177026,0.6228301842337913
2014-04-16,0.039838308299611214,0.1259710714283102
2014-04-17,-0.6312705550471698,-1.1025874079177989
2014-04-21,-0.4096572985582192,-0.08176448178049966
2014-04-22,-0.3709375196707221,0.3359003553736528
2014-04-23,-0.01615629234548166,0.5693498597630686
2014-04-24,0.6443284399615834,0.18918635668141448
2014-04-25,0.6960328544120209,0.14372066705909958
2014-04-28,-0.4394582256213475,-0.4862052939296646
2014-04-29,-0.016013969152073315,-0.13544504664579904
2014-04-30,-0.5138917563783707,0.414888173159067
2014-05-01,-0.33868120568971705,1.0670858066388789
2014-05-02,1.0126217716067032,0.6140299079374856
2014-05-05,0.9232823210055585,-0.6051198626034981
2014-05-06,-0.19032349869849696,0.40090587413992296
2014-05-07,-1.4471611157945041,-0.3562350551558069
2014-05-08,0.0,-0.4292628337315918
2014-05-09,-0.05638997673953483,-0.3230272197140671
2014-05-12,0.6745961691050795,-0.40537423587068133
2014-05-13,-0.2725047498919331,0.8627275288627168
2014-05-14,0.9664218850403472,1.0769704655475998
2014-05-15,-0.8300797439581231,0.7935836598889523
2014-05-16,-0.21662996131937007,-0.281415745637581
2014-05-19,0.06423786190596914,-0.7426088650265505
2014-05-20,0.08825820644808857,0.22162304710064973
2014-05-21,-0.24088902731866924,-0.6127775321318474
2014-05-22,0.2248445354555706,-0.14265690385615315
2014-05-23,-0.12841805482510793,0.5338113888873508
2014-05-27,-2.1595283572805712,0.5839433199565036
2014-05-28,-0.5348719092920895,1.2274722107065372
2014-05-29,-0.21474734237063586,-0.532993989862085
2014-05-30,-0.4225901225547446,-0.04379551801694248
2014-06-02,-0.6080086737565438,-0.7462090641408459
2014-06-03,0.25865033749123967,-1.2380705780255852
2014-06-04,-0.20853324948184593,-0.026944296458086825
2014-06-05,0.7486945414296287,0.044836760521427266
2014-06-06,-0.041449870757492846,0.0
2014-06-09,0.03316000625028792,-0.14347629466993084
2014-06-10,0.6114693163497442,-0.3686373075560745
2014-06-11,0.016477983735452284,0.1799605973996421
2014-06-12,1.0079951867739467,0.8862368863506553
2014-06-13,0.26058621978233276,-0.05355064573127066
2014-06-16,-0.4401351318836788,0.24938199801107785
2014-06-17,-0.11442534259886727,-0.7947519943255266
2014-06-18,0.31843210782076525,0.7680702903762437
2014-06-19,3.4216744993091908,-1.289414733722083
2014-06-20,-0.34722449435067304,0.7542139196066167
2014-06-23,0.27629658487136055,-0.3135465990800945
2014-06-24,0.10243461627261752,1.0087591474806423
2014-06-25,0.007870619988992189,0.2572796541635114
2014-06-26,-0.2049460796069269,0.4772874348925704
2014-06-27,-0.055250558164043895,-0.15002890893418552
2014-06-30,1.0836302664764652,0.24693784073193115
2014-07-01,-0.26589235253347,-0.8407802182095026
2014-07-02,0.0,-1.074420960625666
2014-07-03,-0.4237574298798563,-0.36074326036903415
2014-07-07,-0.1101636895383784,0.7291253965899358
2014-07-08,0.03935853683652013,1.1149437469667234
2014-07-09,0.6041340057119093,0.07975507270714388
2014-07-10,0.5460634339477188,0.026651931267807072
2014-07-11,0.18654249196528028,0.6358801047059437
2014-07-14,-2.4048290991992793,-0.43232548933174186
2014-07-15,-0.951058070848898,-0.20355461537420183
2014-07-16,0.3527077335086837,0.5301758343014384
2014-07-17,1.6821749813230369,1.2525299629642994
2014-07-18,-0.7582368755593372,-0.32258599969177126
2014-07-21,0.16635571611116617,0.49648311881931306
2014-07-22,-0.47603905187632023,0.2082982873485406
2014-07-23,-0.09547670752034776,-0.13011610606126212
2014-07-24,-1.0161340911869488,-0.7494656161907365
2014-07-25,1.1513699150427215,1.1739629038369337
2014-07-28,-0.16708368622557757,-0.13840288049546956
2014-07-29,-0.3030585975809963,0.36293622356904365
2014-07-30,-0.2959607959589938,-1.3984962469105078
2014-07-31,-1.1602760367427578,-0.29788117198004116
2014-08-01,0.799130762964051,0.7711261383852808
2014-08-04,-0.31404736308626724,-0.26219108335840957
2014-08-05,-0.09682492234865947,0.32327725353917813
2014-08-06,1.4426758317503285,0.061058053858698
2014-08-07,0.40500523045254866,0.9285364054710143
2014-08-08,0.007926565064675373,-0.2161971536416729
2014-08-11,-0.1824338047458518,-0.008619346520344351
2014-08-12,0.023813280255602365,-0.6514481515519144
2014-08-13,0.16654041582135903,0.6514481515519144
2014-08-14,0.08712575320020122,0.8018816694478126
2014-08-15,-0.659277338198283,1.0848280408469968
2014-08-18,-0.4152731310402835,-0.9989223348696008
2014-08-19,-0.22432214180039267,-0.3094633944852987
2014-08-20,-0.369626038870674,-0.16366163917149734
2014-08-21,-1.08459499104816,0.5588577468568445
2014-08-22,0.25196517444801003,0.5556890620994182
2014-08-25,-0.36596192356670443,0.37446999540398096
2014-08-26,0.49575510486130625,-0.3233432341501974
2014-08-27,-0.024323006176274475,0.8486039363019948
2014-08-28,0.5498965061753402,0.5224541967213447
2014-08-29,-0.11296651673688984,0.06723045458407739
2014-09-02,-1.8003818664947602,-1.7400712299680876
2014-09-03,0.41017284228743733,0.5552716539983571
2014-09-04,-0.5500142384415874,-1.2257368109704458
2014-09-05,0.4763039303480099,-0.18995047093612882
2014-09-08,-1.095603196506545,0.04318164215941778
2014-09-09,0.11589354452103962,-0.07770407895497655
2014-09-10,-0.5059527219948734,-0.6330047925397153
2014-09-11,-0.6590779328068841,-0.331070353852958
2014-09-12,-0.916553798561015,-1.0528855480977484
2014-09-15,0.2193926623932363,0.1498547452277066
2014-09-16,0.16002230258536088,-0.40594701937681776
2014-09-17,-1.0915206737387884,-0.2567404814666219
2014-09-18,0.20397581785855934,0.3186373705435841
2014-09-19,-0.5875628567548752,1.264483367437741
2014-09-22,-0.2051790658185837,0.12206179046474475
2014-09-23,0.6397974562940334,0.6169072978064349
2014-09-24,-0.468780248018863,-0.5559093625894462
2014-09-25,0.2900499681905089,1.1776310404467694
2014-09-26,-0.2815116684032226,-0.1464544849468119
2014-09-29,-0.02563012510607976,0.798538670608373
2014-09-30,-0.7031410399421567,-0.5660212944472498
2014-10-01,0.4807267982801733,1.9205477064067722
2014-10-02,-0.025693786276903552,-0.8750265781618083
2014-10-03,-1.8414155642527241,0.42569569274828467
2014-10-06,1.2313702004798976,0.05953007363057594
2014-10-07,0.2840071033501701,1.341029415912498
2014-10-08,0.9494153355036339,0.02512227157858149
2014-10-09,0.14461162700847296,-0.43651312375541096
2014-10-10,-0.04251418052048095,0.9877955700656749
2014-10-13,0.7877727689300507,0.606210635879556
2014-10-14,0.059044071468949966,0.6520194387555023
2014-10-15,0.3367302917756554,0.7865544771651578
2014-10-16,0.19310980168238956,-0.638565848412842
2014-10-17,-0.19310980168238956,-0.5601392769367664
2014-10-20,0.6784273141083652,0.3627321675458539
2014-10-21,0.18346564364613016,-0.801499662950178
2014-10-22,-0.5681836183999422,0.10775009554100379
2014-10-23,-0.6894837025991585,-0.8905949997615181
2014-10-24,-0.14353713145327518,0.10027601471778169
2014-10-27,-0.24533739338830074,0.18358006461509646
2014-10-28,0.033876114991393536,-0.6272535710197147
2014-10-29,-1.4413236564221776,0.22623919713256058
2014-10-30,-1.0535513585849365,0.08367847428631947
2014-10-31,-2.220849416059778,-0.2596253705282159
2014-11-03,-0.4537191400506124,0.0
2014-11-04,0.06239666286802503,0.3105501994355109
2014-11-05,-2.189178261505731,-0.14255670834479872
2014-11-06,0.08193776453397916,-0.6482509806968295
2014-11-07,2.7733471313512226,1.1421593640391414
2014-11-10,-2.24688513596627,-0.922845959134122
2014-11-11,1.4202502378614312,0.06742975497573411
2014-11-12,-0.483136766316683,-0.08428769411406023
2014-11-13,0.15234861605115668,0.23577928973930184
2014-11-14,2.476471353365639,0.4865580484271881
2014-11-17,-0.3675815105875557,-0.2513596711813726
2014-11-18,0.8729867518399992,0.27648103183670614
2014-11-19,-1.1979356533504237,-0.637888865181413
2014-11-20,1.032651427666309,0.5206747609986628
2014-11-21,0.4603689167084646,0.6013035952490142
2014-11-24,-0.2429491687805374,0.08317820521916985
2014-11-25,0.23428067947763864,0.8285419927375415
2014-11-26,-0.19085074799205515,0.2719279329141955
2014-11-28,-2.6841959934436943,0.7868177233437024
2014-12-01,3.9097210714102992,-0.5851257397362808
2014-12-02,-1.2428974377113988,-0.9758840083561537
2014-12-03,1.0282221622139431,0.3898347758581444
2014-12-04,-0.3875846369652436,0.8326695991769384
2014-12-05,-1.259186420265479,-0.5846359086930875
2014-12-08,1.1728543111015455,1.214803762862271
2014-12-09,2.060169157321212,0.5127275048292468
2014-12-10,-0.19479434950335772,0.7278293677358327
2014-12-11,-0.22915065517858935,0.41010846496361
2014-12-12,-0.23819558010531594,1.3471047755658105
2014-12-15,-2.6058456631024463,-0.2060706690837577
2014-12-16,0.48835674587479616,1.2301428250986568
2014-12-17,-0.5933184879208575,-0.9053311790670371
2014-12-18,0.7671599736507773,-1.7954280393691846
2014-12-19,-0.3305543074570316,1.3357109920582921
2014-12-22,-1.9532501975925598,0.13490540127927275
2014-12-23,0.16866692377108805,-2.0033977709635664
2014-12-24,0.026605277109226222,0.5427785912573313
2014-12-26,1.8102473257656015,0.3704755190893749
2014-12-29,-1.0153292143779247,0.7447361736629965
2014-12-30,1.337022418073186,0.27093320365931817
2014-12-31,-1.416227120027358,0.19074182115463856
2015-01-02,0.43925221460412445,1.1056715602579814
2015-01-05,1.4964618775983318,1.5586311798004182
2015-01-06,1.1334482171420746,1.785680222009045
2015-01-07,-0.5908836993975264,-0.19764216285498293
2015-01-08,-0.4217399700950253,-1.3331434925479613
2015-01-09,1.1320872784881253,1.089288799854593
2015-01-12,1.1025431201653113,0.5705660562619563
2015-01-13,-0.33794717396933294,0.0
2015-01-14,-0.16093040146012427,0.7557962422104048
2015-01-15,2.4864209830663953,1.5612731586791107
2015-01-16,1.2979679533520638,-1.2831735065343075
2015-01-20,1.3618890362550928,1.3201826101166603
2015-01-21,0.024156831945010282,-1.1625899367986747
2015-01-22,0.801736013457699,-0.36047680550224115
2015-01-23,-0.801736013457699,1.3822279883930477
2015-01-26,-1.0031679362329626,-0.3047345577857463
2015-01-27,1.1399158685806654,0.15629874581106762
2015-01-28,-0.7909034514029578,1.6215608202277743
2015-01-29,-2.1788035528434335,-0.6602374148722667
2015-01-30,2.2031068542068155,1.7581602703187649
2015-02-02,-0.8378450604819676,-0.3782246109651055
2015-02-03,-1.1254031870982395,-2.1393556894388155
2015-02-04,0.436878878628022,0.17076878375839044
2015-02-05,0.17257602352120927,-1.1040071331776424
2015-02-06,-2.620456493117196,-1.7860409816004008
2015-02-09,0.445733705254181,-0.16046121173900474
2015-02-10,-0.5891255467082246,-0.7986024261426472
2015-02-11,-1.1887730385767625,0.18484007579804285
2015-02-12,0.2303628403526048,-0.3314161635856294
2015-02-13,0.5439474740014383,-1.0321737376452589
2015-02-17,-1.6838734326833027,-1.517073587149742
2015-02-18,0.2840494303460339,0.5923221782587973
2015-02-19,-0.344407003588465,-0.663611182000512
2015-02-20,-0.5708895866844976,0.2928355305409802
2015-02-23,0.13003471683985524,1.1393431674169285
2015-02-24,-0.14738237281033406,1.3041431720536956
2015-02-25,0.3810143280624345,0.430877005557484
2015-02-26,0.3192846928134152,-1.3762372048110372
2015-02-27,0.07751278516163751,0.8372540466633716
2015-03-02,-0.41408215543512483,-1.8802027499897456
2015-03-03,-0.1816994513188952,-0.36324809831240756
2015-03-04,-0.31225683060647214,0.03165418898962713
2015-03-05,-0.09560698660537881,-0.12663589261361352
2015-03-06,-2.7684033513420303,-2.2339676036454925
2015-03-09,0.09828943243306298,0.9188683405630726
2015-03-10,-0.4924161015297024,1.3071889372885614
2015-03-11,-0.6031419233618607,0.7258845803670866
2015-03-12,-0.027090603074864106,-0.07076287817158189
2015-03-13,0.14440077763353543,-0.3072490770114733
2015-03-16,-0.06315097549620674,0.9580987539275831
2015-03-17,-0.5429372519535569,0.8251334105302988
2015-03-18,1.9409393965784005,1.911839358707379
2015-03-19,-0.07122036244302521,-0.5108268145376904
2015-03-20,1.1334565478750669,0.5260358094029804
2015-03-23,0.6319701703631608,-0.12172888669690352
2015-03-24,0.24469013218020308,0.9621906016395343
2015-03-25,0.13955838286019429,-0.8480738035419044
2015-03-26,0.6515812793653986,-1.5712250795439253
2015-03-27,-0.36436736475300435,1.2360424158584848
2015-03-30,-1.145065238553844,-0.4971779100768181
2015-03-31,-0.07914897422240941,0.21445963111581534
2015-04-01,1.6924374949796928,1.3049442037266878
2015-04-02,-0.27720019363934867,-1.0652242575721615
2015-04-06,1.2156925637931693,-0.5599355010149409
2015-04-07,-0.49828438445889134,0.8349573460648685
2015-04-08,-0.5527256360212895,0.030460524397835087
2015-04-09,-0.6952344453191373,-1.3048704920809229
2015-04-10,1.1273125412459173,0.14667761367928023
2015-04-13,-0.7182773547924626,0.13877507788793153
2015-04-14,-0.6098084431298112,0.7062701853929099
2015-04-15,0.8613598755223606,-0.0841506506873202
2015-04-16,-0.3471334974760154,-0.4989563229652383
2015-04-17,0.49429897427550884,1.1400301459270068
2015-04-20,-0.7641555546604728,-0.8864111693617893
2015-04-21,0.573661753205279,-0.4538113822721179
2015-04-22,-1.3524881601084005,-1.5383348348716908
2015-04-23,0.7265135996097349,0.42964379954240073
2015-04-24,-1.4141033700353134,0.6217134409584268
2015-04-27,1.9967374395762683,0.0
2015-04-28,0.8633395454348047,-1.3886541631696225
2015-04-29,-0.7073870774362057,-1.2331245640943678
2015-04-30,-1.7818629233653738,0.17481190892887355
2015-05-01,-0.3442946542885572,-1.3553153178635924
2015-05-04,0.8979694476908051,-0.9479733924797173
2015-05-05,0.28006293425999473,-0.1385302789335796
2015-05-06,-0.05245000462394955,-1.726885379564802
2015-05-07,-0.8253646349356103,1.3348227095087317
2015-05-08,0.4837540136522378,0.26974234716679035
2015-05-11,-0.386815815419439,-2.462570392776886
2015-05-12,0.8507714570104241,0.25901851520062635
2015-05-13,1.7745568671579726,-0.8042569197576732
2015-05-14,0.53908250551018,0.26882229502867006
2015-05-15,0.2982393037475717,1.9851530949288154
2015-05-18,-0.00851064576155025,-1.692006409275315
2015-05-19,-1.3967043221182252,-0.8906091702368002
2015-05-20,0.16381642703535704,0.16868082813834562
2015-05-21,-0.3365403206208484,1.3889092972297234
2015-05-22,-0.07782781051668408,0.041502006275973
2015-05-26,-1.4727247977664781,1.6965108159335607
2015-05-27,-0.01756301338398103,0.2283735689606381
2015-05-28,0.11407772346867517,-0.2447318285339506
2015-05-29,0.07014013330435276,0.2202872622261154
2015-06-01,-0.08767951003623153,-1.0805676389966656
2015-06-02,0.40269605877938375,-1.4050513555858402
2015-06-03,-0.7189857367223773,-1.620521728531532
2015-06-04,-0.7064697935271091,1.2935241053118496
2015-06-05,-0.5331436918290855,-1.2255159539759752
2015-06-08,0.29358308942217803,-0.11054112785107151
2015-06-09,0.22183779511246726,-0.7948459378140704
2015-06-10,0.8473122987024517,-0.8791200652237485
2015-06-11,-0.4580669046919006,2.0816878854470033
2015-06-12,-0.026490157397418557,0.0
2015-06-15,0.4406069740064744,0.16096483255934046
2015-06-16,-0.36115754437746617,0.7841495463233983
2015-06-17,0.46661068379396653,-0.7756513994155334
2015-06-18,1.2829091016651084,-0.49211947434431025
2015-06-19,-0.17357836863238774,1.2762199410877528
2015-06-22,-1.2939534822472787,-2.0618152205180706
2015-06-23,-0.6621663748214601,-0.6019541250656957
2015-06-24,-0.26610185778750406,0.8587677155180273
2015-06-25,-0.13331015376758515,-0.35112963636816374
2015-06-26,0.10666233650118428,-1.1304836836073306
2015-06-29,0.45207021318427465,2.612445890034909
2015-06-30,-0.6210070886036867,-0.6955934744683923
2015-07-01,-0.34767084633964274,-1.3590194858950966
2015-07-02,-0.19665798355692488,0.32804295551676077
2015-07-06,0.26806862873876014,1.836545929387512
2015-07-07,-1.1668702760757377,0.9350575927697058
2015-07-08,0.29749330386001915,0.8599875340250307
2015-07-09,0.24275514386138397,-1.9899590178490634
2015-07-10,0.11666795517468742,-1.598504224449382
2015-07-13,-0.44947937019088613,-0.31070529715320205
2015-07-14,-0.22549958125184233,0.32792465889395217
2015-07-15,-0.5251204440368085,1.054107724105613
2015-07-16,-0.36377042236317436,0.68819489874965
2015-07-17,-1.0164462693893483,0.5151762535810178
2015-07-20,-2.752685674211186,-0.42208295844394783
2015-07-21,-0.31268723268027543,0.5398829725074883
2015-07-22,-0.5424190670740181,0.620687618300586
2015-07-23,-0.44948309762844474,1.2381245809018004
2015-07-24,0.9729155735813677,0.24750069182877255
2015-07-27,-0.4661992801278103,0.5339628079454428
2015-07-28,0.15246432799855825,-0.7319550415631149
2015-07-29,0.14272948765041704,-0.3721080674012889
2015-07-30,-0.8594414514632831,0.7675492411289397
2015-07-31,0.6309807471318152,0.7371776946627051
2015-08-03,-0.7941503115089787,1.0472010028386158
2015-08-04,0.2015250319480799,-0.7963901670261286
2015-08-05,-0.3649612745896036,-0.7534511072211814
2015-08-06,0.4416281036678349,0.8839466815889985
2015-08-07,0.24875838994233845,1.3032771496403583
2015-08-10,1.0172637809865215,-1.2462957182571621
2015-08-11,0.5094839843946986,1.575494352161222
2015-08-12,1.3924787857254373,-0.5465657895547871
2015-08-13,-0.8294156742539194,-0.32299711937522346
2015-08-14,-0.009360475673148017,0.23427355391163474
2015-08-17,0.26170571520376384,0.4507291314160611
2015-08-18,-0.01866751617241036,-0.7901453451229834
2015-08-19,1.3354574963244659,0.982710056502345
2015-08-20,1.7261484729986343,1.0048483552671073
2015-08-21,0.6228253314386478,0.30113533714768437
2015-08-24,-0.5413696203742546,-0.03167116016902227
2015-08-25,-1.247223689054966,-1.6195801647403307
2015-08-26,-1.3743752566773182,-1.9492487618196996
2015-08-27,0.05571512452684502,0.057430858424734055
2015-08-28,0.8963637985393902,0.2946880038876998
2015-08-31,0.1103372201255226,-0.7712635660706901
2015-09-01,0.34858971109343884,0.7179755974892288
2015-09-02,-0.5325457471451855,-0.8641616676568376
2015-09-03,-0.720696468758586,0.4865029996054204
2015-09-04,-0.32508130940547275,0.9089312648646874
2015-09-08,0.027904544214596427,-1.4863802014793315
2015-09-09,-1.3012113659039315,0.4786982979273269
2015-09-10,0.23528316012582096,-0.6774511407486195
2015-09-11,-0.207013897549313,0.6280434423208803
2015-09-14,0.05650019663852035,0.1563964798636519
2015-09-15,-0.3017159470431352,-1.9350224327026488
2015-09-16,1.322655217203117,-0.3780745911991623
2015-09-17,1.0198550265311468,1.2131670311060994
2015-09-18,0.7352256373074795,1.5267022260555763
2015-09-21,-0.6246004616141221,-1.6432047034821373
2015-09-22,-0.6841722923156546,1.380767341658995
2015-09-23,0.398130520726081,-0.008199411024811809
2015-09-24,2.0758796296513005,0.6793166000991668
2015-09-25,-0.6173422414313734,-0.8683750351870856
2015-09-28,-1.2739020432957382,1.696921635701809
2015-09-29,-0.4066501065043582,0.2826769519045591
2015-09-30,-1.0426483637298034,-0.3474631650555615
2015-10-01,-0.12172598628676923,0.42577972119666185
2015-10-02,2.0953802922526243,0.6039441326977979
2015-10-05,-0.20205850578971507,-1.3660507326869187
2015-10-06,0.9971303227116479,0.4303963268554867
2015-10-07,-0.14574940081351073,-0.3327644483903214
2015-10-08,-0.5117883296348325,-0.8410279121096487
2015-10-09,1.572691239154267,0.26205920752051526
2015-10-12,0.39607110144830315,0.7576580504575325
2015-10-13,0.492901527809142,0.170247952015945
2015-10-14,1.7282274992371782,0.8712928103052242
2015-10-15,-0.45794588755319054,-0.49112073730182004
2015-10-16,-0.7086601152338723,0.03224811931765714
2015-10-19,-0.4186912999915471,-0.274697141969682
2015-10-20,0.6318212020553382,-0.6168767736453695
2015-10-21,-0.8910332230671614,0.9883299929271061
2015-10-22,-0.035807819279032316,0.16911257282856695
2015-10-23,-0.17026075113335537,-0.8566573876102268
2015-10-26,-0.0627997102489175,0.6633954401652709
2015-10-27,0.2241047948968955,0.2496322648697813
2015-10-28,-0.8091400160860296,-0.4029612180725728
2015-10-29,-0.9614564390769686,-1.6036563265404702
2015-10-30,-0.38352540915989053,0.7521193249504066
2015-11-02,-0.6517134598801988,-0.460604305999901
2015-11-03,-1.4937356022442394,-0.8234414881302499
2015-11-04,-0.9485885776108205,0.11573337365895497
2015-11-05,-0.3118965054795808,-0.2646268798719653
2015-11-06,-1.4685120688171516,-1.4764882384247002
2015-11-09,0.2877729101132154,-0.5645788426984488
2015-11-10,-0.21095148178789103,0.29535798130622126
2015-11-11,-0.3365211295873749,-0.21083669527532933
2015-11-12,0.019257167853314883,0.4800575566675569
2015-11-13,-0.2796404320480228,0.5698107692148291
2015-11-16,0.14474024653425843,-0.09191896416513856
2015-11-17,-1.3297966180688015,0.1671182675504923
2015-11-18,0.087907383461161,0.20853131695490745
2015-11-19,1.097148988073382,0.6643625932379216
2015-11-20,-0.45487737236644676,-0.30670246945758706
2015-11-23,-0.8083747042832989,0.30670246945758706
2015-11-24,0.6627707399357696,-0.008280090333645518
2015-11-25,-0.467384836580198,0.2314912258372992
2015-11-27,-1.1879763588946268,-0.09914250839972993
2015-11-30,0.6595467871597371,0.3959816401571281
2015-12-01,0.3525964629824685,1.3416935258456775
2015-12-02,-1.5667624313787876,0.03258555391587592
2015-12-03,1.0570606410359673,-2.75592867720702
2015-12-04,2.1966035488281577,0.8745492983882386
2015-12-07,-1.3063212596420293,0.9656641072856686
2015-12-08,0.16544033114076484,0.04928274261377652
2015-12-09,-0.19466324270576152,-0.10678492704698783
2015-12-10,-0.08772000837344862,0.13135879071812795
2015-12-11,0.5445871172153893,1.5635587797845574
2015-12-14,-1.2884508990748778,-1.3012329009206347
2015-12-15,-0.2656086119114498,-0.5911222935680804
2015-12-16,1.2043063036934143,-0.21433576921454645
2015-12-17,-2.214112587721395,1.1241911114399983
2015-12-18,1.5207174746720398,0.553370162343203
2015-12-21,1.0819352064225463,-0.024395645848862557
2015-12-22,-0.5248854487692967,-0.7249759389462263
2015-12-23,-0.29280037943664183,-0.7550295886666447
2015-12-24,0.7206940922791283,0.5713002670451495
2015-12-28,-0.7597994957112775,0.2950205117997484
2015-12-29,-0.06846940847360372,-1.675313048092697
2015-12-30,-0.766135559626413,-0.09988717280453585
2015-12-31,0.03943308023188763,0.4488516576551582
2016-01-04,1.3995827340626654,0.718914684162808
2016-01-05,0.281458831856618,-0.40430109934916914
2016-01-06,1.4337487598989895,1.3385124485544075
2016-01-07,1.4040676150810505,0.17934534473029728
2016-01-08,-0.44375394222031517,0.44683372190137405
2016-01-11,-0.8934594646017757,-1.1003746246767143
2016-01-12,-0.5072983236858342,1.4321639772195027
2016-01-13,0.48820480395450616,0.9809171931043359
2016-01-14,-1.6367021706295226,-0.9405356790288977
2016-01-15,1.023674024483423,1.5467497931614282
2016-01-19,-0.09612465570265627,-0.3106705866484205
2016-01-20,1.3279386437522689,1.047474654853442
2016-01-21,0.1138149765659513,-0.6811740565008328
2016-01-22,-0.46557912856446393,-0.3822512066925299
2016-01-25,1.0233193541102636,0.5410594334373187
2016-01-26,1.1341913483231991,0.04760218090966717
2016-01-27,0.3721294829618138,-0.02381032955485196
2016-01-28,-1.0736241929349077,0.1427046856822045
2016-01-29,0.38408969118526315,0.8441209954996864
2016-02-01,1.0232704202856269,-0.3066423108808891
2016-02-02,0.03700683510885483,1.8381803972611799
2016-02-03,1.0674654427774932,-0.8327414799243371
2016-02-04,1.2009967818587874,0.48338606752791335
2016-02-05,1.57031357661932,0.11660844256393688
2016-02-08,1.3354185862516132,2.1291667003233705
2016-02-09,-0.21986728524323595,0.10639020994620552
2016-02-10,0.7717958411725512,0.8773309491911796
2016-02-11,3.940213823727401,0.6979471544502402
2016-02-12,-0.589671453081575,-1.6740608582777483
2016-02-16,-3.0800736245396365,-1.0626838225583413
2016-02-17,0.6167287420776546,-0.6168020899329996
2016-02-18,2.4041860433202444,1.22214262609468
2016-02-19,-0.6020275750380222,0.0839266200507005
2016-02-22,-1.7935040917057776,-0.05341727264331908
2016-02-23,1.4868593832169097,0.4040098366381528
2016-02-24,0.33215495905070114,-0.19798882480674962
2016-02-25,0.26323418605178617,0.35752522742660275
2016-02-26,-0.689274364726078,-0.9691172995554886
2016-02-29,1.298002341928317,0.43610975301957566
2016-03-01,-0.7360151335801035,-1.77655035135178
2016-03-02,0.7697256644730643,0.41184001365079936
2016-03-03,1.7125877155555358,0.36379050461468054
2016-03-04,-0.15750194994792466,-0.6433745001586999
2016-03-07,0.49652408642888446,-0.031084372077305744
2016-03-08,-0.4633448267751028,1.0985265512918119
2016-03-09,-0.8327829481511451,-0.6096538703891596
2016-03-10,1.5928644015462012,-0.4110738227299571
2016-03-11,-1.7351282566945514,-1.0155419542513755
2016-03-14,-1.2980634673389169,0.3135591166920193
2016-03-15,0.07632306454699034,0.09385499559533272
2016-03-16,2.205075556149527,0.29668677584160363
2016-03-17,-0.3821864877364689,0.4124318979970454
2016-03-18,-0.2750755714748365,0.20939715652268376
2016-03-21,-0.703641669931443,-0.7699795602084336
2016-03-22,0.2937832969189813,-0.023517358878599737
2016-03-23,-2.2890088658627405,1.1261683074850204
2016-03-24,-0.24040431975169696,0.03856908359312072
2016-03-28,0.23182652611009047,0.13116240569734927
2016-03-29,1.835540705340133,1.0430513762537785
2016-03-30,-1.4076410310244647,-1.0584944061913681
2016-03-31,0.4600850924386002,0.7068857369796788
2016-04-01,-0.6053640735366628,0.26050977271339093
2016-04-04,-0.6692995408569047,0.061232848162440234
2016-04-05,1.2916668207256343,1.0876878186372174
2016-04-06,-0.613813693586529,-0.7289296718615113
2016-04-07,1.41798015621033,1.2269032640207733
2016-04-08,-0.15187338768045677,-0.6342834193833191
2016-04-11,1.3419630057020626,-0.12886921850085997
2016-04-12,0.016664672071531328,-0.6925913188032595
2016-04-13,-1.0719526565990734,0.35074844519629167
2016-04-14,-1.4075152256168622,-0.48066589930533254
2016-04-15,0.689274364726078,0.8528566819387073
2016-04-18,-0.15276274565971804,-0.4331529627108033
2016-04-19,1.5506833308651657,-0.3127191942593477
2016-04-20,-0.5114248016109713,-1.1062014971491507
2016-04-21,0.37753050369166985,-0.5965305976275204
2016-04-22,-1.289469465920856,-0.25678076800907945
2016-04-25,0.28799271415289596,-0.41371671772898466
2016-04-26,0.3967367637515373,-0.4548082190710012
2016-04-27,0.2860302869920339,0.9931802879286522
2016-04-28,1.8724801093336296,0.411499931554804
2016-04-29,1.9270626438691707,0.2553471023662546
2016-05-02,-0.3321349913170124,-1.0118899866024655
2016-05-03,-0.22745646099542327,1.2516966120349693
2016-05-04,-0.6118222826126285,0.5470269107430425
2016-05-05,-0.11462207767793942,0.6662973791633497
2016-05-06,0.9052054554673283,-0.4283217029152908
2016-05-09,-2.0752898018182364,0.3137665412845436
2016-05-10,0.27314657084138716,0.007660064786652043
2016-05-11,0.937891993091533,0.5638691257975559
2016-05-12,-0.7892173973086614,-0.45697402895346073
2016-05-13,0.45291419798267896,0.9648084122674483
2016-05-16,0.073922196701659,-0.8655560524431394
2016-05-17,0.34423291232430486,0.1676359424492624
2016-05-18,-1.7497993073654072,-1.433846704327646
2016-05-19,-0.19168712488539796,0.4315522284118245
2016-05-20,-0.1335701516611998,0.07680350517329515
2016-05-23,-0.2844207499474116,0.22260395460609317
2016-05-24,-1.749315443980759,-0.44558828493332925
2016-05-25,-0.2731772964595258,-0.37810134778055726
2016-05-26,-0.34252603876989696,0.5165583310793309
2016-05-27,-0.8268772914245659,-0.1462153774530961
2016-05-31,0.3798302317156832,0.2384213781644995
2016-06-01,-0.10344407576532433,0.40487961315198717
2016-06-02,-0.23315434917616784,0.718235381902943
2016-06-03,2.737326438830756,1.4135336716327274
2016-06-06,0.03364248669015524,-0.7458977499089414
2016-06-07,-0.0841242373323503,0.24170748107996687
2016-06-08,1.4703707887444573,0.5341902208128246
2016-06-09,0.5541081570940243,0.6432359955649503
2016-06-10,0.4033075700703215,0.4834523414940506
2016-06-13,0.7365624068488508,0.44418611990808543
2016-06-14,0.10594292626908697,-0.07392136380417469
2016-06-15,0.7384928457099704,0.3836922154833111
2016-06-16,-1.0566651715243403,0.4848081164651852
2016-06-17,1.2747298268990015,-0.6248854224181422
2016-06-20,-0.5988024654369539,-1.074959697664557
2016-06-21,-1.9422882992921053,-0.4632383954622732
2016-06-22,0.049644402871606985,0.16462622391166803
2016-06-23,-0.655577559374354,-1.1503830314874008
2016-06-24,4.78739123034746,2.6492388432863834
2016-06-27,0.5382317127989644,2.466082926018842
2016-06-28,-1.0793760430648724,0.2081895409475898
2016-06-29,0.41407659998888846,-0.7702630395190369
2016-06-30,0.4993905895293693,0.36784771914213366
2016-07-01,1.522316281806102,1.3789013198402422
2016-07-05,0.8220905136956169,1.2442642726010256
2016-07-06,0.5852881673551913,0.1614907240091057
2016-07-07,-0.3769595047874219,-0.007032733580025763
2016-07-08,0.5994014334570252,0.7339065909201636
2016-07-11,-0.9468613121549119,-0.8813421072103367
2016-07-12,-1.669038746896856,-1.657610615804117
2016-07-13,0.9159697327218552,1.1716869135637076
2016-07-14,-0.7745045230236336,-1.4649905640895078
2016-07-15,-0.3855735167466179,-0.8633798724804187
2016-07-18,0.15755839071678324,-0.09396770471195026
2016-07-19,0.13372522657109087,0.5625656006015944
2016-07-20,-1.4410381636322356,-0.548085993276004
2016-07-21,1.5117654201499242,0.20226313232756254
2016-07-22,-0.7490707778721628,0.17303925322869063
2016-07-25,-0.6989125856946998,-0.07206089439071306
2016-07-26,0.42152110508260066,0.1585549667449726
2016-07-27,1.5982694972101363,1.237582296545181
2016-07-28,-0.2894093409240739,-0.18503545798269627
2016-07-29,1.0286811942904706,0.829994245348864
2016-08-01,0.1859067119480251,-1.090186060758036
2016-08-02,0.8092864929715837,-1.0355519124566115
2016-08-03,-0.47707875986331416,0.05774216303722213
2016-08-04,0.16954476164983134,0.7485985071995493
2016-08-05,-1.8025444010511649,-1.0452282297716664
2016-08-08,-0.08627837547008355,0.188219994115002
2016-08-09,0.40720231674322704,0.9788365210585681
2016-08-10,0.467799451232942,0.3860544635060137
2016-08-11,-0.6946906948685161,-0.8958562936602021
2016-08-12,-0.21170403750341293,0.8387210135496481
2016-08-15,0.3447698256792364,-0.9467330707996879
2016-08-16,0.4915970173445139,-0.26705978286738485
2016-08-17,0.023348078990270693,0.597970867077624
2016-08-18,0.47358545787288264,0.15788368227198646
2016-08-19,-0.8868887925520319,-0.524810297911138
2016-08-22,-0.14858453674486682,0.8398532693164817
2016-08-23,-0.015650499362607206,0.10726210300164851
2016-08-24,-1.11768641429979,-0.23596248901345263
2016-08-25,-0.0870990125855009,-0.3801084140012456
2016-08-26,-0.1426988513934191,-0.5836906237894013
2016-08-29,0.1981375674593444,1.32820160479028
2016-08-30,-1.0106354775587967,-0.38590218052281244
2016-08-31,-0.20015218438294013,0.14310996934865372
2016-09-01,0.4078880664930118,0.11018563878462118
2016-09-02,1.016445482850692,-0.8189003109692727
2016-09-06,1.6766351430797855,0.7258558009484162
2016-09-07,-0.3424413203932275,-0.0715887054957065
2016-09-08,-0.5315481388614707,-1.2620837425749265
2016-09-09,-0.6605326760192654,-1.6611384044384003
2016-09-12,-0.12631537514558033,0.05163470144919913
2016-09-13,-0.6657679739988431,-1.1422054434072848
2016-09-14,0.3413652381389909,0.1490653203079617
2016-09-15,-0.6440074325495537,-0.4330517780990917
2016-09-16,-0.2475784418471072,0.8047198763428298
2016-09-19,0.20768610315471392,-0.3270341903880869
2016-09-20,0.0957112416020145,0.34935978015022684
2016-09-21,1.4483211562644094,0.8055146140287128
2016-09-22,0.2354443530493633,0.7916675076253377
2016-09-23,0.06269244831305087,-0.09491749214634027
2016-09-26,-0.07836871273143586,0.6338280456672507
2016-09-27,-0.731797170627857,0.7308435249147038
2016-09-28,-0.3164070980187006,-0.21654408207103515
2016-09-29,-0.11891200048346207,0.2526120153227396
2016-09-30,-0.341663600998654,-0.8977566704330364
2016-10-03,-0.2550206163687285,-0.3305898060416368
2016-10-04,-3.532787258610437,-1.1763810435878597
2016-10-05,-0.15718922897907106,-0.4670573133772393
2016-10-06,-0.9316280206748573,-0.5588096825958289
2016-10-07,0.06682890904556871,0.06724877940023077
2016-10-10,0.35015108361351466,-0.5916229870791767
2016-10-11,-0.5089499061391223,-0.22564384457748332
2016-10-12,0.15879882252560762,0.09785426693706967
2016-10-13,0.2418993710638695,0.3753267234123392
2016-10-14,-0.5597559798284024,-1.4110892236607775
2016-10-17,0.2677375207112753,0.6362856870555156
2016-10-18,0.616410005463397,0.3242076048232789
2016-10-19,0.5713611741873237,0.08274577184010923
2016-10-20,-0.30597728971404337,0.10526494665166197
2016-10-21,0.07451585177253861,0.1501170846884392
2016-10-24,-0.22370801255000572,-0.43601822636771814
2016-10-25,0.7519794693909176,0.26332854000941097
2016-10-26,-0.5613820564916772,-0.6785926745558335
2016-10-27,0.18196962666161554,-1.0953711048536263
2016-10-28,0.4699292917769604,-0.22207612577886948
2016-10-31,0.2956643119974345,0.611384070763421
2016-11-01,0.6457707460557849,0.007657533238791814
2016-11-02,0.7387264365792845,0.4341212616774115
2016-11-03,0.5323910740822946,-0.7705263335829216
2016-11-04,0.07237632468992672,0.8920442917839111
2016-11-07,-1.8171976119520927,-0.8538116950083108
2016-11-08,-0.41839524041193954,-0.4065757576241502
2016-11-09,-0.06579098268444383,-4.3358170988129
2016-11-10,-1.5001711673606088,-1.488138989464538
2016-11-11,-2.2377978717916136,-0.5637809445403263
2016-11-14,-0.8490234677527297,-0.5999762558998256
2016-11-15,0.8661050768427714,0.49335233748388774
2016-11-16,-0.29929143246398837,0.8983069732103388
2016-11-17,-0.5151539575841468,-1.4823697986368067
2016-11-18,-0.8818980245606234,-0.28917741972023236
2016-11-21,0.3727307214024478,0.2479316050066238
2016-11-22,-0.034614845492697555,-0.033012191887848985
2016-11-23,-2.0019033913875717,-0.38884790991078333
2016-11-25,-0.5667237234161959,0.14913773767162297
2016-11-28,1.0512021380101544,0.7338995788103375
2016-11-29,-0.4668228933025098,0.41817534780763665
2016-11-30,-1.351008608237958,-1.6333170635181027
2016-12-01,-0.1880954324207984,-1.061488459010107
2016-12-02,0.5364806083291818,0.7300712095554829
2016-12-05,-0.5364806083291818,-0.1087466541363824
2016-12-06,-0.09866853717861446,-0.07535612068254594
2016-12-07,0.3583283615967936,0.8508499054365792
2016-12-08,-0.23276835438492682,-1.18649555319994
2016-12-09,-1.0542046205441302,-1.2516575200138824
2016-12-12,0.37971130210445736,0.18698654782776103
2016-12-13,-0.33443584495005396,0.3561484790857605
2016-12-14,-1.4775853703027586,-1.1235612544683526
2016-12-15,-1.3785715901108553,0.5037639370705449
2016-12-16,0.6592778565066126,-0.23026382098567666
2016-12-19,0.49851773077866923,1.0699395897186825
2016-12-20,-0.739439021746513,-0.49954112419534624
2016-12-21,0.05564603998493567,0.4403928831295367
2016-12-22,-0.24136861188264191,-0.17896664608798574
2016-12-23,0.3155199096608996,0.20354816763008543
2016-12-27,0.5820121372820175,-0.32248182742780074
2016-12-28,0.2759665575201353,0.728255833406255
2016-12-29,1.3050610006335894,0.3536961838224606
2016-12-30,-0.6184651823121889,0.15122927510873296
2017-01-03,0.7815385138246533,0.4271857810715929
2017-01-04,0.3524147562994351,0.38376516979790054
2017-01-05,1.5395946803090865,1.5531931813923094
2017-01-06,-0.7399862806678037,-0.9224345341811713
2017-01-09,0.8198942430912126,0.7994383262266425
2017-01-10,0.4251209640408149,-0.06570436607535868
2017-01-11,0.30884513564588545,0.3362004076327807
2017-01-12,0.36058581395099765,-0.2212663998972353
2017-01-13,0.2630155985372973,-0.4770000710848876
2017-01-17,1.4257386660884386,1.041430092258988
2017-01-18,-0.8495159639561045,-1.2890496837694165
2017-01-19,-0.0870981624312428,-0.6882249394138285
2017-01-20,0.2436746563514447,-0.1999039595644625
2017-01-23,0.641137052410734,0.9954902023782353
2017-01-24,-0.450104004040508,-0.6874921381138321
2017-01-25,-0.8275642538443151,-1.2630125964848027
2017-01-26,-0.9315451405169206,0.3361079640942677
2017-01-27,0.20286289430195836,0.3601002853434565
2017-01-30,0.42205580884093763,-0.301362478499545
2017-01-31,1.3768096552716713,0.69349070775786
2017-02-01,-0.303364136026385,-0.62025387533442
2017-02-02,0.5540175253054613,-0.04197945691482019
2017-02-03,0.2500332582847875,-0.0420552324933432
2017-02-06,1.342875873121674,0.6032383644847705
2017-02-07,-0.20411460379587965,0.7324071780364427
2017-02-08,0.6195677380773645,1.3506664836202553
2017-02-09,-0.7644011341684909,-1.160161497872192
2017-02-10,0.26395141502790764,-0.05792784516280847
2017-02-13,-0.6825925967175905,-0.3152095003020605
2017-02-14,0.11123712399383479,-0.7253223895908434
2017-02-15,0.44372173593298925,-0.461304509787297
2017-02-16,0.5349691237603871,0.5449393874279451
2017-02-17,-0.3393297472611856,0.5918244782040283
2017-02-21,0.0594654010076745,-0.1746384943220214
2017-02-22,0.1357919750568648,0.16631598551706261
2017-02-23,0.8697532157720289,0.29883076669046105
2017-02-24,0.6369402264058799,1.1043237931520622
2017-02-27,-0.48571756358510854,-0.5918662717280476
2017-02-28,0.09230175401251373,0.3703104922691658
2017-03-01,-0.14268817535851852,-1.6897933269806487
2017-03-02,-1.2508578672613346,-0.3606198462023258
2017-03-03,-0.059551402196333925,0.26012845612291
2017-03-06,-0.6745539852068383,-0.47875750457162525
2017-03-07,-0.8086086565358919,-0.3035500759274612
2017-03-08,-0.6238117890961625,-0.5418976725827029
2017-03-09,-0.514091962225649,-0.8013304713159641
2017-03-10,0.21815968976861555,0.3503348863636013
2017-03-13,0.017429306368743624,-0.6331708483226173
2017-03-14,-0.541813014292547,0.4795599781534321
2017-03-15,1.8492494054676456,1.214013472766684
2017-03-16,0.41205599552105454,-0.5075600116638768
2017-03-17,0.22248383768923574,0.6256874416735947
2017-03-20,0.44350117254179366,0.4289079769392856
2017-03-21,0.87270095580676,0.8274738262124437
2017-03-22,0.24434516279079332,0.3987353914880032
2017-03-23,-0.13473994637172027,-0.14102661511179448
2017-03-24,0.15998188263157687,0.35634049918389366
2017-03-27,0.5621040603803529,0.45397633112385094
2017-03-28,-0.4107796901660521,-0.6692902151959501
2017-03-29,0.24332009503229557,0.5951255868921201
2017-03-30,-0.7233005455458574,-0.8108958753371809
2017-03-31,0.21080154307044907,0.2903529210667166
2017-04-03,0.5292550298657162,1.0036192240261421
2017-04-04,0.22597345773736066,-0.543936403494083
2017-04-05,0.0,0.30530168170121996
2017-04-06,-0.36851166978415506,-0.14836722706705885
2017-04-07,0.23466217608154594,-0.40515010535182583
2017-04-10,0.0,0.462862454306201
2017-04-11,1.4378002485396557,0.9438534557345335
2017-04-12,0.6825356086692658,0.5458064885305092
2017-04-13,0.4742072843749945,0.308211763095656
2017-04-17,-0.29407031136141626,-0.308211763095656
2017-04-18,0.47335584740109127,1.2994994431916318
2017-04-19,-0.8914361418129069,-0.5468133680712306
2017-04-20,0.18876096148856547,-0.38779878221157915
2017-04-21,0.2865670925195296,0.0
2017-04-24,-0.6809117727286207,-0.4949972444331152
2017-04-25,-1.0176758825308774,-1.2112601976257409
2017-04-26,0.48944172271605524,0.5501621365239906
2017-04-27,-0.3730858335882381,-0.03272758043824098
2017-04-28,0.3151414614046999,0.2208866495669426
2017-05-01,-0.914994320663709,-0.8347494668137223
2017-05-02,-0.016711217732279238,0.5106996627558757
2017-05-03,-1.4055680078894461,0.06577820201085771
2017-05-04,-1.0137688898776531,-0.4939201393228565
2017-05-05,0.18819613581211314,0.09073565499910785
2017-05-08,-0.222452293867903,-0.5456692863043067
2017-05-09,-0.6013737531638697,-0.008283007146836496
2017-05-10,-0.008619187440839227,-0.1161565116324148
2017-05-11,0.395630586279605,0.0
2017-05-12,0.28286293961139464,0.7524750868989294
2017-05-15,0.26498930493215056,-0.27222970419611414
2017-05-16,0.4344332691826658,0.37107194603578364
2017-05-17,1.8026089242991539,1.4461437185513404
2017-05-18,-0.8214659464641727,0.11351181998087156
2017-05-19,0.4953655816689384,0.2347066545941523
2017-05-22,0.4178861021673974,-0.2752556905218029
2017-05-23,-0.6358807682167011,-0.6750235544295435
2017-05-24,0.3937188086656995,0.5614736433988909
2017-05-25,-0.10874337201158824,0.0324901468277794
2017-05-26,0.8832634206009438,0.1701775258108995
2017-05-30,-0.332393130843478,0.4928184219542331
2017-05-31,0.39874064516967067,0.24949759402437266
2017-06-01,0.08286937780717096,0.01046350525770734
2017-06-02,0.7345383440386044,1.1771432655621972
2017-06-05,0.09862969865501725,-0.6228819178996758
2017-06-06,1.119151579658162,0.5432008938417887
2017-06-07,-0.5294262319270437,-0.47911015348187647
2017-06-08,-0.6554676702974938,-0.26452536795211756
2017-06-09,-0.9166426122606097,-0.15261143279410305
2017-06-12,-0.14943988172202438,-0.032189954426975476
2017-06-13,0.09965350816836249,0.01608839048738986
2017-06-14,-0.5493177805750982,1.5318432531365112
2017-06-15,-0.418165701990425,-0.15848888139284867
2017-06-16,0.016757431865954686,0.19809904157526148
2017-06-19,-0.7654460097333171,-0.14259702496719484
2017-06-20,-0.21131828104241634,0.8916159063178775
2017-06-21,0.287280588176575,0.20408067509185557
2017-06-22,0.3369288350940636,0.21926426655793918
2017-06-23,0.42794455030730205,-0.04698146121286939
2017-06-26,-0.8999595546856476,0.37493700820494524
2017-06-27,0.3794725232619811,-1.0738447240955296
2017-06-28,0.07572586086643796,-0.33154864265672046
2017-06-29,-0.48900007067285145,-0.8416705562553695
2017-06-30,-0.25387426380500955,-0.23154065342456676
2017-07-03,-1.6488352380743088,-0.32246617943858524
2017-07-05,0.36971824767881856,0.024113597481978388
2017-07-06,-0.04291636859008463,-0.8308045419702204
2017-07-07,-1.0269798493158788,-0.6012316282656194
2017-07-10,0.16468254331298837,0.14659535336560836
2017-07-11,0.1298208874211504,0.17067727308308633
2017-07-12,0.35397924292919214,0.6881060711563691
2017-07-13,-0.18115086761429922,-0.6312068393338421
2017-07-14,0.8168900176640292,0.12168202713445098
2017-07-17,0.44433489997173226,0.27534476068344915
2017-07-18,0.6966890452322794,0.8694428898837536
2017-07-19,-0.025402243234751154,0.04010577156989825
2017-07-20,0.1354062773927467,0.28802194203620957
2017-07-21,0.8589562474350387,0.42260659665718237
2017-07-24,0.04191258176557966,-0.39062578612121257
2017-07-25,-0.32741446924644535,-1.3104648794993956
2017-07-26,0.8040236804836454,0.16177732293893854
2017-07-27,-0.07510021513583709,-0.49414993935839036
2017-07-28,0.748507747253413,0.5909881981695619
2017-07-31,0.04969976741389104,0.12101666193720106
2017-08-01,-0.08284878144895202,0.6996560849096056
2017-08-02,-0.20742591700591007,0.05611039691340025
2017-08-03,0.15767861990996224,1.0290642762641689
2017-08-04,-0.782550463999776,-0.8527713007528526
2017-08-07,-0.11707593535366101,0.1119914872326433
2017-08-08,0.2924332368544391,-0.3604523294544748
2017-08-09,1.2024832535233898,0.5441308842925707
2017-08-10,0.7391636301004034,0.850318383868931
2017-08-11,0.47347176699812366,0.04751330647305707
2017-08-14,-0.7110509708619261,-0.5154164559902696
2017-08-15,-0.7739806493236578,-0.422305482541141
2017-08-16,0.7329654945785968,0.3665949151908876
2017-08-17,0.5074451187161877,0.745000571200638
2017-08-18,-0.1552308913379541,-0.023697141090117668
2017-08-21,0.37541795070419326,0.24452573771815977
2017-08-22,-0.44903781947356336,-0.38679574879676437
2017-08-23,0.37569391595084767,0.6778598249861822
2017-08-24,-0.31025274301850203,-0.3698892080905125
2017-08-25,0.36729988686285964,0.3855779845131302
2017-08-28,1.5762397031869213,-0.06283892951390868
2017-08-29,-0.21677522181517972,0.32171609517748223
2017-08-30,-0.04823342716564483,-0.031383021232400665
2017-08-31,1.1671721617894093,0.2973947571985214
2017-09-01,0.1905653001557539,-0.7678884885911508
2017-09-05,1.1044617985342065,1.5733565965001972
2017-09-06,-0.5112698708954255,-0.61540916231273
2017-09-07,1.035552763541947,1.018436162803571
2017-09-08,-0.12495406412700305,-0.21680222432012286
2017-09-11,-1.400714397659808,-1.200967888762161
2017-09-12,0.29277577169537494,-0.5270440646998331
2017-09-13,-0.7534611170576966,-0.39511217265397747
2017-09-14,0.4369098124020532,0.41086241593175643
2017-09-15,-0.5006207576559341,0.03944923209262541
2017-09-18,-0.9364174007228776,-0.577095579328013
2017-09-19,0.2088539057238492,-0.24611433274621675
2017-09-20,-0.8056762706663889,0.07151871370538743
2017-09-21,-0.763302471544236,-0.055554150974668204
2017-09-22,0.45543146609352547,0.28562256309161427
2017-09-25,1.0412984536013248,0.6240366985029056
2017-09-26,-1.122472640407679,-0.18125109029742958
2017-09-27,-0.9464790137827528,-1.5182804333687905
2017-09-28,0.18837445698105526,-0.2967839845551268
2017-09-29,-0.5168371577412678,0.2246812766433237
2017-10-02,-0.6684614889873153,-0.1833125203089203
2017-10-03,0.04967317019950457,0.0965361460343317
2017-10-04,0.28098889387884185,0.008018331817716273
2017-10-05,-0.5378816723625945,-0.3784918284822858
2017-10-06,0.47183541150497277,-0.2828000421430943
2017-10-09,0.8142542011554177,0.3150983096273485
2017-10-10,0.2617800009599769,0.16113148416572187
2017-10-11,0.31812040839058753,0.1931032083574813
2017-10-12,0.08140547013937294,0.42507837032559337
2017-10-13,0.7539254296556663,0.7177024143093291
2017-10-16,-0.6888462515219906,-0.07155512602006198
2017-10-17,-0.6854404417199866,0.12715486218937144
2017-10-18,-0.37735819439879137,-0.6612866587929034
2017-10-19,0.5900215657302255,0.1756714708092133
2017-10-20,-0.6393454395473341,-1.067000025343745
2017-10-23,0.1561172319444637,0.17725854287640175
2017-10-24,-0.38662591759726084,-0.6219104735257552
2017-10-25,0.01647984431061289,-0.47915415816843776
2017-10-26,-0.8440935931398386,-0.33430550389415004
2017-10-27,0.4725786574732993,0.6594427696952287
2017-10-30,0.19005561123002224,0.9529035155399157
2017-10-31,-0.3804794442604731,0.0321424383111335
2017-11-01,0.363969666116315,0.44425435249761946
2017-11-02,0.06603535530684823,0.4399820967633694
2017-11-03,-0.4714451332297642,0.27094439013586324
2017-11-06,0.850295097934417,0.3733772479607822
2017-11-07,-0.3623510843532962,0.41938278370698967
2017-11-08,0.3459056119704762,-0.22131793737827365
2017-11-09,0.4102401645100784,-0.2853590645398363
2017-11-10,-0.8221702339946013,-1.519395613331831
2017-11-13,0.14849063034301224,0.20932882573863054
2017-11-14,0.20587153071538467,0.6731392776814893
2017-11-15,-0.12346702455863223,1.0804426832604186
2017-11-16,-0.00823865246282196,-0.8729510841238408
2017-11-17,1.1954609509227332,0.7385324244998159
2017-11-20,-1.2696268046166637,-0.03963977835672594
2017-11-21,0.16473488437398487,0.3161585946081402
2017-11-22,0.9175087875408217,0.32298350518997765
2017-11-24,-0.2531110250715507,-0.2756335681879385
2017-11-27,0.4160741332319695,-0.14208647581908096
2017-11-28,-0.01628747154764909,0.1341823479128479
2017-11-29,-0.6289558392420957,-0.9907816121749846
2017-11-30,-0.7732229391441692,-0.33511882722860875
2017-12-01,0.40380612309283137,1.340468646643167
2017-12-04,-0.337765315460814,0.04737025749710355
2017-12-05,-0.7122188370048299,0.4963457903055968
2017-12-06,-0.20799541641842723,0.3452244633710855
2017-12-07,-1.3246352701112407,-0.7863192871663038
2017-12-08,-0.008435250698735075,0.007933082693867277
2017-12-11,-0.3974813553107026,-0.20547706423093004
2017-12-12,0.11856318079059847,-0.039554135642383415
2017-12-13,0.8596013189973384,0.7489194392105603
2017-12-14,-0.20159424324850406,0.4232208660341463
2017-12-15,0.2099870574296503,0.3746255834285783
2017-12-18,0.4604277886820718,-0.9157009992597942
2017-12-19,0.0751378342544129,-1.3058977425506768
2017-12-20,0.26671102328528207,-1.1134204343075105
2017-12-21,0.141400041112405,0.5811061724738664
2017-12-22,0.5222850279183788,0.13634126150945391
2017-12-26,0.6839416919106611,0.29607856988791426
2017-12-27,0.37705513021490944,1.2941626473741863
2017-12-28,0.5059543293278068,-0.086838002498002
2017-12-29,0.6490919761210634,0.15779107401581172
2018-01-02,1.2058023762451242,-1.085762486292019
2018-01-03,-0.26403330092135135,0.47693972722191447
2018-01-04,0.5114278310262677,-0.015885665542203498
2018-01-05,-0.10367021379344976,-0.2859285825412172
2018-01-08,-0.01596255390365897,-0.06365769964151724
2018-01-09,-0.4639219643041592,-1.3462899879285395
2018-01-10,0.24022706924071713,-0.12107214622405493
2018-01-11,0.3273877321212204,0.4110859348330109
2018-01-12,1.2044492942166585,0.16880262465619467
2018-01-16,0.16526906271696618,0.41671146909916246
2018-01-17,-0.8132363237353779,-0.1360389574671217
2018-01-18,-0.22222134485856415,-0.9332997738030535
2018-01-19,0.44394996120162844,-0.526798522075822
2018-01-22,0.18177059354300695,0.09747990670785356
2018-01-23,0.4961985943157998,0.42931861536796845
2018-01-24,1.2104345577546027,-0.5430832079430736
2018-01-25,-0.6697849027903047,0.8175690005137959
2018-01-26,0.0781175638679521,-0.37157916430521354
2018-01-29,-0.5637857183470985,-0.6982304697316977
2018-01-30,-0.4328123373075421,-0.5883948311443454
2018-01-31,0.6681089570490961,0.5883948311443454
2018-02-01,0.3284890986055444,-1.4598786686554455
2018-02-02,-1.3204686797240406,-0.9322577289932354
2018-02-05,0.2528643755518978,0.9405410101853029
2018-02-06,-1.055189964568104,-0.6232704854449267
2018-02-07,-0.47167720834533355,-0.9548636833430102
2018-02-08,0.1521419504395105,-0.10945898062129089
2018-02-09,-0.16817358427463347,-0.6339117013632212
2018-02-12,0.4797371517787141,0.4399169385025381
2018-02-13,0.5647253596785085,0.44639316720633815
2018-02-14,1.6908852519764928,-1.1154889054123984
2018-02-15,0.11691607653974145,0.33938247029166035
2018-02-16,-0.32769459911659027,0.5405138149610522
2018-02-20,-1.3532867750938316,-0.4389722161975307
2018-02-21,-0.460496405778521,-1.2344504748488916
2018-02-22,0.5080177401413977,0.2994286180538097
2018-02-23,-0.12676571223932953,0.884268026708579
2018-02-26,0.24545525850454553,0.033816991156854215
2018-02-27,-1.049377405473173,-0.14394016260732556
2018-02-28,-0.10394376248337167,0.6335659848692998
2018-03-01,-0.22425027652310803,0.6803218789007026
2018-03-02,0.5357640797750918,-0.8162491000481609
2018-03-05,-0.167617140037013,-0.2707468991451023
2018-03-06,1.0726720619182117,0.09312955348335095
2018-03-07,-0.6422202914569297,-0.11004706062012204
2018-03-08,-0.2389131123573307,0.5745361054891873
2018-03-09,0.09563496666089577,-0.6593869348043846
2018-03-12,0.0,0.5750710944989912
2018-03-13,0.1909899228191847,0.5046382015223116
2018-03-14,-0.06362480921948688,0.8771151276017797
2018-03-15,-0.638466196975962,0.0
2018-03-16,-0.24048352412036067,-0.3582321396053523
2018-03-19,0.21646240154513663,-0.31766447994598934
2018-03-20,-0.4494791958621569,-0.4027294715738705
2018-03-21,1.730579327847348,0.10922641625787932
2018-03-22,-0.3961028602094352,0.9860674718300544
2018-03-23,1.2855551688486955,-0.07488684880412322
2018-03-26,0.5236622780198097,-0.38354040708048487
2018-03-27,-0.6177451915059251,1.0636318975943304
2018-03-28,-1.3901136089335075,0.26410800877227913
2018-03-29,0.047707982436850926,0.48514997370459056
2018-04-02,1.1618397461990781,0.1971355159441579
2018-04-03,-0.7572201071777585,-0.7742108854638552
2018-04-04,0.118689546265216,-0.2069825124960012
2018-04-05,-0.5153580456720874,-0.7484929323786638
2018-04-06,0.46789913047762255,1.0876392167316062
2018-04-09,0.33963960355940515,0.16504257376457332
2018-04-10,0.2362787969159008,-0.18155944350883857
2018-04-11,0.7757730797944618,0.3545089367086085
2018-04-12,-1.1698777825105644,-0.7351040805845699
2018-04-13,0.6533610069864082,0.2318124826363288
2018-04-16,0.14113245973428334,0.03313575912695654
2018-04-17,0.09397976090923521,0.27249067466792454
2018-04-18,0.0782460718466993,-0.8031309063102121
2018-04-19,-0.19573308498896935,-0.8179375047165038
2018-04-20,-0.7630932179695016,-0.7233626473116317
2018-04-23,-0.800792788225202,0.02530188435541092
2018-04-24,0.4844167468111671,-0.4567826228563554
2018-04-25,-0.6517267321502374,-0.6720582366053662
2018-04-26,-0.35146807713912764,0.6974857924641142
2018-04-27,0.4232040306177076,0.7683643434895693
2018-04-30,-0.7277441654352401,0.17647646030685138
2018-05-01,-0.7088207443339378,-0.36082970691939664
2018-05-02,-0.04851031664152572,-0.10978225142306286
2018-05-03,0.5082068394913541,0.44702825153475345
2018-05-04,0.20898820929318163,0.15138721025049762
2018-05-07,0.024084765259058116,-0.15974967546332763
2018-05-08,0.016051246931869656,-0.09265483616482939
2018-05-09,-0.20889812252642415,-0.6000216680743797
2018-05-10,0.681336824222889,0.8020429406632168
2018-05-11,-0.14389666321497074,0.2518877212237314
2018-05-14,-0.4088363068462719,-0.5297733249017611
2018-05-15,-1.6277595476396733,-1.1448035006133672
2018-05-16,-0.15524980696373092,-0.38454860118051215
2018-05-17,0.05722435830604056,-0.506333693177563
2018-05-18,0.04085717333053296,0.8567542022104746
2018-05-21,0.0571682753271574,0.05121228042979098
2018-05-22,-0.0571682753271574,-0.15363376734054413
2018-05-23,0.10614187645909823,0.723335707758288
2018-05-24,0.8532091201768566,0.79383575758456
2018-05-25,-0.3079396764578135,0.6205481924988376
2018-05-29,-0.016231041385150746,2.1665893222944987
2018-05-30,0.1460093554237929,-0.6729920154726621
2018-05-31,-0.21909715513723782,-0.16488772538858498
2018-06-01,-0.4967644235411406,-0.5298168697100536
2018-06-04,-0.09801121170811555,-0.7257638785879372
2018-06-05,0.39148221040479214,0.2341342118651113
2018-06-06,0.05696358194500206,-0.813567586984032
2018-06-07,-0.0488221662327426,0.9638282136326559
2018-06-08,0.12201695433651238,-0.30073937906855974
2018-06-11,0.1786884944226408,-0.18421138407003212
2018-06-12,-0.3332688774722037,0.025144457603953896
2018-06-13,0.3008032375587,-0.050287225873457686
2018-06-14,0.15411027282308254,0.8265187852620315
2018-06-15,-1.6672509186741458,0.09144073403666297
2018-06-18,-0.18972637609842025,-0.09144073403666297
2018-06-19,-0.2562917808995202,0.5803961155693038
2018-06-20,-0.4480227388754976,-0.8801361301253863
2018-06-21,-0.17477352868704443,0.5240024877514848
2018-06-22,0.24126912728643646,-0.00830263559192801
2018-06-25,-0.37463887322166656,0.22384252005638317
2018-06-26,-0.526864902129276,0.14059375790944628
2018-06-27,-0.5718147886605074,0.9379726185586357
2018-06-28,-0.30405479988209194,0.024575780285385207
2018-06-29,0.36306900201950043,-0.34449396348454897
2018-07-02,-1.0080153442110884,-0.07825160815677634
2018-07-03,1.0080153442110884,0.5341999476613069
2018-07-05,0.33656028250153014,0.28643429965882206
2018-07-06,-0.15972634935632612,0.32645188866364805
2018-07-09,0.24368812775596993,-0.6456447947469357
2018-07-10,-0.18481290459551047,-0.008257800400368609
2018-07-11,-1.0905978807670635,0.38470156580698855
2018-07-12,0.41565812124293444,-0.008164445015079735
2018-07-13,-0.44116186573557314,0.25292822921496594
2018-07-16,-0.051027010513049476,-0.41648212511509186
2018-07-17,-1.086273575472596,-0.18834477987130782
2018-07-18,0.02579541677247832,-0.4025516293425291
2018-07-19,-0.4308123245285955,0.63181776841299
2018-07-20,0.6455244826308437,-1.2344709370695206
2018-07-23,-0.48159498350948127,-1.2415447031876248
2018-07-24,0.03447760365951069,0.3432112922252095
2018-07-25,0.5500180472054694,-0.1589231332657981
2018-07-26,-0.7829712393953692,-0.19265224992270902
2018-07-27,0.05181795313156101,0.16752425506512125
2018-07-30,-0.15552128809899202,-0.34379658215568654
2018-07-31,0.29355602050307184,0.5445403927359038
2018-08-01,-0.7355188129705148,-0.8180310312271288
2018-08-02,-0.5399323029875447,0.1434163603101446
2018-08-03,0.34867672609539824,0.49609365383016524
2018-08-06,-0.5147198608389303,0.05867827868071274
2018-08-07,0.22714889105870384,-0.5210808324208394
2018-08-08,0.2788736658923874,0.10106933101070581
2018-08-09,-0.14805645831970082,0.8382901124504016
2018-08-10,-0.04358228922818341,0.7236617655327571
2018-08-13,-1.5199092023381766,-0.2073849658448701
2018-08-14,0.09733276081034248,-0.2245026623232782
2018-08-15,-1.6766621575930785,0.580912170087533
2018-08-16,-0.08097887609235244,-0.008237004614031207
2018-08-17,0.9228205066865947,0.1240973823041891
2018-08-20,0.49818196508910617,0.6672651217086489
2018-08-21,0.29240568705191095,-0.337222968735329
2018-08-22,0.2209555076481351,0.3947102332968022
2018-08-23,-0.9491353686730264,0.15577580754424503
2018-08-24,1.7318039357996362,0.19647032023071276
2018-08-27,0.3759503232664052,-0.5741214534345396
2018-08-28,-0.7973022006626529,-0.6021237477468411
2018-08-29,0.4563784025624962,0.13228345139406628
2018-08-30,-0.4915718883920839,0.2145635691686465
2018-08-31,-0.1144594028062329,-0.23109238304916957
2018-09-04,-0.5122797149080149,-0.5798567500632679
2018-09-05,0.3447511831348393,-0.2669623057798276
2018-09-06,0.193953353678733,0.3669232989610194
2018-09-07,-0.27340278330774126,-0.8525916049695326
2018-09-10,-0.07067924079828813,0.3686746135999286
2018-09-11,0.06184538252069771,-0.7640096887856274
2018-09-12,0.8355710260063098,0.23571388252978664
2018-09-13,-0.3597564816940846,0.15122097303379434
2018-09-14,-0.6526220333751276,-0.47961431416725375
2018-09-17,0.5206771454576931,0.0
2018-09-18,-0.1497451648772241,-1.0515153691832424
2018-09-19,0.38711539862426037,-0.5984550614136275
2018-09-20,0.3418801489790013,0.46198421970862213
2018-09-21,-0.684933129143861,-0.04268586736255742
2018-09-24,-0.017621292913982955,-0.2565148078907953
2018-09-25,0.15850681638402975,-0.10280509306310748
2018-09-26,-0.5293338005935233,0.7003139029527539
2018-09-27,-0.8884998236125874,0.06806756438813011
2018-09-28,0.631645770822864,-0.263999039508267
2018-10-01,-0.16864375351177685,-0.7368456443943572
2018-10-02,1.1482223287118565,0.6094076342854748
2018-10-03,-0.3959744500981799,-1.7523585870908853
2018-10-04,0.05289130805081754,-0.7078599631584304
2018-10-05,0.28159089867125786,-0.8632509386820253
2018-10-08,-1.1133826368821431,-0.33673701599186145
2018-10-09,0.05329800140057017,1.006786645854696
2018-10-10,0.24835810584162843,-0.27276481168927447
2018-10-11,2.5366544894875886,1.2086330898933184
2018-10-12,-0.47616679491744307,-0.34879023955989297
2018-10-15,0.6660030947979401,-0.04372066389963791
2018-10-16,-0.1725599613775941,0.22694571071602
2018-10-17,-0.008637796161536926,-0.5946667350432477
2018-10-18,0.1122068685606159,-0.035122550301380784
2018-10-19,0.07761304849287498,-0.21963341721749075
2018-10-22,-0.25893597255199907,-0.13197192966956095
2018-10-23,0.5859562733876444,0.3165120335239635
2018-10-24,0.23171370069290376,0.7520737177396875
2018-10-25,-0.2231204310531254,-0.41913784790512665
2018-10-26,0.3173610933107085,0.6018932598920834
2018-10-29,-0.394713997893259,-0.22631669843953262
2018-10-30,-0.4394427867848272,-0.4980374693181133
2018-10-31,-0.562895197466684,-0.5093790039716772
2018-11-01,1.2770867635503613,0.09260985493311225
2018-11-02,0.017150439484403535,-1.2510352709554695
2018-11-05,-0.24032178261359505,0.3920388273058073
2018-11-06,-0.283982657917381,-0.0622630842997296
2018-11-07,-0.008619930408748644,0.1334238487042505
2018-11-08,-0.21569397313125904,-0.008886027299048749
2018-11-09,-1.1291663536045604,0.7438289658855624
2018-11-12,-0.7188596482678555,0.6506921065752458
2018-11-13,0.03518058272167224,-0.0613374728084537
2018-11-14,0.8233404279792467,0.0613374728084537
2018-11-15,0.11333182475068426,-0.04385954444954265
2018-11-16,0.7378878966228797,0.5771160707630507
2018-11-19,0.04323180677419103,0.27858063421692947
2018-11-20,0.0,0.03480503404471591
2018-11-21,0.16412774591652024,-0.03480503404471591
2018-11-23,-0.07771357154267022,0.10429670740572661
2018-11-26,-0.11235233509472309,-0.2260658573140617
2018-11-27,-0.5984687209490858,0.11312556926519335
2018-11-28,0.3733780363457839,-0.4881019076621307
2018-11-29,0.3115272664462765,0.39235633840366546
2018-11-30,-0.17294794115239043,0.37355987963652026
2018-12-03,0.7501675441847766,0.7075489758232578
2018-12-04,0.6080599945142318,1.6602616374165713
2018-12-06,0.017072178718180453,0.31358435931254647
2018-12-07,0.8077219150825599,0.18594074262896498
2018-12-10,-0.3477935715566538,0.41296181014311983
2018-12-11,-0.11903699128756884,-0.016835677051840747
2018-12-12,0.2124676769657441,-0.4468268651089069
2018-12-13,-0.22097759847801157,-0.23683210354672468
2018-12-14,-0.4007006751401754,0.3466591763754856
2018-12-17,0.6895742533218119,0.5807016766222084
2018-12-18,0.23726710074090107,0.5970591287629112
2018-12-19,-0.6112602571898051,1.3124047580750364
2018-12-20,1.529583691870684,-0.36373747069617934
2018-12-21,-0.437046119321316,-0.016532062578367146
2018-12-24,1.0890577890308784,0.4957614580320957
2018-12-26,-0.30039490254063494,-1.07731129769153
2018-12-27,0.7576076031935663,0.016636312422235733
2018-12-28,0.4055775698518893,0.8378409749615123
2018-12-31,0.15682595209627337,0.3793047182342413
2019-01-02,0.06595913377136498,0.5253162237215392
2019-01-03,0.902531942317264,1.131551795682384
2019-01-04,-0.8119106827352951,-1.1642754141360179
2019-01-07,0.3452516077851797,-0.2952735614589308
2019-01-08,-0.2711713990728448,-0.26316834730621963
2019-01-09,0.6397649700216057,-0.15659713152489374
2019-01-10,-0.5904086348646587,-0.6454669702200988
2019-01-11,0.17256811414601003,0.38947396202315687
2019-01-14,0.2378067354322333,-0.3728437516540062
2019-01-15,-0.17215161032266835,-0.3658624983226666
2019-01-16,0.31947551186357614,0.09993200600160179
2019-01-17,-0.13094038577046163,0.02498305712475002
2019-01-18,-0.896648938779876,-0.5255896624350775
2019-01-22,0.3546836864985359,0.6751617224848516
2019-01-23,-0.14007184915953985,-0.04150147225656653
2019-01-24,-0.1567871305494073,0.6544479878300535
2019-01-25,1.4511460180241187,-0.48006233618682614
2019-01-28,0.3493810602621217,-0.09962509467991154
2019-01-29,0.5580978043919771,0.5053436141488454
2019-01-30,0.5710387238117676,-0.07438357205504786
2019-01-31,0.0481058043325433,0.8563262987465237
2019-02-01,-0.200601872686601,-0.6058183627562386
2019-02-04,-0.43467903708815925,-0.44745949078350833
2019-02-05,0.2578149168765087,0.455737412024515
2019-02-06,-0.678184686965988,0.049575602994078594
2019-02-07,0.24273450059935087,0.6588422495810597
2019-02-08,0.3791101346321213,0.42589423953973693
2019-02-11,-0.4923141507008566,-0.39308466279246446
2019-02-12,0.21013677593764157,-0.25470291365055076
2019-02-13,-0.39639080913298486,-0.3791133404378755
2019-02-14,0.5577307519395447,0.5681323933675486
2019-02-15,0.5947180522780648,0.1559085858128917
2019-02-19,1.510958285209263,0.2538269984524
2019-02-20,-0.17378437981703243,-0.28658389307310017
2019-02-21,-1.1370537714507911,-0.8979746175368675
2019-02-22,0.35920768439101636,0.5940795357313178
2019-02-25,-0.10363715360961478,-0.29659860539590355
2019-02-26,0.16736332310030022,0.4937766367399732
2019-02-27,-0.7112343678443267,-1.1393616153605457
2019-02-28,-0.5629776625606375,-0.3410313394904385
2019-03-01,-1.7163968380321748,-0.9285992915004648
2019-03-04,-0.262898361774333,0.7806834027796583
2019-03-05,0.1315387092919451,0.20880899943325204
2019-03-06,-0.09041270457164075,0.366481808114294
2019-03-07,-0.08226265106170416,0.6464220264537524
2019-03-08,1.0886084259377427,0.4204319906622622
2019-03-11,-0.48963578180920564,-0.2966060147516103
2019-03-12,0.6035459879401905,0.6987913083936093
2019-03-13,0.6968612448215339,-0.18857159174467952
2019-03-14,-1.1614284265949237,-0.7249350195534632
2019-03-15,0.45643371070225314,0.6592219966988999
2019-03-18,0.05690800870326029,-0.05751317431386127
2019-03-19,0.27594883221055966,-0.22212265584409252
2019-03-20,0.6463126873943459,1.040580937274438
2019-03-21,-0.403454108769985,0.2198715002121432
2019-03-22,0.2342023390243142,1.5415381440516462
2019-03-25,0.7633907060241363,0.16004010150698633
2019-03-26,-0.497549468884273,-0.07198073123992899
2019-03-27,-0.5243016760484664,0.9160066007612322
2019-03-28,-1.4253957303042242,0.3482945164170914
2019-03-29,0.09019770912033209,-0.09486984388571429
2019-04-01,-0.39418902576437986,-1.4305890640334162
2019-04-02,0.3695988550421525,0.18475315854669105
2019-04-03,-0.14767440573919544,-0.8705735247358959
2019-04-04,0.25419025120267946,0.282975352485515
2019-04-05,-0.10651584546348403,0.12906294642096583
2019-04-08,0.43355523546013686,-0.35537005929455745
2019-04-09,0.5210460213683987,0.3150557791745001
2019-04-10,0.30808947099307815,0.24167984784284613
2019-04-11,-1.2872932029622142,-0.5891157068212749
2019-04-12,-0.09844542413608437,-0.7147835817643333
2019-04-15,-0.188968841218351,0.2523651429658713
2019-04-16,-0.9004202217837154,-0.6280738442078437
2019-04-17,-0.19104067944004655,0.040905681861946874
2019-04-18,0.07480072379886238,0.5221141473215063
2019-04-22,0.0,-0.4812328311714964
2019-04-23,-0.20790892290234453,0.21231385111830647
2019-04-24,0.29095034311525936,0.8125979081748724
2019-04-25,0.08297251865103661,-0.14578630480057697
2019-04-26,0.6613259149985673,0.33982544145789717
2019-04-29,-0.44591395549060664,-0.640141511884984
2019-04-30,0.3057434262503378,0.5107962220665563
2019-05-01,-0.6622502907560168,0.41167373397588136
2019-05-02,-0.3827907452540913,-0.47735819519720835
2019-05-03,0.5902166622600014,0.2834745341539602
2019-05-06,0.13252386046360698,0.274604705173509
2019-05-07,0.3305527606358716,0.7631772042721252
2019-05-08,-0.24780734551379524,-0.4330728650593585
2019-05-09,0.23955509816442344,0.4090698663605785
2019-05-10,0.18959191232168493,-0.13620814887058685
2019-05-13,1.0159840539079035,0.782520125631958
2019-05-14,-0.171336954431478,-0.29473997794546847
2019-05-15,-0.05717761663674992,0.612355237292217
2019-05-16,-0.7216080906090383,-0.33353217692759785
2019-05-17,-0.7102776783024289,0.22248821106227723
2019-05-20,-0.008290551782685895,-0.2065712934814279
2019-05-21,-0.23236423674717344,-0.15919415863852038
2019-05-22,-0.09975291545627485,0.5719330657546706
2019-05-23,0.770477545364745,1.1184655912193975
2019-05-24,0.10723379767867414,0.08611041770505423
2019-05-28,-0.388222691557516,0.717408191139679
2019-05-29,0.033099640161360355,0.3025755720141632
2019-05-30,0.6761236816409166,0.8561749771403449
2019-05-31,1.3386857013474085,1.2441765627268175
2019-06-03,1.4329650783140302,0.6666412422799972
2019-06-04,0.031967486235551235,-1.146665045611428
2019-06-05,0.25536658304687876,-0.5667748577776521
2019-06-06,0.32623544765035817,0.32207020351195936
2019-06-07,0.5624438342681337,0.8614599879489759
2019-06-10,-1.000321548653904,-0.9456880699021397
2019-06-11,-0.11975692988466236,0.0612553996774956
2019-06-12,0.5179100221238464,0.0765004996234886
2019-06-13,0.6100693501630339,0.34379598171332404
2019-06-14,-0.03160129284811575,0.2513665554398692
2019-06-17,-0.0632265286402145,0.1747956250873095
2019-06-18,0.504732439223865,0.4999237355526098
2019-06-19,0.603897083808036,0.14342163074427816
2019-06-20,2.48661554938181,0.2637802621473284
2019-06-21,0.6613693416667843,-1.1047666203380935
2019-06-24,1.4741593126273322,0.7428835431326775
2019-06-25,0.19392450876951628,0.3091896655868176
2019-06-26,-0.9207653748306122,-0.6420549300358402
2019-06-27,-0.09781791081797664,0.7022266927767973
2019-06-28,0.27063662544692946,-0.06767563527869669
2019-07-01,-1.9559428102496668,-0.23419202129568717
2019-07-02,2.11348135480538,0.7683604102542319
2019-07-03,0.1647702692010533,0.7104005460180751
2019-07-05,-1.1212861349997993,-1.3351993553073704
2019-07-08,-0.645339617443419,0.13589733830050577
2019-07-09,0.34976216131425986,-0.03775603927822502
2019-07-10,1.5664164068756037,-0.5522196130336887
2019-07-11,-0.8479433149487292,-1.3440451975098355
2019-07-12,0.6235244213343094,0.11522763118314572
2019-07-15,0.0,0.5743251089465495
2019-07-16,-0.849856515023717,-0.29818275058701715
2019-07-17,1.6331233962022296,1.0739438657527245
2019-07-18,1.4019221072833155,0.007599036023719918
2019-07-19,-1.4836917525038906,-0.23511264438420554
2019-07-22,-0.01487748968767022,0.18962942842311037
2019-07-23,-0.5668654760058622,-0.5472272394245081
2019-07-24,0.5073447292028632,0.4334603223923317
2019-07-25,-0.7095118991376381,-0.47915733697792007
2019-07-26,0.16475793640440273,0.23608282828257998
2019-07-29,0.6637600502191532,0.03040693507792014
2019-07-30,0.3339374239096138,0.2430500128014046
2019-07-31,-1.3199706898716634,0.8008878567059341
2019-08-01,2.3738202587374246,1.9665303942352885
2019-08-02,-0.38193529104750823,0.9198716063953505
2019-08-05,1.3885007839557595,1.7140798184213324
2019-08-06,0.8095529492026188,0.7961230242828243
2019-08-07,1.5075486815260497,0.035664166018101184
2019-08-08,0.5022054446004454,0.21407497715619783
2019-08-09,-0.33216839398715337,-0.19977845630263502
2019-08-12,0.9651773675578568,2.063585844455229
2019-08-13,-0.5977346952418472,-0.3433118765088672
2019-08-14,0.6818296719088401,2.2279040979137577
2019-08-15,0.6632923311853389,1.1057638438264128
2019-08-16,-0.6422796323197311,-0.8041731696668108
2019-08-19,-1.176524312974614,-1.4405784417718337
2019-08-20,0.7765153200510078,1.0291180025064683
2019-08-21,-0.316943748851628,-0.6687671592277233
2019-08-22,-0.25427378094429187,-0.6663114048191865
2019-08-23,1.940043582556772,1.6301231325132726
2019-08-26,0.013874512727696242,-0.40508618865580104
2019-08-27,0.9525229640209965,1.5291375391008444
2019-08-28,-0.2820513317677076,0.12864337812148463
2019-08-29,-0.7190355573253093,-0.3795972550865834
2019-08-30,-0.25705723222451127,0.0271722669570984
2019-09-03,1.3817145553141508,0.12917652074477814
2019-09-04,0.6224182405114576,0.14929560927292584
2019-09-05,-2.429383958928266,-1.8275956314818487
2019-09-06,-0.8559662387184197,0.70896038924948
2019-09-09,-0.37414803722946033,-1.7924853003660424
2019-09-10,-0.85947664634487,-1.7683322508084132
2019-09-11,0.6045366225015947,-0.17784323904654897
2019-09-12,0.2054249269613173,-0.6572318287215495
2019-09-13,-0.8313640257218147,-2.1590784568784827
2019-09-16,0.8313640257218147,1.2663384999894944
2019-09-17,0.197935004540728,0.540920348756746
2019-09-18,-0.6305141849163753,0.4234163070031549
2019-09-19,0.40426457009603567,0.3003854741178813
2019-09-20,1.1751169204553769,1.3124604716652222
2019-09-23,0.5580782257567307,-0.021175689070851433
2019-09-24,0.5272991620432599,1.1981935319290038
2019-09-25,-1.8719501081169376,-1.473480823503337
2019-09-26,-0.028212781803826914,0.6412032744341545
2019-09-27,-0.5161727926225268,0.24546467736383804
2019-09-30,-1.5647105922202975,0.24496709048484888
2019-10-01,0.5457893373497669,0.3006110236617232
2019-10-02,1.1606023170116941,0.24397030741374337
2019-10-03,0.4520416059329513,0.90808630244128
2019-10-04,0.0,0.7356494861200602
2019-10-07,-0.8563635410989257,-0.8323556930049492
2019-10-08,0.8704599917037648,0.2690672491532098
2019-10-09,0.09156241246355279,-0.566440973545479
2019-10-10,-0.8767683192965947,-1.5006629429689333
2019-10-11,-0.5554769940673054,-1.2454436187150364
2019-10-14,0.3991150393420462,0.723690970955726
2019-10-15,-0.6995001671277201,-1.2162043807850687
2019-10-16,0.5713914835704159,0.12157529398963973
2019-10-17,0.14233647353725232,-0.24330519069835077
2019-10-18,-0.10673064134527621,0.0
2019-10-21,-0.47815500752133033,-0.7550878224828139
2019-10-22,0.29287043785162226,0.5830166736832787
2019-10-23,0.23510275929137237,0.10040033103457802
2019-10-24,0.7090719694469172,-0.2009148363059765
2019-10-25,0.23289599557347884,-0.4897232465220114
2019-10-28,-0.8637230479381586,-0.9137775689931793
2019-10-29,-0.2776885194245793,0.06555370460299415
2019-10-30,0.5475210184932244,1.4528050127641912
2019-10-31,0.994884493546877,1.3400386882641335
2019-11-01,0.09123470738270356,-0.3083344402445398
2019-11-04,-0.28801514371741277,-1.324899551467773
2019-11-05,-1.6312331868591379,-1.1309934716247305
2019-11-06,0.428106853055521,0.6033138226727353
2019-11-07,-1.5643205521890913,-1.8284512621541182
2019-11-08,-0.6384733806550358,-0.42162636549765153
2019-11-11,-0.24048241483871635,0.06668836568692882
2019-11-12,0.26958749275864946,0.45822160285853286
2019-11-13,0.3994072881030597,0.6467577377639699
2019-11-14,0.4194711040663712,1.02771820289842
2019-11-15,-0.25291110010527973,-0.10887617408652517
2019-11-18,0.2962025072170249,0.18131654652986384
2019-11-19,0.050490300618299955,0.8298476500214313
2019-11-20,0.05045382424526679,1.0294609922659959
2019-11-21,-0.549209735682421,-0.6278712747803006
2019-11-22,-0.1885795159979331,0.12879126522067352
2019-11-25,-0.4803179633254828,0.2926039775775102
2019-11-26,0.4803179633254828,0.5827041665996013
2019-11-27,-0.5314014225370478,-0.29094731039647215
2019-11-29,0.6184806112979224,-0.21340424338385233
2019-12-02,-0.05079436043828878,-1.3422330878811728
2019-12-03,0.9534253178573593,2.075070030034709
2019-12-04,-0.1366776763793709,-1.0035542099580574
2019-12-05,0.05757184354600042,-0.48760140273991226
2019-12-06,-0.9977704836757084,-0.5549961749810706
2019-12-09,-0.02906488870486612,0.21656092097916968
2019-12-10,0.283069966065419,0.00724912790053267
2019-12-11,0.6861935627691551,0.7830364702762438
2019-12-12,-0.35334849047758965,-1.6595182178853918
2019-12-13,0.44688728367159314,1.1501565035374028
2019-12-16,-0.007198939739794241,-0.9030697847891567
2019-12-17,-0.021577975709607955,-0.13803192126218278
2019-12-18,0.007200493236858563,-0.8245814419756137
2019-12-19,0.2586212637701202,0.1598559857674431
2019-12-20,0.10039397404915107,0.13180341197180923
2019-12-23,0.3077203372165549,-0.14644399839722766
2019-12-24,0.9387789011396919,0.28536743551184074
2019-12-26,0.7826590803155398,0.24091071511369577
2019-12-27,-0.035125602256869115,0.10925672339840986
2019-12-30,0.21055808220618033,-0.36476172297161824
2019-12-31,0.18911434545749728,-0.9842069848551738
2020-01-02,0.7320953634035732,1.1229914635005223
2020-01-03,1.318126588252877,1.5283197732825826
2020-01-06,1.0434868967012179,-0.5695383393345743
2020-01-07,0.3927428056507587,-0.4928080181029415
2020-01-08,-0.7529802584635092,-0.6632369882690448
2020-01-09,-0.566768448635635,0.35040956902738785
2020-01-10,0.6008107616787939,0.885151465600309
2020-01-13,-0.7447144703816022,-0.30384150260260867
2020-01-14,-0.089194118264313,0.5130805601758048
2020-01-15,0.5817289492434874,0.6609999282516377
2020-01-16,-0.15707412123404652,-0.31555519829069567
2020-01-17,0.184372528600818,-0.8585252901367468
2020-01-21,0.10909837309727166,1.0451103561120334
2020-01-22,0.03405975107133585,0.3506867123675761
2020-01-23,0.22455988755121226,0.6977771383554376
2020-01-24,0.5828553518776758,0.8055553874933175
2020-01-27,0.6802125843070606,1.5435465904826806
2020-01-28,-0.8966868036617726,-0.7862731842195991
2020-01-29,0.5403248480831735,0.9731800279853431
2020-01-30,0.0067318940979888,0.013870143064576013
2020-01-31,0.5775708477189667,0.9088336040829148
2020-02-03,-0.651687759559838,-0.08107788466977794
2020-02-04,-1.309430818678159,-1.3558076904805816
2020-02-05,0.12285555646718294,-1.0995014358715416
2020-02-06,0.5373934234125244,0.4496766344519898
2020-02-07,0.26423634506587135,1.2400844057745886
2020-02-10,0.25679490647929626,0.2766058890159684
2020-02-11,-0.344789243087007,-0.5053632453101642
2020-02-12,-0.08130784812250269,-0.5078917478967604
2020-02-13,0.5677303718111482,0.3828720698757948
2020-02-14,0.4169722276595955,0.4368232996140975
2020-02-18,1.273735095184314,0.6825018208266087
2020-02-19,0.5814285510176376,-0.006833533057193364
2020-02-20,0.4076339518292116,0.7802590805669141
2020-02-21,1.4913455926308217,0.9297679810134518
2020-02-24,0.894500265671816,1.4817911943824313
2020-02-25,-1.8035934723933167,0.5310334215240076
2020-02-26,0.4360980385151869,-0.5310334215240076
2020-02-27,0.019481624361361582,1.079028688195205
2020-02-28,-3.717601874476628,2.2332709944427265
2020-03-02,0.551108364665609,-0.7384772706956255
2020-03-03,3.095039019408663,1.540596067797928
2020-03-04,0.17529903517550238,-1.067468846740649
2020-03-05,2.1370951204574773,2.458658661272306
2020-03-06,0.03808885074381152,5.073498383408115
2020-03-09,0.16488747161256256,2.674206413540414
2020-03-10,-2.1327151826289636,-5.261841207702478
2020-03-11,-0.35667044227176703,-3.7491403442490245
2020-03-12,-4.07056042424383,0.6177554097615001
2020-03-13,-3.0991552565301284,-2.286264537088112
2020-03-16,-1.1512126298224956,6.275457229540926
2020-03-17,1.3464426338705593,-6.901046513370268
2020-03-18,-2.012310684271146,-5.806580477917045
2020-03-19,-1.9086492837834257,2.6860854296602454
2020-03-20,1.488438314668361,7.250195583143881
2020-03-23,4.323149614629607,4.038401396996338
2020-03-24,4.7389520259250695,-1.8790347220656756
2020-03-25,-1.3784208180364743,-0.22735146241448234
2020-03-26,1.2740714714697177,0.49097478996076305
2020-03-27,-0.6481449089243974,2.634258576644033
2020-03-30,0.4390990264266925,-0.8262766765548157
2020-03-31,-3.236482169365207,-0.8150116686507225
2020-04-01,0.9411793149400438,1.391329592238577
2020-04-02,1.6260501110561876,0.6326107998042119
2020-04-03,0.4925309776577791,0.23763569646391147
2020-04-06,2.733353381543502,-0.26150655880474716
2020-04-07,-0.5368871400719399,-1.0527429044542735
2020-04-08,-0.8947881947437786,-0.7302685560343747
2020-04-09,2.5788169295063668,0.181571575296946
2020-04-13,1.6995105513928799,-0.917167652365336
2020-04-14,0.7837301543346165,-0.024452130053109755
2020-04-15,-0.5115017933585264,2.614448474527009
2020-04-16,-0.08653689753943539,1.1292988984515695
2020-04-17,-1.9608466717140338,-1.349527394660921
2020-04-20,0.7100853720992006,0.8012796386501542
2020-04-21,-0.6848673348053502,1.2512720120184007
2020-04-22,1.9479888950845847,-1.0269069739697656
2020-04-23,0.9905643795524277,0.5294626303891548
2020-04-24,-0.4294729942651898,0.23438775978013027
2020-04-27,-0.6662589983554845,-1.878946798977843
2020-04-28,-0.4466516323335057,1.1445954465274077
2020-04-29,0.5518192454017523,-0.5202481520059088
2020-04-30,-1.8282683683788825,-1.1745283387631034
2020-05-01,0.6152293383342666,0.8526376500936905
2020-05-04,0.3498676361159525,-0.47153273719677813
2020-05-05,0.42320696304072314,-0.6421299513058365
2020-05-06,-1.2938939248233972,-1.626702240922473
2020-05-07,1.52341241085594,1.6567969371465097
2020-05-08,-0.6028427741239462,-1.3085493268511605
2020-05-11,-0.6253147010599314,-0.7837113028450915
2020-05-12,0.38815245238019713,1.0212370610449106
2020-05-13,0.9576645345897639,0.6972231154755093
2020-05-14,0.8811127536123564,0.9739751268096342
2020-05-15,0.5627947839550451,-0.2576614168725122
2020-05-18,-0.7592898231851386,-2.2198978931049496
2020-05-19,0.9603940342588935,0.37349092037333165
2020-05-20,0.23714668825753904,0.2989180917293055
2020-05-21,-1.4683616168536417,0.24943919161115602
2020-05-22,0.589940071477546,0.5998383919147976
2020-05-26,-1.4316858429626933,-1.3501086696164677
2020-05-27,0.1800809585778218,-0.18383836006030663
2020-05-28,0.3344744865694693,-0.3687274807496088
2020-05-29,0.7331471236597054,0.711687260527416
2020-06-01,0.4593203918142663,-0.6755955178284978
2020-06-02,-0.6497892824854468,-0.36422484516114295
2020-06-03,-1.862251139241966,-1.3386411529654474
2020-06-04,1.0471254055873125,-1.4585154492001706
2020-06-05,-2.0483689915413272,-0.7148436864747865
2020-06-08,1.076400243904363,0.3836123112495926
2020-06-09,0.9595645355064519,1.1295132878138325
2020-06-10,1.422314285485271,1.4717729300795845
2020-06-11,-0.7240232329264629,1.8724488703429465
2020-06-12,0.14153150353442,-0.9687872527909036
2020-06-15,-0.17848491512042486,0.05543816864213014
2020-06-16,-0.04929560183830617,-1.5451962132439157
2020-06-17,0.19087937874244787,0.41187924725001324
2020-06-18,-0.1970395110546974,1.0532522354226082
2020-06-19,1.097257622136727,0.08006473057129426
2020-06-22,0.644142707482942,0.012360364417229874
2020-06-23,0.8384398864595966,-0.6858436869473294
2020-06-24,-0.3489996015800578,1.0668152410390874
2020-06-25,-0.060289929861490066,0.28791272909289845
2020-06-26,0.4453219386376439,1.0646171966405937
2020-06-29,0.054033436002232094,-0.31515255624965377
2020-06-30,0.443108649793178,-0.48687661792774506
2020-07-01,-0.44911601101027543,-0.19438351050036218
2020-07-02,0.2158277937509112,0.10400791442268797
2020-07-06,0.5970880083946639,-0.4104841064600073
2020-07-07,0.6290434327038241,1.3958710479251124
2020-07-08,0.6192353605402268,-0.40030305805673905
2020-07-09,-0.27080639028707054,1.5797263712467036
2020-07-10,-0.25972650920351725,-0.503766352097923
2020-07-13,0.12403879870825918,0.3300898818659803
2020-07-14,0.46527281640109663,0.1436879474326247
2020-07-15,0.08809438623460508,-0.4677947502333524
2020-07-16,-0.9496639325154099,0.4738149860801677
2020-07-17,0.8204262794308192,-0.20957995241586147
2020-07-20,0.4808590336846663,0.24545391503174585
2020-07-21,1.19789624776665,0.05982309479497516
2020-07-22,1.5087942737563864,0.2984277463529139
2020-07-23,0.8786586410813868,1.1613715061307595
2020-07-24,0.8542281441677346,-0.005905836697195355
2020-07-27,1.9561196964698269,-0.3718780382643061
2020-07-28,0.8306536040413093,0.6895030477335418
2020-07-29,0.7482169283186124,-0.1704696340146583
2020-07-30,-0.7427778888432712,0.6567416490052658
2020-07-31,0.9046884353027806,-0.06431750306665762
2020-08-03,0.11318982444246117,-0.5047318337809692
2020-08-04,2.105451541285319,0.9486549263765909
2020-08-05,0.9240417270834911,-0.8781024897552392
2020-08-06,1.3186741026147253,0.556960516438032
2020-08-07,-1.6012829047696187,-0.6687129747082743
2020-08-10,-0.3464953471448595,-0.44843514635841686
2020-08-11,-5.51897267189787,-1.1956085524631455
2020-08-12,-0.4679132411383513,-0.9137159464124522
2020-08-13,2.3343474417206522,-1.0746746278186947
2020-08-14,-0.43185272542078934,-0.39147400544550237
2020-08-17,2.146194877539198,0.2509735983283967
2020-08-18,0.8967673573403445,0.7126704433815689
2020-08-19,-3.207438281593067,-0.6271433216889832
2020-08-20,0.6890137653281947,0.8998726294533022
2020-08-21,-0.8043165542872543,0.597456004252539
2020-08-24,-0.5674470685926636,-0.16259085863543632
2020-08-25,0.12147382641174431,-0.7683242250164923
2020-08-26,1.173966732513776,-0.3833458662238165
2020-08-27,-1.162928674736019,-1.7155663261440246
2020-08-28,1.72309262992405,-0.07444017438098527
2020-08-31,0.2383417194323556,0.6619246560672032
2020-09-01,0.1189581722410793,1.1372830402645029
2020-09-02,-1.321861087305809,0.9475379804533723
2020-09-03,-0.8137254873337163,0.28373631389335685
2020-09-04,0.2756493292222828,-1.9171306619022666
2020-09-08,-0.1928780861800483,0.6125562887308256
2020-09-09,0.9661434230238797,-0.2690679491636594
2020-09-10,-0.32283485242556864,0.5070471605410631
2020-09-11,-0.005486155779266255,0.21300377688548977
2020-09-14,0.7861603277736329,-0.006048253231494272
2020-09-15,-0.23956152677246934,-0.24353854166223599
2020-09-16,0.2830573307104345,-0.299105814683287
2020-09-17,-0.5505121062684637,0.3051798990058252
2020-09-18,0.13108491716185,-0.31128366740649227
2020-09-21,-2.0291789448273256,0.5061124898344538
2020-09-22,-0.4858095828926601,-0.07907056809646207
2020-09-23,-2.1843335368817662,0.1338355120720891
2020-09-24,0.3711903089591573,0.3822638041089732
2020-09-25,-0.28540460781512067,0.0
2020-09-28,1.0010290107421937,-0.28506135048145254
2020-09-29,0.8397048385655914,0.11535773543469574
2020-09-30,-0.6022969047958959,-0.9630845371430219
2020-10-01,0.8880963695329314,0.16474990896053754
2020-10-02,-0.08957769408937111,-0.37411152973811923
2020-10-05,0.48610816963101655,-1.9732494095588748
2020-10-06,-1.1830479550693163,0.5374499076144623
2020-10-07,-0.045132478533460585,-0.7319163163860942
2020-10-08,0.35486272055740287,0.5384705800526746
2020-10-09,1.7998399966815626,-0.018666117063226295
2020-10-12,-0.2875813691634477,0.31805020537847284
2020-10-13,-1.5853834051583249,0.7135223764726639
2020-10-14,0.30899939936110954,0.22846277465848885
2020-10-15,0.3639489400711682,-0.17285846658694481
2020-10-16,-0.34712263457636894,-0.2784100387832389
2020-10-19,0.050461935677681424,-0.378720662562948
2020-10-20,0.4809318137998453,-0.9561363182345239
2020-10-21,0.7503195298922627,-0.34594376077397015
2020-10-22,-0.9849030639626832,-1.045162940707911
2020-10-23,-0.10630400237792159,0.609399310640768
2020-10-26,-0.050391298289387265,0.9260069844289731
2020-10-27,0.2628864176270618,0.6686707539453884
2020-10-28,-1.627516884164315,0.09341299961365124
2020-10-29,-0.4153341326592397,-0.9754718574771282
2020-10-30,0.4550651041840048,-0.9914568631907095
2020-11-02,0.9658128848512249,0.7462149858103118
2020-11-03,0.5660943299978349,-0.5817863508136512
2020-11-04,-0.05590140649358588,2.14602736594669
2020-11-05,2.2723771699055817,0.1736333650565136
2020-11-06,0.1420352959710769,-1.2158130188672622
2020-11-09,-4.528085614346544,-2.1239162188226857
2020-11-10,0.3307306555601741,-0.5783418769258475
2020-11-11,-0.4335982209302536,0.3602384444061357
2020-11-12,0.60423875087805,1.687451811500651
2020-11-13,0.6796565090032125,-0.1326822911769554
2020-11-16,-0.00565028686549951,-0.24051717707953557
2020-11-17,-0.3675920484188744,0.6506537695047498
2020-11-18,-0.5738783845972151,0.2892668679141508
2020-11-19,-0.1882229686957615,0.5135252914957533
2020-11-20,0.3021229432643935,0.8830576989523387
2020-11-23,-1.9890324232127554,-0.4592172873907785
2020-11-24,-1.5447030279528207,-1.0002143561368193
2020-11-25,-0.04718480371508349,-0.3082607521521119
2020-11-27,-1.0198732236164965,0.9658133462158602
2020-11-30,-0.669735892011758,-0.12487741128888175
2020-12-01,2.084085881536435,-1.4854592265066024
2020-12-02,0.7493385024314847,-0.7967976268613342
2020-12-03,0.7842668530553709,0.8031513584375816
2020-12-04,-0.2839455026540705,-1.47745576010605
2020-12-07,1.48039454595148,0.8980234438040746
2020-12-08,0.34818415347377396,0.4714445952402002
2020-12-09,-1.7241806434506124,-0.3310690149354478
2020-12-10,-0.19148863181888132,0.8824625086601756
2020-12-11,0.18569454695862575,0.35334642554731843
2020-12-14,-0.5522859199322383,-0.2774930775133022
2020-12-15,1.3893989774039994,-0.33533713896041206
2020-12-16,0.5503920929852413,-0.266517438845959
2020-12-17,1.046541004295598,-0.26493115904990816
2020-12-18,-0.1698868096565498,-0.3001864320189007
2020-12-21,-0.3178916998981762,0.3958216125948155
2020-12-22,-0.7934507183398942,0.5147222855810263
2020-12-23,0.6625879072275964,-0.6932983813481286
2020-12-24,0.3977347328631531,0.3949643353446497
2020-12-28,-0.36357443125671907,0.04449211575847656
2020-12-29,0.36357443125671907,-0.12715148509361285
2020-12-30,0.762602669465462,0.21606487540655195
2020-12-31,0.37072651943423907,0.14596210277666444
2021-01-04,2.2014258912347984,-0.12061056272454351
2021-01-05,0.29572490918932104,-0.7454372328947301
2021-01-06,-1.6374384156319088,-2.0741418075256313
2021-01-07,-0.2337349726099447,-0.8853776751953646
2021-01-08,-3.480879472366194,-0.3232273591433632
2021-01-11,-0.1963368081677963,-0.1653959103539826
2021-01-12,0.645309414351658,-0.0794112444525652
2021-01-13,-0.43166778076146883,1.1198762063695078
2021-01-14,-0.05192346256865932,-0.9412221378145347
2021-01-15,-1.2485246085867097,0.39606087892654074
2021-01-19,0.8437377567923399,0.3221763675624878
2021-01-20,1.6151154600027695,0.09839366230215418
2021-01-21,-0.0627373967170719,-0.7042786323754768
2021-01-22,-0.7904302060518731,0.32312600311392714
2021-01-25,0.08622455288582742,1.171683487734576
2021-01-26,-0.2473656951146097,-0.18886163487357166
2021-01-27,-0.635577829544065,0.25389559797073247
2021-01-28,0.09269317276352496,-0.5542480952710704
2021-01-29,-0.040541033768271006,-0.6034607111284451
2021-02-01,0.9341522978241201,0.1158403309812428
2021-02-02,-1.2242430084677736,-0.6467960051974586
2021-02-03,-0.15117720158048797,-0.8912675346880228
2021-02-04,-2.1765636924135023,-0.2676406395500486
2021-02-05,0.982374869269087,-0.8408162091829929
2021-02-08,1.0019752210912891,0.43810468151868065
2021-02-09,0.3259592808351641,0.07398924103361182
2021-02-10,0.3654430629279837,0.6631069629913
2021-02-11,-0.8723013798523027,-0.548931555540566
2021-02-12,-0.304185235154808,-1.2497221498232847
2021-02-16,-1.4457496034196105,-1.5343908997464517
2021-02-17,-1.141778623419576,0.6330375258030152
2021-02-18,-0.0060090224343056775,-0.4055130665662432
2021-02-19,0.41399703856308534,-1.338122838193101
2021-02-22,1.4858231751961881,-0.7636948069813521
2021-02-23,-0.23033964742129598,-0.28874524079567365
2021-02-24,-0.07097783269722768,-0.6581871113453097
2021-02-25,-1.899580806530743,-1.6465846830755915
2021-02-26,-2.448011453415422,3.2524414912301403
2021-03-01,-0.17319159550748253,-1.329532993071858
2021-03-02,0.543314836651998,0.007108528533716907
2021-03-03,-1.1082728374519846,-1.0904870597372884
2021-03-04,-0.988559566723346,-0.6470744648478188
2021-03-05,0.06286134207726946,0.19457016310795439
2021-03-08,-1.0422315048140618,-0.7805231439195204
2021-03-09,2.1048060194488905,1.3762606717844683
2021-03-10,0.5085327698430397,0.20014376468973083
2021-03-11,-0.0866386502682559,-0.7239207315584473
2021-03-12,-0.018574519969138947,-2.145015506382375
2021-03-15,0.43868676100480286,0.5862463198145207
2021-03-16,0.09244132771240032,-0.40265582803211686
2021-03-17,0.7119580807562365,-0.7510756177539157
2021-03-18,-0.5826967579591447,-1.0178231215657085
2021-03-19,0.41743948168262435,0.6178668948573218
2021-03-22,-0.14713433816879729,1.1143552863804196
2021-03-23,-0.7327408483150499,0.8986518484784156
2021-03-24,0.34548592032761505,0.5367543943721742
2021-03-25,-0.36402714825332083,-0.7916699033320818
2021-03-26,0.28393742167223124,-0.35061389657098374
2021-03-29,-1.1967328788776932,-0.8524446954592868
2021-03-30,-1.7239575016029463,0.5226123407682692
2021-03-31,1.5053975494509153,-0.5595682098668675
2021-04-01,1.2549018493591468,1.646110173992188
2021-04-05,-0.03704696536619423,-0.43724563337264044
2021-04-06,0.7996616729269768,0.6769539674007063
2021-04-07,-0.2822302136577193,-0.6989123218749782
2021-04-08,1.0694635856861368,0.8221892076766046
2021-04-09,-0.7566026934119563,-0.36298521982969234
2021-04-12,-0.6082067490100762,-0.04363797454924878
2021-04-13,0.7061488473290467,0.7466169856664706
2021-04-14,-0.4353779487220599,-0.31825442915867086
2021-04-15,1.6033536538392568,1.6595425944048614
2021-04-16,0.6029562814785727,-0.7796649051820204
2021-04-19,-0.2769124730361838,-0.2876318864972305
2021-04-20,0.35502419969404286,0.4598431952445914
2021-04-21,0.9862362310854245,0.20052402146397696
2021-04-22,-0.6504254231621154,0.43545258824826405
2021-04-23,-0.3838772793776535,-0.23534918472361
2021-04-26,0.2640755671589723,-0.1429297563918297
2021-04-27,-0.2520544909244471,-0.8760865527590589
2021-04-28,0.29400644612769256,0.06486219970263107
2021-04-29,-0.41425474621679115,-0.29596526709365634
2021-04-30,-0.3374702192485479,0.23110306739102526
2021-05-03,1.289485518814093,0.05993282278078382
2021-05-04,-0.7356686965197312,0.6763137717601175
2021-05-05,0.4133613366980704,0.16478068059715412
2021-05-06,1.6542002735280725,0.16449672404297289
2021-05-07,0.8956587353821988,-0.4943430004531457
2021-05-10,0.30259218728545534,-1.0178940955701599
2021-05-11,0.01742848474819425,-0.5675555446170932
2021-05-12,-0.9983483413452454,-1.0563518997868115
2021-05-13,0.4098917859921336,0.15475634810266925
2021-05-14,0.9074563611958908,0.9308040579029786
2021-05-17,1.1572105937362132,-0.2118037456813937
2021-05-18,0.19442812059784487,-0.25618287882940294
2021-05-19,0.06853819629943914,-0.24214683479710786
2021-05-20,0.45568717957413796,0.8194581494202602
2021-05-21,0.04544691684227331,0.32015939222898027
2021-05-24,0.17594874877140398,0.3697271631464716
2021-05-25,0.9031903514378214,0.922095484293628
2021-05-26,-0.17435678186670245,-0.17226711306514986
2021-05-27,0.03940189892901458,-0.40302997357830606
2021-05-28,0.3763087633854134,-0.15878263549167215
2021-06-01,-0.2694573248054333,-0.022425821937499535
2021-06-02,0.4878526963101315,0.2312467438669863
2021-06-03,-1.9772420864664575,-0.3760487983767824
2021-06-04,1.0725633264657475,1.3601604756342311
2021-06-07,0.3999619209611005,-0.30786073828856786
2021-06-08,-0.3096867753862753,0.7002263261370878
2021-06-09,-0.19193434836646261,0.879008383238844
2021-06-10,0.4285131517665519,0.5981179583169904
2021-06-11,-1.1316177890912549,-0.16151015090208887
2021-06-14,-0.587816641004224,-0.7688703122203933
2021-06-15,-0.3784863123741822,-0.1204742939309611
2021-06-16,-1.7036003680355627,-0.0850733306303475
2021-06-17,-3.1222825916410457,1.486100121599776
2021-06-18,-0.5562705142465596,1.8630773983867144
2021-06-21,1.2173251058175794,-1.6885097760670043
2021-06-22,-0.4201668574228101,0.24401409929062368
2021-06-23,-0.0661876798756289,-0.2579831177882852
2021-06-24,-0.06021199876098393,0.16042885842173504
2021-06-25,0.3306999189259585,-1.0437628898060325
2021-06-28,-0.00599964396181818,1.0228612451955499
2021-06-29,-1.0561034647227352,0.16714103392949653
2021-06-30,0.4841763592293269,0.4443941568665011
2021-07-01,0.34354496150825753,0.005521106456107816
2021-07-02,0.653692915069648,0.6016466885673033
2021-07-06,0.49491878832172986,1.165277194597003
2021-07-07,0.37995736126816837,0.8819859645552874
2021-07-08,-0.06520293887515294,0.39104260871667407
2021-07-09,0.3315061441024447,-1.4162862917008745
2021-07-12,-0.12418718351820957,-0.1297172445742234
2021-07-13,0.13009357869862015,-0.7682958090662773
2021-07-14,1.0697757313475442,1.1298012855521122
2021-07-15,0.01754642548270624,1.0969499581538145
2021-07-16,-0.9751038308664306,-0.1887396131525776
2021-07-19,0.11798535126086307,2.169148848545621
2021-07-20,-0.12979424872483492,-0.9686060653774753
2021-07-21,-0.3726190289075504,-1.2747687792865392
2021-07-22,0.19535411866025143,0.9408266333815973
2021-07-23,-0.31393408805522327,-0.6710852083255503
2021-07-26,-0.23758261058626218,-0.2967689777628735
2021-07-27,0.16636888817753714,1.0615172791146321
2021-07-28,0.5033563202241353,0.006687722790310602
2021-07-29,1.104402302009877,-0.5561800254920257
2021-07-30,-0.7918108309763028,0.46927682411723737
2021-08-02,-0.12374082182162738,0.8879748734874404
2021-08-03,-0.07077270423847537,0.05304714908458408
2021-08-04,0.023593466942628538,0.20545715363118333
2021-08-05,-0.39599222534523193,-0.5110811785910663
2021-08-06,-2.530870447734479,-1.6841883294294036
2021-08-09,-1.7894816057729912,-0.3592699752156925
2021-08-10,0.030914743149335067,-0.4628394304293515
2021-08-11,1.3690828071884376,-0.061463680725015735
2021-08-12,0.024383177142706103,-0.1639694577216133
2021-08-13,1.4224167163591872,1.5672635448577665
2021-08-16,0.4975891262676946,0.24200483465106615
2021-08-17,-0.14961551501162518,-0.04027138701898636
2021-08-18,0.07783092556952198,0.3353266833089563
2021-08-19,-0.2936716523141314,0.7338547806433837
2021-08-20,0.05400158455302062,0.06642828961300751
2021-08-23,1.2104007439095454,-0.06642828961300751
2021-08-24,-0.04742535717268126,-0.7806731331746697
2021-08-25,-0.6961609676564784,-0.8341714578071979
2021-08-26,0.11338353884635666,0.27655234885708424
2021-08-27,1.4917723322636078,0.6780669592698629
2021-08-30,-0.494785904714945,0.2606064417480347
2021-08-31,0.20056420675675923,-0.6829940425371994
2021-09-01,0.005889688474436383,0.1673960753467263
2021-09-02,-0.2655242464544294,0.43558647845554077
2021-09-03,1.0637446088029634,-0.9136378777807153
2021-09-07,-1.9778020504278793,-0.8471009229331194
2021-09-08,-0.25075441660513675,0.678235656340842
2021-09-09,0.44137344149746127,1.2027627350893688
2021-09-10,-0.5071495164425954,-0.8855262340671466
2021-09-13,0.3344161843719107,0.6047032240124928
2021-09-14,0.6417907636002695,1.2049923182324562
2021-09-15,-0.5881528710091288,-0.35135004455746355
2021-09-16,-2.290224274781849,-0.45932823067103
2021-09-17,-0.1586299932490931,-0.48147475939188666
2021-09-20,0.7118755657040232,1.232582589029274
2021-09-21,0.6646896542603642,-0.08612605353794933
2021-09-22,-0.3740999554961988,0.5947066093036746
2021-09-23,-1.1613566243419804,-2.285629629851549
2021-09-24,-0.12850982867504968,-0.9821988413506233
2021-09-27,0.20798706668898603,-0.3682270557002987
2021-09-28,-0.9763940911599711,-1.5699289481371892
2021-09-29,-0.4514933012786493,0.1733553059995785
2021-09-30,1.7816984307014394,-0.013852154812976636
2021-10-01,0.22505110921038352,0.8380228516867483
2021-10-04,0.4667408258472783,-0.2549025896185775
2021-10-05,-0.4667408258472783,-0.9703404548828232
2021-10-06,0.2669757352533608,0.5625433322547835
2021-10-07,-0.5285683868044622,-1.0512799342641266
2021-10-08,0.04262740437868118,-0.7023000301152216
2021-10-11,-0.18893655741347715,-0.2540552328691881
2021-10-12,0.45042713504832577,1.6954942902366987
2021-10-13,1.763773443447203,0.9679377609151274
2021-10-14,0.2443480858075553,0.37088394233055766
2021-10-15,-1.602049176485476,-0.5843933802938572
2021-10-18,-0.2482990902389126,0.4677323163409852
2021-10-19,0.32085191864092977,-1.3890445866708845
2021-10-20,0.8725778175469046,-0.6773325705533573
2021-10-21,-0.08991093021597507,-0.11911807363436111
2021-10-22,0.6098334452754983,1.0952903007924952
2021-10-25,0.6890365329616621,-0.1527380092989361
2021-10-26,-0.7427027125168628,0.8234388148078864
2021-10-27,0.2620623640364528,1.8030950804241108
2021-10-28,-0.02379136626089462,-0.3390011173151741
2021-10-29,-0.854429930170042,0.3051981236136925
2021-11-01,0.5207004497418843,-0.7226167463587174
2021-11-02,-0.21513131388868345,0.44284182916403125
2021-11-03,-0.8350148277322944,-1.0387595316516673
2021-11-04,1.1277125295739765,1.0455776620961643
2021-11-05,1.2978359326946354,1.484519110214677
2021-11-08,0.35851848469015124,-0.18770737970577045
2021-11-09,0.4916006634196002,1.2934561493111119
2021-11-10,1.0800248284572156,-1.8452143993225256
2021-11-11,0.5586453042739414,-0.14864096714806152
2021-11-12,0.189346149789138,-0.4401665752914674
2021-11-15,-0.15489449243064612,-1.263633809528386
2021-11-16,-0.726015600447738,-0.2546579441942143
2021-11-17,0.9095692432078195,0.7893401437686798
2021-11-18,-0.3214315444951765,0.3753632337348378
2021-11-19,-0.7675708262916636,1.0502886317672377
2021-11-22,-2.267561664312101,-1.1797848147391043
2021-11-23,-0.8690053468478176,-1.4564749529085042
2021-11-24,-0.09569597921075257,1.5928327091821792
2021-11-26,-0.1616846252669113,2.4954386320838573
2021-11-29,-0.13795005365553337,-0.8070406115359141
2021-11-30,-0.6744546424564568,1.5087481302479944
2021-12-01,0.3980006790396118,0.6150515735089179
2021-12-02,-0.5552205835400947,0.12460862292611452
2021-12-03,0.8376819081740372,1.1861778268973389
2021-12-06,-0.2463595385072459,-1.3830480867479622
2021-12-07,0.35432060613329597,-0.8112554770250746
2021-12-08,0.053936856777969666,-1.74360495544299
2021-12-09,-0.6130129283900665,0.55777610232699
2021-12-10,0.42110206852461474,-0.24155419341322926
2021-12-13,0.25181269175167387,1.46707120476961
2021-12-14,-0.9385206339642238,-0.23861438241574717
2021-12-15,0.4282351988517341,-0.9667421008172639
2021-12-16,1.2024970840539773,0.03888577415782635
2021-12-17,-0.21431166861889395,1.1267470762664544
2021-12-20,-0.42402447309166647,-0.7519961353961158
2021-12-21,-0.04189761834467731,-0.38151389805758384
2021-12-22,0.9356118800107005,0.4616399603555976
2021-12-23,0.2251481491211571,-0.8714929919277914
2021-12-27,0.2364450476828317,0.24210380196221237
2021-12-28,-0.4319380340024992,-0.3971250779724933
2021-12-29,-0.02965516280148961,-1.098448073575664
2021-12-30,0.7151581744182955,0.8350862898124589
2021-12-31,0.6808358432550676,0.19591341046156785
2022-01-03,-1.5503300973700007,-2.660044549004681
2022-01-04,0.7339514803168967,-0.416693305408522
2022-01-05,-0.30121970522101194,-0.5442864558013127
2022-01-06,-1.2319703780208968,0.2585488749174303
2022-01-07,0.4540812572282782,-0.7214217916732935
2022-01-10,0.3035593623995858,0.24573435822174972
2022-01-11,1.1992457136645207,0.6639404296954865
2022-01-12,0.2639137142411485,-0.3838385916924203
2022-01-13,-0.340277134129785,0.8841352762836152
2022-01-14,-0.2883829150556849,-1.5224935536652495
2022-01-18,-0.1651618267930921,-1.4174479226232606
2022-01-19,1.5755750605134011,0.6899626938135839
2022-01-20,-0.25020112544043016,0.614880371976767
2022-01-21,-0.32677719138094474,1.1835776281258426
2022-01-24,0.5479160681096218,-0.824955831819274
2022-01-25,0.3192034576976255,-0.16159469983358932
2022-01-26,-1.629856790431372,-1.2167191856073067
2022-01-27,-1.2982115320597565,1.8195937294469111
2022-01-28,-0.29877523376660164,0.03492806738760734
2022-01-31,0.590705633123001,-0.5183294407354211
2022-02-01,0.08325368758193008,-0.33245968634219025
2022-02-02,0.36194338899537826,0.33808359549780675
2022-02-03,-0.14224174555623748,-0.7836807453813321
2022-02-04,0.15408910869814108,-1.4851773089167963
2022-02-07,0.737531735357777,0.06468211082530928
2022-02-08,0.3052207946077523,-0.670803221245464
2022-02-09,0.33934142753979657,0.18800976481578857
2022-02-10,-0.38037857675305986,-1.601998838032337
2022-02-11,1.887560786556186,1.4718952134749053
2022-02-14,0.5336451777181672,-1.251945977432456
2022-02-15,-0.9545260370239284,-1.14177296554816
2022-02-16,1.0231731307338343,0.5909573322477435
2022-02-17,1.357550816897568,0.7410685981597886
2022-02-18,-0.07337240197315964,1.0472115677685245
2022-02-22,0.2086858856896079,0.2601079388646177
2022-02-23,0.4497100140273602,-1.387759457756843
2022-02-24,-0.6471023453826774,0.06582997210449193
2022-02-25,-0.3336237275936682,0.07306109133420335
2022-02-28,1.0311993951243714,2.168208144391315
2022-03-01,1.800043176575361,1.1495179465849326
2022-03-02,-1.0460864384516988,-3.47803572945784
2022-03-03,0.5935763844875375,1.0134108991568525
2022-03-04,1.5803608419049375,1.7116366980935993
2022-03-07,1.4753495270293016,-0.7659156054502958
2022-03-08,2.69914293684268,-1.0110730960314562
2022-03-09,-3.0161495266206373,-0.9846967914621807
2022-03-10,0.31163668784781606,-1.4471754353267308
2022-03-11,-0.705269602424341,0.33414929511179636
2022-03-14,-1.518847505814147,-2.362594915907934
2022-03-15,-1.8882610033680969,-0.1747293993982879
2022-03-16,0.62412859954879,0.9759990977624255
2022-03-17,0.4876733952654533,-0.7481696199360677
2022-03-18,-0.8828710707897258,1.2138570553184458
2022-03-21,0.7611755019546251,-2.3428373737795383
2022-03-22,-0.7277189924242755,-1.2894863952041646
2022-03-23,1.356720957605173,2.1678074530710134
2022-03-24,0.7234137513108863,-0.7863100190535377
2022-03-25,-0.4103860537691517,-1.3970284684179823
2022-03-28,-1.8371517706820661,0.8513234963678507
2022-03-29,0.044668806848946474,0.7523935814384153
2022-03-30,0.8006283379257795,0.7771805918314278
2022-03-31,0.03875207880481568,0.24253646007244
2022-04-01,-0.6386215878901425,0.37994612189784505
2022-04-04,0.48350616826846604,-0.6973861630685363
2022-04-05,-0.6284549046099208,-2.28513453669672
2022-04-06,0.23404756196958587,-0.8127090328472697
2022-04-07,0.3777741580450744,-0.7560814831296447
2022-04-08,0.6246419748616283,-1.089023223927299
2022-04-11,0.4947206140849758,-1.5951174277675229
2022-04-12,0.7647435301758598,-0.1381187083402402
2022-04-13,0.4777109287769754,0.20306378611341103
2022-04-14,-0.3309019437270244,-2.0249145182438255
2022-04-18,0.30924062818558085,-0.4981326677802045
2022-04-19,-1.5228268112133847,-0.7518826836133918
2022-04-20,0.4883006193092676,1.9926435740438286
2022-04-21,-0.3563943502360445,-0.7426282226502323
2022-04-22,-0.976966135240076,-0.6314020042341717
2022-04-25,-1.813443252023017,0.9951369862631232
2022-04-26,0.1523855387330464,1.0016621717085172
2022-04-27,-0.7585723242633513,-1.290892279631617
2022-04-28,0.5383804789462765,0.14888011331049
2022-04-29,-0.011298334784104469,-1.3058458872073686
2022-05-02,-1.8714522902945063,-1.7485595764656914
2022-05-03,0.2645759356915356,0.6719212496077098
2022-05-04,0.9774616775434453,0.5494876101498569
2022-05-05,-0.3818419444689525,-2.7781004036622647
2022-05-06,0.1654504919470945,-1.4844787135314341
2022-05-09,-1.4585347642546154,0.8758837760711735
2022-05-10,-0.8481065653521469,0.902867533842322
2022-05-11,0.8133958004822084,1.908862826984592
2022-05-12,-1.54527061706764,-0.18666365432009613
2022-05-13,-0.8142627698811467,-1.4891319317440477
2022-05-16,0.949327965207658,-0.10350733212627361
2022-05-17,-0.6299094085683521,-1.2157599626166693
2022-05-18,0.05313437048437564,2.1093953095581597
2022-05-19,1.4590277160261067,0.23922369178697167
2022-05-20,0.06977677571926577,1.1285995688475658
2022-05-23,0.4639589893868923,-1.6591262800718098
2022-05-24,0.7493711725538255,1.9540487188862699
2022-05-25,-0.6048248796559186,0.3946329541653526
2022-05-26,-0.18506096399271144,-0.4535553621931143
2022-05-27,0.052088538269146056,0.24384206815826204
2022-05-31,-0.9942270255165475,-2.13896837901677
2022-06-01,0.6348836617416254,-0.11435161842276997
2022-06-02,1.2234040087981235,0.05161025240294492
2022-06-03,-1.0203900438868097,-0.21522629172334717
2022-06-06,-0.44134478528645715,-1.861575228972434
2022-06-07,0.6497267812168417,1.0741827891820321
2022-06-08,-0.09256257836884885,-0.8899658279823974
2022-06-09,-0.31883338247284954,0.33249398529315854
2022-06-10,1.3323135228160865,-0.6221181247716423
2022-06-13,-2.6767358824472787,-3.188222896514148
2022-06-14,-0.803540720328666,-1.2693488251207086
2022-06-15,1.2966509676610727,1.8484574568181422
2022-06-16,1.1180446816136502,0.7907932298504505
2022-06-17,-0.8256810144045446,0.3217311650238308
2022-06-21,-0.37437854344899435,-1.709758469543221
2022-06-22,0.3977268335422224,2.7128903643170332
2022-06-23,-0.6148118298448857,0.8181156337393247
2022-06-24,-0.09989609969460744,-1.393934159886534
2022-06-27,-0.11176944418576085,-0.8565160484138801
2022-06-28,-0.16493806069401984,0.464875374707141
2022-06-29,-0.07666517068587453,1.5487629089875554
2022-06-30,-0.6095587698334626,0.8743776438762119
2022-07-01,-0.08313996785860311,1.0214369348273244
2022-07-05,-2.143779968038473,0.7826622099063485
2022-07-06,-1.5969017587404544,-1.6933983787110307
2022-07-07,0.05548992912700612,-0.8839170575502209
2022-07-08,0.04314382372543335,-1.1137489399133393
2022-07-11,-0.5374926525164803,1.7097337974675497
2022-07-12,-0.372364890598309,0.592415553263681
2022-07-13,0.4776265963685411,1.1401207359664767
2022-07-14,-1.4146649261641109,-0.81920128933195
2022-07-15,-0.2010475816356383,0.561224412464778
2022-07-18,0.09429497894322125,-1.047289916956906
2022-07-19,0.2384623832616839,-0.5409473575011425
2022-07-20,-0.9446509339211318,0.2621168759267434
2022-07-21,1.4011796602265036,1.7128555093685272
2022-07-22,0.24926409954950657,1.667115671287167
2022-07-25,-0.27423043036360895,-0.9832989376888257
2022-07-26,-0.11865143173865889,0.07664067994612722
2022-07-27,1.0133467249785255,-0.563392899494275
2022-07-28,1.211168004371821,0.79294063975901
2022-07-29,0.2807145958569457,-0.2721361924002075
2022-08-01,0.5651232868696177,2.3798256192177014
2022-08-02,-0.5955990148902579,-2.138678008962014
2022-08-03,0.24352760679882124,1.5621845165886938
2022-08-04,1.6404693683583993,-0.03351005436407206
2022-08-05,-1.1309781450743017,-2.409139545273309
2022-08-08,0.8434348290836446,1.6012651082579765
2022-08-09,0.3054867797077421,-0.3894480471915429
2022-08-10,-0.2515111058863262,-0.655262065904072
2022-08-11,-0.2641706914864095,-2.3585580261793027
2022-08-12,0.9155976822721179,1.00896758034974
2022-08-15,-1.2950528089989533,-0.08658366045448673
2022-08-16,-0.17516299628299592,0.4148952271020079
2022-08-17,-0.648934594710493,-1.049235823407546
2022-08-18,-0.26198444873024584,0.1481002199564152
2022-08-19,-0.7347552958115067,-1.6233539683670806
2022-08-22,-0.6659303367833047,-0.3366881085599793
2022-08-23,0.6966551217581163,-0.551856808479112
2022-08-24,0.2944580504679273,-0.7345809281767757
2022-08-25,0.3058106358820645,1.3839751612034767
2022-08-26,-1.2227153201929575,0.7509588895708852
2022-08-29,0.06180465249858713,-0.8307900097085152
2022-08-30,-0.837555613648,0.24821518798150422
2022-08-31,-0.7755309612976546,-0.960712862675539
2022-09-01,-0.8829023474650199,-1.8477790173581532
2022-09-02,0.8766173723187443,0.5641028429756112
2022-09-06,-0.5856578259355594,-2.50807891123328
2022-09-07,1.011728609011442,1.5691773103791107
2022-09-08,-0.6020378897494183,-1.0310146933202091
2022-09-09,0.5269846503476394,0.22184806739389273
2022-09-12,0.5055386193322242,-0.8251193811458002
2022-09-13,-1.3096728906648814,0.23244638024300102
2022-09-14,-0.3855034555311221,0.34303078942743426
2022-09-15,-1.8855801737618805,-0.06480158448187723
2022-09-16,0.5533767627080799,-0.8370536488374825
2022-09-19,0.07697907679808935,0.23320538825712944
2022-09-20,-0.5722932055293839,-1.0019775648215656
2022-09-21,0.46322283209629944,1.6613854075579582
2022-09-22,-0.057784418900386214,-2.588038154850114
2022-09-23,-1.7427816406674346,0.4076473038052697
2022-09-26,-1.170141432179772,-1.9295682427325822
2022-09-27,0.20477436877319732,-2.668396923831029
2022-09-28,2.0573557832177514,3.2933788169511757
2022-09-29,-0.019394717180531984,-0.5189531584171014
2022-09-30,0.006462035224608087,-1.299478330806192
2022-10-03,2.4019005945364214,1.576472375382032
2022-10-04,1.4226444596111776,-0.2796808995532807
2022-10-05,-0.5553659432976588,-0.9607779557467389
2022-10-06,-0.11269264553863678,-0.5573726186172578
2022-10-07,-1.1023386142689162,-0.9755124549521987
2022-10-10,-1.53182032171566,-1.5668377523551769
2022-10-11,-0.20602123309396703,0.4416216303162912
2022-10-12,0.5335071671709102,0.4894538507010715
2022-10-13,-0.6947611087114502,-0.9612515672720257
2022-10-14,-1.2537160793022473,-0.8284716996560526
2022-10-17,0.2872080630747398,-0.48811461205602313
2022-10-18,0.21486600903930508,0.23418892151889636
2022-10-19,-1.3488925988339062,-1.8373695403991697
2022-10-20,-0.15834633753089022,-1.7241026144739102
2022-10-21,1.767059741452659,-1.818720442824695
2022-10-24,-0.3248865884512675,-0.8298539071642352
2022-10-25,0.22753535606359065,2.869701125504509
2022-10-26,0.63434463543528,1.4304355261568702
2022-10-27,-0.15497241473587664,1.0416498285445996
2022-10-28,-1.026317410117894,-0.6897719650514667
2022-10-31,-0.8194886192774753,-0.7153617165065462
2022-11-01,1.0151726172797026,0.9301892979707738
2022-11-02,-0.699697020289225,-0.4349422911315237
2022-11-03,-0.3813297433937102,-0.5411786274387431
2022-11-04,3.023458325284345,-1.694336965213239
2022-11-07,-0.3970260739379228,-1.0026437139628364
2022-11-08,2.283632894068699,1.0875788820545296
2022-11-09,-0.502989475916138,0.3281398762899457
2022-11-10,2.9990153003992326,3.775205897957701
2022-11-11,0.6584597947117743,-0.36707883138156205
2022-11-14,0.2185266227277438,-0.24546995837804175
2022-11-15,0.35106980811026034,1.6050852464148946
2022-11-16,-0.22987420952169657,2.163256824076498
2022-11-17,-0.7293959961672591,-1.06080886248483
2022-11-18,-0.6917507382314447,-0.6901358581703931
2022-11-21,-0.56056352070879,0.4206549605769716
2022-11-22,0.11730356909014361,1.4091872635292546
2022-11-23,0.6212503317279072,1.7291089431116902
2022-11-25,0.08581023409730548,-0.33955517976478333
2022-11-28,-0.793489366537159,0.281406698324016
2022-11-29,0.4928261563008185,-1.179492461902587
2022-11-30,1.27009210150133,0.7327451838285093
2022-12-01,1.8217842396307304,3.144621466911879
2022-12-02,-0.34616677176240174,1.2497423757500847
2022-12-05,-1.7307805302720247,-1.4106145066319797
2022-12-06,0.27336344458790407,1.2797884563585882
2022-12-07,0.8998493556537923,2.3288996884189395
2022-12-08,0.08413425277824516,-0.274442447742107
2022-12-09,0.35378943750199454,-2.6358431802896654
2022-12-12,-0.829484183350182,0.31923562829980767
2022-12-13,1.6936889733695004,0.9609391635585496
2022-12-14,-0.24359858905977916,0.4262391475903904
2022-12-15,-1.6494600382901403,0.3894151507771504
2022-12-16,0.8671019495159804,-1.123380248107786
2022-12-19,-0.2821808248999247,-1.6947666572947107
2022-12-20,1.6458298941439686,-1.7916735348779689
2022-12-21,-0.16573862871149814,0.25102351055341643
2022-12-22,-1.215898016893302,-0.01923349285526399
2022-12-23,0.29938350392546553,-1.476949533858729
2022-12-27,0.8394677302770326,-1.997080477005575
2022-12-28,-0.45159890327512997,-0.5909282370144098
2022-12-29,0.5582639597805361,1.1287419381469377
2022-12-30,0.46677580293303933,-1.1187038814765238
2023-01-03,0.8335816871946733,1.8904051723167115
2023-01-04,0.9367889939565721,1.360685891290725
2023-01-05,-1.2529630867487818,0.4172330949705483
2023-01-06,1.8534663811199614,1.822907433630938
2023-01-09,0.2242601067979244,0.5310455366458022
2023-01-10,0.36693044744913195,-1.6688609504095453
2023-01-11,-0.06870298860048862,1.6121229440425822
2023-01-12,1.1501603213231348,1.9490717528333867
2023-01-13,1.193033370259311,-0.9416907812583197
2023-01-17,-0.6566591290623869,-0.648465009536281
2023-01-18,-0.28758838411491183,2.39423949804225
2023-01-19,1.5743931377470766,-0.6279246194901944
2023-01-20,-0.33409804213135885,-1.6344309168131232
2023-01-23,0.18946378029900401,-0.4718809302760363
2023-01-24,0.36119840879402787,1.427787401885805
2023-01-25,0.45933937952087334,0.24220877764342674
2023-01-26,-0.9096515003608197,-0.4663211623690877
2023-01-27,-0.139396157562377,-0.2527068237251129
2023-01-30,-0.25700149312912757,-0.36612477642492536
2023-01-31,0.362961650726934,0.7962983546314639
2023-02-01,1.251813452838757,1.1949504857328819
2023-02-02,-2.097028400853773,0.12932252072106465
2023-02-03,-2.5274496401227253,-1.5069032972161445
2023-02-06,0.20732591842405057,-0.7431219219613538
2023-02-07,0.09200023760849163,-0.8058020834158519
2023-02-08,0.2468544755507729,0.4747847996014798
2023-02-09,-0.7943887464013422,-0.951817940685018
2023-02-10,0.19053779351274613,-1.1252882850513402
2023-02-13,-0.5089097798950171,0.8379456016622377
2023-02-14,0.0753454984742774,-0.23047511762914752
2023-02-15,-1.00146468474005,-0.9368710271714598
2023-02-16,-0.08195726363133815,-1.426929449949732
2023-02-17,0.2982339072148399,0.7746256992640532
2023-02-21,-0.37440046605539123,-1.9628726584254963
2023-02-22,-0.5642376897915469,0.9122567084479449
2023-02-23,-0.0530591852650808,0.9724340425116829
2023-02-24,-0.7220682249925225,-1.308591716074492
2023-02-27,0.39126704061276385,0.27690112271887557
2023-02-28,0.4545621851780979,0.4533114276484618
2023-03-01,0.5755555600933882,-1.0801218520791522
2023-03-02,-0.05857351538960387,-0.8906851523424741
2023-03-03,1.066600105586346,2.393727787478017
2023-03-06,-0.5056593695139888,-0.7783996939757287
2023-03-07,-1.7635068390636555,0.6113992914785094
2023-03-08,-0.047456302828230434,0.09825678279922201
2023-03-09,0.9801127700098,0.24522465197405197
2023-03-10,2.133366724772401,3.39047733891098
2023-03-13,2.268886194655906,0.22703529461924887
2023-03-14,-0.5807897981361165,-1.6577860139034506
2023-03-15,0.7773838437142189,1.9126300240625227
2023-03-16,0.20180543660703876,-0.7853778593167604
2023-03-17,2.8704276731303935,1.4897547963618862
2023-03-20,0.038079522406508914,-0.8836596442593603
2023-03-21,-1.9055524569337123,-0.862926345396442
2023-03-22,1.6877382247648676,1.3245424462088096
2023-03-23,1.2460224063675973,0.0
2023-03-24,-1.1316136891164952,0.4220435434469927
2023-03-27,-0.9299831745516407,-2.3771238079810963
2023-03-28,0.8155744573005386,0.1819198183742543
2023-03-29,-0.49731154716585735,-0.2011222159826076
2023-03-30,0.8998964139578014,0.4590984284144284
2023-03-31,-0.5225877277023727,1.4869818479745334
2023-04-03,0.717858251921033,0.46921270098216894
2023-04-04,1.8469345695108608,0.4959215001528072
2023-04-05,-0.07982432900845993,1.0400491854620775
2023-04-06,-0.7159660374900234,0.2583249066484328
2023-04-10,-0.7427401530065936,-1.6256107478817228
2023-04-11,0.6300665292291008,0.20588076967147373
2023-04-12,0.4873245294512607,-0.10289549084605554
2023-04-13,1.3425150587981882,-0.7889535854044283
2023-04-14,-1.786901721989853,-0.9188899721256583
2023-04-17,-0.4463702764477162,-1.1966938962499896
2023-04-18,0.38732698004286803,0.3557145319980748
2023-04-19,-0.4789973842758144,-0.09600941503498106
2023-04-20,0.39305245569867253,0.851313302146739
2023-04-21,-0.9936876904451886,-0.563519736774154
2023-04-24,0.30347260178613666,0.9627531343228135
2023-04-25,0.5073426510561418,1.459757726281996
2023-04-26,-0.5452222698837161,-1.0715494037790485
2023-04-27,0.005409892928032178,-0.9971939573922839
2023-04-28,0.027061589311294654,1.6001876722285147
2023-05-01,-0.4501468248395035,-2.9258416068432602
2023-05-02,1.9112821699645899,2.461428891845596
2023-05-03,0.8443330394000803,0.5566393782860501
2023-05-04,0.7008337579460289,-0.9927670526104215
2023-05-05,-1.577167201286489,-0.3331301710530532
2023-05-08,0.12261535425386327,-1.411403266905964
2023-05-09,0.7061173494321338,-0.35838557569585205
2023-05-10,-0.142946404099753,0.9657325140268291
2023-05-11,-0.8619799546280227,1.051627110477149
2023-05-12,-0.17115440993107356,-0.8404266723881726
2023-05-15,0.2138972799392569,-1.0411726639393493
2023-05-16,-1.2578168330723116,-0.3008596351036452
2023-05-17,-0.3467895133702825,-0.2920386688462173
2023-05-18,-1.3057794413406931,-0.7436377150901841
2023-05-19,0.9850156652287723,-0.7096413197479556
2023-05-22,-0.23442435084914948,-0.3567266652842349
2023-05-23,0.12000108481293736,0.287462025773344
2023-05-24,-0.8101176111367181,-0.49610101048420674
2023-05-25,-0.9664579046816613,-0.24901950963691633
2023-05-26,0.3987606249999942,0.804479740169306
2023-05-30,0.6171471778321447,0.9941649912900807
2023-05-31,0.15370188425896103,0.8679276009088355
2023-06-01,0.7867103377943607,0.39155896582414584
2023-06-02,-1.4857275420165017,-1.1018647466201514
2023-06-05,0.6002365721135661,-0.1864583808468545
2023-06-06,0.10974372841259239,0.5877002614061766
2023-06-07,-1.2083252758881002,-1.49555509748307
2023-06-08,1.3124733073093253,1.1629213088687251
2023-06-09,-0.2688130119842036,-0.13727172721713643
2023-06-12,-0.08792504640151577,0.293931725982155
2023-06-13,-0.7394833120841326,-0.9929816515948708
2023-06-14,0.0553774340214197,0.7971288156895184
2023-06-15,0.7005982383035736,0.9560179752807763
2023-06-16,-0.15404017609146337,-0.38911499188341026
2023-06-20,-1.0404681043488573,0.689645286137619
2023-06-21,-0.1447469926816325,0.24168285490597796
2023-06-22,-0.9966480697038982,-1.2143568892123646
2023-06-23,0.2753451933942941,0.992006861982464
2023-06-26,0.17380933759119088,0.10642180396276402
2023-06-27,-0.4604118590478379,-0.26138929180961057
2023-06-28,-0.23100760234937567,0.4256006775736232
2023-06-29,-0.10723394318450374,-1.8213289145423417
2023-06-30,0.6641221688667542,1.172553433999557
2023-07-03,0.11212477777400309,-0.5684877824895018
2023-07-05,-0.3536277643963359,-0.954794428086192
2023-07-06,-0.2984649764026237,-1.424426774229648
2023-07-07,0.7473004815489404,-0.6037089438238219
2023-07-10,0.07833887164983011,0.13111194866972653
2023-07-11,0.37406077556987327,0.512739054696798
2023-07-12,1.3450555215707816,1.106977465047354
2023-07-13,0.0714444638602707,1.0457810249501875
2023-07-14,-0.3191736429074332,-0.5906179133724265
2023-07-17,0.07163001287571191,0.04936713216352473
2023-07-18,1.139115191595419,0.45287763848183005
2023-07-19,0.016334311378951583,1.1233306805089605
2023-07-20,-0.5076251540708121,-1.2216091211008973
2023-07-21,-0.30692385170079106,0.02947849527181745
2023-07-24,-0.42906650791518786,-0.36435459022543526
2023-07-25,0.5552416740764343,-0.1876284819670282
2023-07-26,0.4867250719561511,0.0988015111389906
2023-07-27,-1.5836715414990543,-1.9644723518005947
2023-07-28,0.7949707574280929,0.5122669548721426
2023-07-31,0.2690787072192613,0.24019507363632897
2023-08-01,-1.0418766955582193,-1.65226093120312
2023-08-02,-0.4776993918500061,-1.075687449288587
2023-08-03,-0.0334202918323534,-2.3341376728491348
2023-08-04,0.3613876354074286,1.7557065529281601
2023-08-07,-0.22779889325192926,-0.9890507640867519
2023-08-08,-0.6361270240024197,1.154626889493482
2023-08-09,-0.4769563349673156,0.5157963627001827
2023-08-10,-0.10691758408611918,-1.659968808808543
2023-08-11,0.0,-0.23039414005587844
2023-08-14,-0.304522053039058,-0.22042449783841178
2023-08-15,-0.26580037072090335,-0.6113802842258487
2023-08-16,-0.5792775189195076,-0.785486944327296
2023-08-17,-0.15390561619561538,-0.42717498191979786
2023-08-18,0.0171113589552796,0.35253226069311694
2023-08-21,0.27339296425665793,-1.3420043948987548
2023-08-22,0.16481975934530269,0.7644896229320963
2023-08-23,1.0113328144583988,2.447542299875849
2023-08-24,-0.02248455933200333,-0.6615893899136971
2023-08-25,-0.12941233726575518,0.3260946995724545
2023-08-28,0.2867238875764677,0.10493500314137094
2023-08-29,0.9720692377633178,1.0332558215424115
2023-08-30,0.24987503158229174,-0.10385577806957258
2023-08-31,-0.16651113471644052,0.4459272475766163
2023-09-01,0.04997991755413267,-1.5700900351216518
2023-09-05,-0.8195174622491308,-1.412146941751935
2023-09-06,-0.45445560630188453,0.24563675729236678
2023-09-07,0.10678794784508838,0.2769422423242851
2023-09-08,0.033697027875945196,0.3822050405339894
2023-09-11,0.1851395103543041,-0.7231857066434699
2023-09-12,-0.5169992663579315,0.5747480868125265
2023-09-13,-0.23126820451926378,-0.021238893908304135
2023-09-14,0.05080950731217726,-0.7244456437490499
2023-09-15,0.6582106894978068,-0.6112739591436878
2023-09-18,0.5870383136318935,0.5685101191494013
2023-09-19,-0.0948095041354513,-0.7407532856348098
2023-09-20,0.07251297423289671,0.3119777705419047
2023-09-21,-0.7274811145922655,-2.6009241070220845
2023-09-22,0.31961900557462286,0.801632371233918
2023-09-25,-0.5163898932471156,-2.4916746270471357
2023-09-26,-0.8023084937964775,-0.3482220311957107
2023-09-27,-1.2443751217318777,-0.5189680829247756
2023-09-28,-0.5009715204337795,0.3049382887084562
2023-09-29,-1.032850551809883,0.011311081293730041
2023-10-02,-1.055420585609923,-1.688231543204033
2023-10-03,-0.2892421000057155,-2.1746252171407576
2023-10-04,-0.011826350755939075,1.4009383628125427
2023-10-05,-0.18344684108635434,-0.4997671562288808
2023-10-06,0.5139851922273841,-1.2191152955346674
2023-10-09,1.8218478536943472,2.3198751408816776
2023-10-10,-0.1679505475408405,-0.1383801935850748
2023-10-11,0.7276507826109224,2.067107090598075
2023-10-12,-0.3054310387323511,-2.7502665763821987
2023-10-13,3.1642319381775863,1.7734339167817303
2023-10-16,-0.48768004743520166,-1.6224948280184393
2023-10-17,0.18525567250016195,-1.1082075449116324
2023-10-18,1.4367113783494645,-0.8836598325850709
2023-10-19,1.2199301049654387,-2.068618163334879
2023-10-20,0.2727175302074336,0.5662591760454916
2023-10-23,-0.33827788768210354,1.1941754691077833
2023-10-24,-0.010933686369085649,1.309061600690331
2023-10-25,0.4199991317573648,-2.2512627578655575
2023-10-26,0.1577208003793018,1.522222566154685
2023-10-27,1.1562693424814086,-0.42582604598360163
2023-10-30,-0.56565149769634,-0.45139484263678753
2023-10-31,-0.54715039881712,-0.48932740660827534
2023-11-01,-0.3155616576717257,2.145050255077585
2023-11-02,0.33185604405963076,2.2540616262527458
2023-11-03,0.3632316427605531,0.6755789554225622
2023-11-06,-0.782308105070495,-0.97473609463119
2023-11-07,-0.4153745714032375,1.4641986004662044
2023-11-08,-1.001765347062733,1.689054709297988
2023-11-09,0.39750574137906725,-2.327005859772946
2023-11-10,-1.0969699953244927,0.5584535464746132
2023-11-13,0.5555261386915866,-0.22757863711557746
2023-11-14,0.8879636186604145,2.2414660261769193
2023-11-15,-0.26390807860945387,-1.4133600668801982
2023-11-16,1.1222864579353953,1.235001147943926
2023-11-17,-0.010890827769749478,0.46756244005479175
2023-11-20,-0.16347162383043568,0.6089449215894049
2023-11-21,1.0740019593542094,-0.04411461319193677
2023-11-22,-0.42713618891720984,0.35276486166067045
2023-11-24,0.518811533968222,-1.1845073045346766
2023-11-27,0.6715220224108087,1.6565868312017784
2023-11-28,1.3243765854618061,0.19694325314949523
2023-11-29,0.14783465644931937,1.249257902940304
2023-11-30,-0.4176660491013173,-1.1618426592987952
2023-12-01,1.712403726695122,1.8658706251766688
2023-12-04,-2.1850417580745685,-0.39867180581971695
2023-12-05,-0.3786606077863297,2.125804698009759
2023-12-06,0.3680115406357487,1.3229923771900687
2023-12-07,0.16489674559858614,-0.5753417698725727
2023-12-08,-1.343017351466802,-0.8216857721758508
2023-12-11,-1.1104320560253456,-0.21176121668435854
2023-12-12,-0.05447904909061663,0.2963670852757616
2023-12-13,2.2311764488914143,2.319131994530288
2023-12-14,0.5845435089188555,2.568037861814876
2023-12-15,-0.9208782757507805,0.11098727462313107
2023-12-18,0.45351876568231475,-0.7999761979654352
2023-12-19,0.6790830606181686,0.5374337868910395
2023-12-20,-0.5460866362358985,0.675236519730138
2023-12-21,0.7045755720440638,-0.6348004876615576
2023-12-22,0.442461403136285,-0.4559149483578828
2023-12-26,0.759184215150821,0.2839189353530891
2023-12-27,0.45275772625217314,1.7564560025270737
2023-12-28,-0.5832413160525185,-0.7289401625019565
2023-12-29,-0.15680697977629166,-0.9060801955714126
2024-01-02,-0.23566846852940415,-0.5781543475984918
2024-01-03,-0.8371755159892302,0.416187461065487
2024-01-04,0.10041086074332739,-1.5311024668662299
2024-01-05,0.015844285681954062,-0.9611848352425234
2024-01-08,-0.7846978293016171,0.9817608547438184
2024-01-09,0.03193058065589227,-0.6396244116185557
2024-01-10,-0.22906686849220037,-0.4668317374387776
2024-01-11,0.1971362878363081,0.5599214635484628
2024-01-12,0.9746417465784418,-0.19668167989452812
2024-01-16,-0.953348146491706,-1.7769817372510488
2024-01-17,-1.1077075533253655,-0.15829664350590633
2024-01-18,0.8199176794244423,-0.9338801015937648
2024-01-19,0.29842685447007966,0.31933332089080224
2024-01-22,-0.3785111631635196,0.5933943352706805
2024-01-23,0.3891551309362029,-0.7955224276999573
2024-01-24,-0.8281084265806093,-0.5874497975393744
2024-01-25,0.39621270789886864,0.6513285867101537
2024-01-26,-0.06949345993065847,-0.1917768700362643
2024-01-29,0.7033690942251702,1.1450498099098816
2024-01-30,0.137957417666712,0.9025228664541807
2024-01-31,-0.07426235867571407,0.9772390363035122
2024-02-01,1.0346957700094528,1.9426058073336527
2024-02-02,-0.9498266920116016,-2.2336019026442777
2024-02-05,-0.5529246178959113,-2.0400686473972307
2024-02-06,0.521109176959822,0.9726403937247774
2024-02-07,-0.026523300170389064,-0.4851465379455355
2024-02-08,-0.09022539588237066,-0.5831328680649506
2024-02-09,-0.38836838223863523,-0.20225713053632077
2024-02-12,-0.26153866387215174,0.11715690138176527
2024-02-13,-1.3884637194948368,-1.7283520137420183
2024-02-14,-0.05962900909111113,0.507636608946882
2024-02-15,0.6701308514328375,0.5158231934567326
2024-02-16,0.36558786728404513,-0.5804783993132112
2024-02-20,0.6045896751115443,0.08620066837998763
2024-02-21,0.005331114505757739,-0.7134536731256524
2024-02-22,0.04266309391010026,0.4870080515804176
2024-02-23,0.5635602023986053,1.3297676905017042
2024-02-26,-0.22291722929281832,-0.29874936295692933
2024-02-27,-0.10632481058259202,-0.707671013236677
2024-02-28,0.18068578078276332,0.6328866383213061
2024-02-29,0.5137049487700551,0.7032398854790678
2024-03-01,1.8734204946424526,0.6211917444291615
2024-03-04,1.6045575240363874,-0.4030837716977764
2024-03-05,0.6002093012313026,1.4141272181637632
2024-03-06,0.8181839163568405,0.5851070943593939
2024-03-07,0.5667751261581699,-0.09381383187108128
2024-03-08,0.8417025116951748,-0.17740360451803383
2024-03-11,0.1833338534524387,-0.05225239906643253
2024-03-12,-1.1000916093968804,-0.8396320004281144
2024-03-13,0.6982966028737714,-0.48601592696497775
2024-03-14,-0.4183879789555256,-1.5475811641110226
2024-03-15,-0.3199519647615112,-0.03229514841169845
2024-03-18,0.16010012977574206,-0.301726749060105
2024-03-19,-0.11504677080447223,0.28021786715495267
2024-03-20,1.1841472011166587,-0.032312531986899984
2024-03-21,-0.10391759354035912,0.2150761175585103
2024-03-22,-0.8053310017860582,0.9515295757694275
2024-03-25,0.3189315361775691,-0.5013644597005928
2024-03-26,0.32287432792985626,0.2776742477403893
2024-03-27,0.7214572450621404,0.9869107617681117
2024-03-28,1.281752820240989,-0.08455154731619174
2024-04-01,1.015632882706452,-1.881652294611058
2024-04-02,1.4664311961913867,-0.5526034562305604
2024-04-03,0.8734121015036678,-0.021720100661148933
2024-04-04,-0.5751211782366816,0.714670981843124
2024-04-05,1.6969399304689325,-1.4016589159423276
2024-04-08,0.6209168519561992,-0.010977766292974422
2024-04-09,0.5482001328254604,0.9259138690806523
2024-04-10,-0.9508923035404848,-2.203423553167916
2024-04-11,1.9246832874495468,-0.45548483261503847
2024-04-12,-1.332774609335985,0.5330048681259747
2024-04-15,1.8546108004356299,-1.5626760028350617
2024-04-16,0.12212692273934067,-0.6659600696084844
2024-04-17,-0.7395532411290873,1.1037430035178986
2024-04-18,0.340963671078498,-0.5053146966270461
2024-04-19,0.3126642096903609,0.3596092511647164
2024-04-22,-2.5012716627156983,-0.16841256614350542
2024-04-23,-0.24616906480963152,0.033697717741087985
2024-04-24,-0.18618228395403946,-0.7101609392669239
2024-04-25,0.59457569557404,-0.7037825574920831
2024-04-26,0.32366836371746643,0.5226376355413009
2024-04-29,-0.20332837588084018,0.8351554320626953
2024-04-30,-2.013850411793694,-0.8578015497112901
2024-05-01,0.9021337418355202,0.7343621969505776
2024-05-02,-0.3091862325121042,0.4281913514353697
2024-05-03,-0.07979449099417835,1.0068378824945157
2024-05-06,1.0463427933373737,0.3888373752019447
2024-05-07,-0.4610940499420124,0.6079459308016233
2024-05-08,-0.29453952906237646,-0.6079459308016233
2024-05-09,1.5655419861163367,0.4866465622370697
2024-05-10,0.8079783894319625,-0.564295019953498
2024-05-13,-1.1265319955387376,0.25487828806367574
2024-05-14,0.8426442720749883,0.5628809128349843
2024-05-15,1.2757032448187822,1.3554932442894518
2024-05-16,-0.39009421414322176,-0.09773838047326677
2024-05-17,1.6363162829441613,-0.6761354041712409
2024-05-20,0.4015863208073789,-0.29584955555179704
2024-05-21,-0.14706294501545258,0.5144599882026313
2024-05-22,-1.8544867564565415,0.12001059274462378
2024-05-23,-2.0146148039186684,-0.6454697967853917
2024-05-24,0.0926684101738573,0.29589114434083186
2024-05-28,1.045829379441443,-1.443956741655672
2024-05-29,-0.9347362870368414,-1.2175031628831157
2024-05-30,0.18949634848048902,0.9618499535587688
2024-05-31,-0.5881436093592818,0.6767087113677128
2024-06-03,0.8878251926791592,1.6045026424554187
2024-06-04,-0.9017596418210871,1.1613119858393972
2024-06-05,1.1775993219295344,0.7311422710349902
2024-06-06,0.7364174396756518,-0.1500892626841832
2024-06-07,-3.633551284065817,-1.8516155559569647
2024-06-10,0.9126408480625514,-0.6688916470863226
2024-06-11,0.28525382508943764,1.02889341279786
2024-06-12,0.2658183908153866,0.748592484627153
2024-06-13,-0.8183543017197259,1.4592340176368346
2024-06-14,1.2876289526632334,0.8379853016412753
2024-06-17,-0.5205175700450759,-0.9978820116083753
2024-06-18,0.3999264104051825,0.913357759153044
2024-06-20,1.2407060942233983,-0.6682625497053785
2024-06-21,-1.5614512577114326,0.0
2024-06-24,0.3949755820411127,0.4035684720579802
2024-06-25,-0.49745904122726614,0.16948595391319543
2024-06-26,-0.9271011435783016,-1.4388764124455555
2024-06-27,1.1273144249924094,0.39642681732301455
2024-06-28,0.009297215668002679,-1.8780808332713228
2024-07-01,0.26012036358746826,-1.7409460584353553
2024-07-02,-0.004643502198131699,0.7755239765058874
2024-07-03,1.120993363706102,1.3047877872564229
2024-07-05,1.3396660734694699,0.8244538322673023
2024-07-08,-1.2479622087256281,0.21584963469951646
2024-07-09,0.16943111880909356,-0.442973301092664
2024-07-10,0.3653653384414923,0.313521219863766
2024-07-11,1.7578001160185153,0.9668215697441696
2024-07-12,-0.06272936376374716,0.42669961513155386
2024-07-15,0.32219172131213725,-1.1563320871562865
2024-07-16,1.9729877820048536,1.4008771157468125
2024-07-17,-0.4654019570797807,0.021230452964271507
2024-07-18,-0.6401633154546893,-0.7673534096884538
2024-07-19,-1.810066223064588,-0.5901516278565389
2024-07-22,0.03156824791679114,-0.2910094331495472
2024-07-23,0.35105070964620566,-0.1403931496727573
2024-07-24,-0.35105070964620566,-1.0867376653830085
2024-07-25,-1.5768400613655587,0.8161673757722809
2024-07-26,1.0479424389843395,0.7772853427993276
2024-07-29,-0.14060442276129237,0.536246251886574
2024-07-30,0.9935936183544491,0.3843438119697673
2024-07-31,1.7948680176280263,1.0177123948965416
2024-08-01,-0.344888370988361,0.8587634487242646
2024-08-02,-0.1906444389298656,3.068580406270094
2024-08-05,-1.2773165762624217,0.5277038594142525
2024-08-06,-0.8032891286850585,-2.2622436311404925
2024-08-07,-0.06798590470786792,-0.7064808006804313
2024-08-08,1.5566228805778515,-0.6170799628028689
2024-08-09,0.24522519879104365,0.9813303309623045
2024-08-12,1.6999354511923137,0.3629369154745099
2024-08-13,-0.15335341694875382,0.6911291648602713
2024-08-14,-0.8189191333500823,0.6250864841371495
2024-08-15,0.3133929041611694,-0.8102966263361822
2024-08-16,2.214081173528726,0.3495435778003042
2024-08-19,-0.16393656726290118,0.46075304853587795
2024-08-20,0.3663270802502616,0.7936522020594694
2024-08-21,-0.1334507922706507,0.06078942404572629
2024-08-22,-1.2047289256478244,-0.9975624622907908
2024-08-23,1.1487194343258622,0.6526105762453938
2024-08-26,0.31842629268954425,-0.25442458764795006
2024-08-27,0.27030152296241283,-0.17336409223140947
2024-08-28,-0.7051666972007986,-0.12255981765907364
2024-08-29,0.5164620716357149,-0.32757369013713955
2024-08-30,-0.7151519782832239,-1.0720438247851405
2024-09-03,-0.4332950273532532,1.62228015933632
2024-09-04,0.06077417877383695,1.2807446841003767
2024-09-05,0.8297784905919592,0.5640297360127278
2024-09-06,-0.7430165851405768,-0.010041170868202443
2024-09-09,0.4197056104325192,0.4309691073011379
2024-09-10,0.4394427867848272,0.6976194244069589
2024-09-11,-0.15918222264339477,-0.0794878822430789
2024-09-12,1.7414763446119252,-0.46823376200118005
2024-09-13,0.9894570827460036,0.2692494413638613
2024-09-16,-0.008375168155527746,0.9120784833469564
2024-09-17,-0.5546263478781732,-0.48475793510140974
2024-09-18,-0.774034473177565,-1.2473246238685398
2024-09-19,1.542123641948745,-0.33189153820094575
2024-09-20,1.263055768253185,-0.38358736209138655
2024-09-23,0.19385267161009523,-0.21260932089264273
2024-09-24,1.3872405171650115,-0.02025824573435031
2024-09-25,-0.1382723256375229,-0.8347031994206056
2024-09-26,0.5073989582053073,0.23482552830422776
2024-09-27,-0.7967487087646496,0.5187620217330213
2024-09-30,-0.8031540905022005,-0.47798084720263034
2024-10-01,1.0436598143315656,0.7193959203623201
2024-10-02,0.020356647666464056,-0.8462760448844087
2024-10-03,-0.06922454344495677,-0.9465206391924497
2024-10-04,-0.19980250389979304,-1.2377102998121892
2024-10-07,-0.3393514036765133,-0.756405207640487
2024-10-08,-0.7399232494345043,0.1685813633161004
2024-10-09,-0.5461070501716847,-0.570109129782459
2024-10-10,0.7316064767088903,-0.39246669653643096
2024-10-11,1.0854286868861251,-0.4047525002953023
2024-10-14,-0.16308312397317337,0.07465488164024592
2024-10-15,0.34623584364341653,1.2084355146908088
2024-10-16,0.4989142712823025,0.4205676091872945
2024-10-17,0.5970452161761841,-1.597004062220897
2024-10-18,1.0562207979592841,0.07461016666514553
2024-10-21,-0.01990210805233872,-1.7625357374463135
2024-10-22,1.0729555523637302,0.09750608125687066
2024-10-23,-1.2123752431614676,-0.2711366267146964
2024-10-24,0.7663817134298867,0.6387676731406167
2024-10-25,0.20548662166115506,-0.5627649931014389
2024-10-28,0.003945329776655626,-0.2716936322950225
2024-10-29,1.0835937036952181,0.15222728644967987
2024-10-30,0.549078920793189,0.29295623498324375
2024-10-31,-1.5616471787271102,0.16237552501312535
2024-11-01,-0.4110813705941574,-1.419867964354804
2024-11-04,0.14248987496037202,1.54028451087731
2024-11-05,0.22519104403704304,0.5297562806225287
2024-11-06,-3.0857976694085743,-2.7770428694584126
2024-11-07,1.5948645391861582,1.244985962279621
2024-11-08,-0.6792442588198,1.262098949702395
2024-11-11,-2.375140115119212,-0.48770119241074994
2024-11-12,-0.8668821068980037,-1.5107131316244526
2024-11-13,-1.0132384997697308,-0.9531248167775175
2024-11-14,-0.261255153137796,0.5773899691076778
2024-11-15,-0.17736414154017055,-0.2660846137414019
2024-11-18,1.8841622825925164,0.1774623679102305
2024-11-19,0.8919428494707837,0.5084458001164194
2024-11-20,0.5616245032296519,-0.3202308339028015
2024-11-21,0.830491888622209,-0.07744942521181741
2024-11-22,1.2809813332371967,0.055323275153185136
2024-11-25,-2.99014831873059,2.555860438811841
2024-11-26,0.1936433160953932,-0.38898380959508927
2024-11-27,0.2220248187002838,0.6904675976210584
2024-11-29,0.8587567442534194,1.0268568923637034
2024-12-02,-0.8792948302693837,0.23998283697350686
2024-12-03,0.20107532444555432,-0.8666364799009507
2024-12-04,0.3029087486077664,1.0688390010511029
2024-12-05,-0.7425208209173917,0.20178587283714577
2024-12-06,0.03705001517975148,0.148431909366753
2024-12-09,0.9870874002919194,-0.9259800715466504
2024-12-10,1.3078415980993796,-0.47158985893185346
2024-12-11,0.948865236059504,-0.9499309481231677
2024-12-12,-1.4772297747821739,-1.2221883759212737
2024-12-13,-1.2165276223374377,-1.0263200740333822
2024-12-16,0.24122979128051725,0.29904303495129625
2024-12-17,-0.384601115345351,0.2430228135794188
2024-12-18,-1.9371499639531997,-1.2583208925320832
2024-12-19,0.14200879312813441,-1.5257115705725077
2024-12-20,1.037999743966811,0.567795064637
2024-12-23,-0.4719916680210545,-0.9214630066133545
2024-12-24,0.19900326568702553,0.42199664407425175
2024-12-26,0.6728492701914668,-0.056917388279043024
2024-12-27,-0.689421445370364,-0.823252600607205
2024-12-30,-0.319477904087595,0.8004747290128122
2024-12-31,0.6214287831739718,-0.5367836648109581
2025-01-02,1.3496228917031061,0.27445069665619215
2025-01-03,-0.7895124609843762,-0.32023954749611505
2025-01-06,-0.12328556129919122,-0.44779246905992665
2025-01-07,0.561762673506383,-1.1341362882957284
2025-01-08,0.5301603121984577,0.1279286882057029
2025-01-10,0.9512918374949386,-0.6647635090911486
2025-01-13,-1.0001100303675514,-0.03509830780403789
2025-01-14,0.5235693007988651,-0.16401208023379965
2025-01-15,0.7461090407550941,1.7088367586115538
2025-01-16,0.6887194609051406,0.32221131284710935
2025-01-17,-0.5321403332684937,0.17219238567340867
2025-01-21,1.5366546556983884,0.8906113840366103
2025-01-22,0.512251021306831,-0.5242642445258738
2025-01-23,-0.14158718257650804,-0.7800633678723301
2025-01-24,0.6199449222330067,0.44811544463234654
2025-01-27,-1.0459313683880644,1.1740077667178994
2025-01-28,0.8619165823802177,-0.0680252240282897
2025-01-29,-0.3847803041418629,-0.2042894315555266
2025-01-30,1.5031970539816086,0.3742383398152249
2025-01-31,0.1974448600582157,-0.6587051723371928
2025-02-03,0.5323078655223412,0.8108979723925103
2025-02-04,0.9800237486044416,0.3058068397407965
2025-02-05,0.6190342642430124,1.637526245763965
2025-02-06,-0.26537744373777983,-0.04451469461939084
2025-02-07,0.17825701444094122,-0.6476005045515265
2025-02-10,1.6796386802506724,-0.30290685857004007
2025-02-11,-0.365828558987058,-0.6425041880230076
2025-02-12,0.10466070727144228,-1.3663238742525508
2025-02-13,0.9814510830151058,1.6486176536975705
2025-02-14,-1.498346692654895,0.5286032498214688
2025-02-18,1.6425269144477284,-1.1847850820505101
2025-02-19,0.05539429240091209,0.12476951304281059
2025-02-20,0.051669915443586234,0.3734227147630165
2025-02-21,-0.09229691054981615,1.201256237927506
2025-02-24,0.5414881156990958,0.2897288974605061
2025-02-25,-1.327607254097618,1.7099889842125293
2025-02-26,0.15251697060953973,0.5889512212638337
2025-02-27,-1.5357280506671067,-0.7093371021426265
2025-02-28,-0.6285532695668117,1.219116815466581
2025-03-03,1.3094284775934106,0.4656060960138042
2025-03-04,0.8660029400338942,-1.2391437957529838
2025-03-05,0.20791481693782643,-0.8016385975335716
2025-03-06,-0.5094160642131307,-0.33130739478730575
2025-03-07,0.052181964740860565,-0.32130820272628924
2025-03-10,-0.8794495623059895,1.0377792636797167
2025-03-11,1.1659306390657598,-0.7164710609534275
2025-03-12,0.43373733176004237,-0.5991370856981426
2025-03-13,1.7600345742840418,0.8753086589552872
2025-03-14,0.039967786762495905,-0.5309027140538269
2025-03-17,0.5398932434642845,0.497813715737383
2025-03-18,1.160436401087761,0.09925187977568584
2025-03-19,0.40992943996913667,0.5168080637522721
2025-03-20,-0.12814060805395044,0.0657608093693085
2025-03-21,-0.8082476604942102,-0.5935959330506613
2025-03-24,-0.44624907831334326,-1.0306625194424157
2025-03-25,0.4390711790074775,-0.011133584136846508
2025-03-26,-0.08263225124265361,-0.6594726452164856
2025-03-27,1.3316671121390122,-0.29199277023037595
2025-03-28,0.7384788228781858,1.373931080516666
2025-03-31,1.4261049112946012,0.9825123152332083
2025-04-01,-0.19801896396476337,0.8628118899254744
2025-04-02,0.2049559804647494,-0.0655912663724223
2025-04-03,-0.605658220441363,0.45830768210901596
2025-04-04,-2.3670204732145095,1.0828450653304067
2025-04-07,-2.171998668570385,-3.0619983382563554
2025-04-08,0.5429029902152216,-1.9058941125178919
2025-04-09,3.6323492196158824,0.5868511607713067
2025-04-10,2.4130092886814225,-2.795566008560524
2025-04-11,1.8906799500581606,0.5423911335080689
2025-04-14,-0.5722318290653838,0.7110102041297139
2025-04-15,0.5218738019025615,0.3536319591438186
2025-04-16,3.202257075367587,0.5563954856311781
2025-04-17,-0.4400359490662531,-0.8871885687381287
2025-04-21,3.0466725196562017,-1.763414821668885
2025-04-22,-1.4297390879939975,0.5565948288070999
2025-04-23,-2.427079806460597,0.9666274817372589
2025-04-24,1.4451351409752178,1.0480788158915288
2025-04-25,-1.0900878955956372,0.7339378998787893
2025-04-28,1.4141637459613499,0.6280075726470713
2025-04-29,-0.9786658970495132,0.8349530052831788
2025-04-30,-0.7510353244041923,-0.8125915105563486
2025-05-01,-2.099106650379756,-0.5083532772443888
2025-05-02,0.1746673590377057,-1.0883161983048062
2025-05-05,2.9430400577679094,-0.5601096168500241
2025-05-06,2.7638515747737458,0.33186071072019985
2025-05-07,-1.5106592963135768,0.4218308295763862
2025-05-08,-1.989078892817897,-1.1211801942300426
2025-05-09,0.7228485693538289,0.14946462667024818
2025-05-12,-2.859555174099615,-0.9348598606922387
2025-05-13,0.4249948759953881,-0.4066575695657271
2025-05-14,-2.1262276625643395,-0.6658687159882604
2025-05-15,1.5837869719407927,0.8752144897398395
2025-05-16,-1.2160689602209729,0.2668899365525945
2025-05-19,1.2798420816745093,-0.290105260920992
2025-05-20,1.845097448398647,-0.7231362380009543
2025-05-21,0.7351594562024388,-1.7237904831672424
2025-05-22,-0.8900989925318292,0.5226511053393779
2025-05-23,2.1669792905121277,0.16571656221628928
2025-05-27,-1.709443335929972,1.3859510632607375
2025-05-28,-0.2268589173612945,-0.4325033697047509
2025-05-29,0.5907233361944542,0.9212637351123654
2025-05-30,-0.6598665713002383,0.15074398163852365
2025-06-02,2.6233913208447035,-0.9350123765276663
2025-06-03,-0.889499464201915,-0.17629287648377456
2025-06-04,0.6421313241234294,1.6103046218482575
2025-06-05,-0.506267264407434,0.0694112535056135
2025-06-06,-1.3506882324947789,-1.2805719919468217
2025-06-09,0.47074374937485786,0.10539917431522383
2025-06-10,0.029346792267404,0.5136598665041348
2025-06-11,0.539769697833048,0.3022869385956639
2025-06-12,1.2343702322692884,1.188652563603565
2025-06-13,1.3015494091699331,-0.9683064751157211
2025-06-16,-1.4361734303801832,-1.0128869665924078
2025-06-17,0.051306248094018514,1.2096110970846397
2025-06-18,-0.5400182338402892,0.17325876996370226
2025-06-20,-0.04191069541601422,-0.1848341221200478
2025-06-23,0.30584905042090327,0.3232198335794578
2025-06-24,-1.5844238391270693,0.7234337512370459
2025-06-25,0.30327025232494975,0.12577673415066215
2025-06-26,-0.11076604529494105,0.5015309020786951
2025-06-27,-1.828997550464706,-0.6387546928549703
2025-06-30,1.1913301279754762,0.9792833752667818
2025-07-01,0.8883435847179655,0.2476388378880756
2025-07-02,0.5512375309430162,-0.6373651098874333
2025-07-03,-0.6846293882021293,-0.6989475617440455
2025-07-07,0.07485003525822265,-0.9589510315827887
2025-07-08,-1.0498326962964377,-0.1277725098802307
2025-07-09,0.4461316177626351,1.040708142700808
2025-07-10,0.22233161319649142,0.06900605970390217
2025-07-11,0.9555773018863789,-1.3890753445093829
2025-07-14,-0.3662014424121729,-0.21004345397921398
2025-07-15,-0.41643640755140154,-0.7033173298824913
2025-07-16,0.49756967893914705,0.14105044749266327
2025-07-17,-0.2175898954109634,-0.02347444268044896
2025-07-18,0.2597547797348554,0.1526154933978674
2025-07-21,1.525319212743259,0.8876575374300977
2025-07-22,0.9440183161308013,0.6028310066001019
2025-07-23,-1.2478717461641864,-0.5563365214605653
2025-07-24,-0.6137070328857241,-0.1744843304829935
2025-07-25,-0.9293039490678723,0.6267312189076613
2025-07-28,-0.6494663067577733,-0.6500163575175577
2025-07-29,0.27466136773082184,1.6745012381938373
2025-07-30,-1.7424424698434748,-0.5166898190304359
2025-07-31,0.6623418228250522,0.05753288495515818
2025-08-01,2.009639782657313,1.4116581329516542
2025-08-04,0.580633979396783,0.2729133970294839
2025-08-05,0.0803768098495361,0.30614883443984553
2025-08-06,-0.21233597342558141,-0.5790622314693294
2025-08-07,0.8402586680171353,-0.17094088089626425
2025-08-08,-0.022360485625672055,-0.4343944851083137
2025-08-11,-1.447901799294371,0.11449503752736234
2025-08-12,-0.09078785028293623,-0.5047707256585987
2025-08-13,0.30446433804476314,0.82467017323955
2025-08-14,-0.6358881635978086,-0.7441874904185575
2025-08-15,0.05856467855478442,-0.7150298230832242
2025-08-18,-0.15624875893935908,-0.2897619968641685
2025-08-19,-0.5488312721199762,0.5786959003482472
2025-08-20,1.0071289165623831,0.21903278528050407
2025-08-21,-0.3475929162815916,-0.4963932897164902
2025-08-22,1.064951898275357,0.7379253005850295
2025-08-25,-0.24177572824806148,-0.28759523857146974
2025-08-26,0.7235805547642471,-0.0576384344883607
2025-08-27,0.20166939883496937,-0.1153311230892129
2025-08-28,0.7391652350960953,0.6556643279006735
2025-08-29,0.9603638858147079,-0.7133843609487656
2025-09-02,2.336740250914282,-0.7469486129504155
2025-09-03,0.7801481349129169,1.0917718385694997
2025-09-04,-0.44286747373556423,0.7594953990902376
2025-09-05,1.3257668006979806,1.5132046925950604
2025-09-08,1.1323711365555766,1.3236142804852413
2025-09-09,-0.2272485609217334,-0.569921677167784
2025-09-10,0.35857690781284646,0.569921677167784
2025-09-11,-0.14924929949513555,0.6663879636396253
2025-09-12,0.1969631599387789,-0.4326453973355626
2025-09-15,1.0351078276419123,0.2331974842721074
2025-09-16,0.2004400599687095,0.2105181468380124
2025-09-17,-0.7745087571334075,-0.25489107276035483
2025-09-18,-0.4014356216470283,-1.0373331196083413
2025-09-19,1.0551365296973536,-0.19078654647044502
2025-09-22,1.7158380367683357,-0.36011493972729625
2025-09-23,0.40780484982398946,0.6965632557720092
2025-09-24,-0.9104369003754442,-0.38137196050938016
2025-09-25,0.4156538489887396,0.0
2025-09-26,0.5755674720215431,-0.08995206593693794
2025-09-29,1.636192499893241,0.817777030908573
2025-09-30,0.8503744538253422,-0.290482313176188
2025-10-01,0.15741326049987237,0.25791299097148723
2025-10-02,-0.3488904306036211,0.29077558575414386
2025-10-03,0.8000845595952377,-0.19003352591981937
2025-10-06,1.8670357712141872,-0.7975428911776383
2025-10-07,0.5146197838027611,0.5735287847178583
2025-10-08,1.635645771461558,0.07846422551223142
2025-10-09,-1.8625225753275743,-0.07846422551223142
2025-10-10,1.0047058859954383,1.601820341823501
2025-10-13,2.4010471634505315,-0.055197085107927535
2025-10-14,0.7115811676484007,0.3196887949640015
2025-10-15,1.718391083164228,-0.22036114919350425
2025-10-16,2.311798516943142,0.7472465276974205
2025-10-17,-1.8996349267190737,-0.1533951429316005
2025-10-20,3.5755074749403093,0.38304756884040003
2025-10-21,-6.642712220281766,0.4903362538702716
2025-10-22,0.010605032482136068,0.0651917818832004
2025-10-23,0.3994370253229462,-0.6866982997270732
2025-10-24,-0.335846604988177,0.04374824777144681
2025-10-27,-2.823439606845568,0.3383375637615593
2025-10-28,-0.7191829710492925,0.26115318671147136
2025-10-29,-0.37944582730187193,-1.0157965232446386
2025-10-30,1.9451474207494712,-0.583538426252872
2025-10-31,-0.544534976587574,-0.29859194187018545
2025-11-03,0.1791298260436669,-0.25041935928982184
2025-11-04,-1.7672437504169025,0.22263267997901792
2025-11-05,1.1498013266248108,-1.095604992095467
2025-11-06,-0.12012407765737976,0.8952674579557396
2025-11-07,0.6100376279774444,-0.21190468811473906
2025-11-10,2.697402633060797,-0.02231631124303135
2025-11-11,0.3930081509220251,0.4567780884624284
2025-11-12,1.5982361021277924,0.17771743021519626
2025-11-13,-0.8115943871202624,-0.8245251571893597
2025-11-14,-1.8212761198262761,-0.5722389118831828
2025-11-17,-1.153019727527571,0.24725502409337352
2025-11-18,0.7238670232445621,-0.03367424634683758
2025-11-19,0.16281258445651758,-0.20232784238194412
2025-11-20,-0.029336859393591652,0.39302212524781055
2025-11-21,-0.15485295000221555,0.30212861561871307
2025-11-24,1.572002942959294,0.5682049277171863
2025-11-25,-0.03157406112368477,0.255210643041881
2025-11-26,0.7966521739529497,0.4422860253280092
2025-11-28,1.2347782735317558,-0.47553971209435275
2025-12-01,0.4809481913079061,-1.2526818289073205
2025-12-02,-0.6460877304548696,0.04505209695393475
2025-12-03,-0.09300505859091146,0.2811123200376464
2025-12-04,0.06459865002765852,-0.5404175562606639
2025-12-05,-0.17839435807109894,-0.46394889422431973
2025-12-08,-0.26429393579938676,-0.32945339322276723
2025-12-09,0.5124051608821567,0.10236889063852672
2025-12-10,0.42501034686068806,0.3857497081779293
2025-12-11,1.0712248978542505,-0.1359745144361213
2025-12-12,0.5578987507631084,-0.9684967100787034
2025-12-15,0.0909927154450152,0.0686764664903805
2025-12-16,0.0227429563539161,0.5476761592079882
2025-12-17,0.8551559438576106,-0.09105213268165713
2025-12-18,-0.1804831428641407,0.47721379160918787
2025-12-19,0.11283535131116906,-0.3739468576069882
2025-12-22,2.281925455929912,-0.21725863809827217
2025-12-23,1.3165297757330663,0.1601254705289712
2025-12-24,-0.4142651508748152,0.603888503704475
2025-12-26,1.1609088487158914,-0.32998533852115486
2025-12-29,-4.450407961760128,0.3754246209419776
2025-12-30,0.07273032894685727,-0.23873623532866262
2025-12-31,-0.6488999253824623,-0.7999083131421614
2026-01-02,0.4958545328225483,-0.14926363819318667
2026-01-05,2.597293817991453,0.49286274744870795
2026-01-06,1.0755105002162146,-0.20602840680394863
2026-01-07,-0.9605943617543744,0.5826261617236206
2026-01-08,0.5507322733438791,-0.5024402595211086
2026-01-09,0.7215903791294664,0.6617908627749358
2026-01-12,1.8549616736782681,-0.2961303986832142
2026-01-13,-0.14220515093619213,0.17095214477578224
2026-01-14,1.0170333239524432,0.5790627109155011
2026-01-15,-0.6146511992686676,-0.02265456842911462
2026-01-16,-0.48305320875172697,-0.5791766522720287
2026-01-20,3.7137944625647457,-1.3184504479078818
2026-01-21,1.4463871678662699,0.7587924398283263
2026-01-22,1.8294219779694032,0.434285473477658
2026-01-23,1.3651695099227368,0.2733192982949717
2026-01-26,1.452287824537457,0.47651636576437895
2026-01-27,2.423586666073163,-0.6244631294574532
2026-01-28,3.8040544426992895,-0.2280502296023279
2026-01-29,0.2705807739847188,0.022820486744556945
2026-01-30,-10.841233744964729,-0.56080211523728
2026-02-02,-4.087351576386045,-0.2861256471977214
2026-02-03,6.164735147244915,0.24233875408565808
2026-02-04,-0.07046601942608532,-0.25389887432201164
2026-02-05,-2.699275619765107,1.0803492007275928
2026-02-06,3.0269515441490036,0.06856060380462381
2026-02-09,2.508561432489298,-0.022851250050948124
2026-02-10,-0.9963188662021061,1.1474193386401765
2026-02-11,1.1247091222494454,-0.5323136296439657
2026-02-12,-3.534565209196927,1.3198939109199337
2026-02-13,2.457422891441219,0.547648071617246
2026-02-17,-3.1666383600954973,0.1670484904565228
2026-02-18,2.2240759759257323,-0.37904807583419853
2026-02-19,0.2789156310915253,0.10047869449412161
2026-02-20,1.95226903950525,-0.2345960255162538
2026-02-23,2.6657023717321593,0.36839070589405054
2026-02-24,-1.3955835494471103,0.17814064248957706
2026-02-25,-0.25104111690774644,0.011128086387746094
2026-02-26,0.8539325114314877,0.39959206112225587
2026-02-27,1.3045947108173195,0.6074393865341143
2026-03-02,1.2837146760680263,-1.0092878523604298
2026-03-03,-4.563796333219461,-0.20106718690167114
2026-03-04,0.77877133277795,-0.31358846812929997
2026-03-05,-1.2090565447196333,-0.4046293674522694
2026-03-06,1.5708476698148566,-0.3723547748721856
2026-03-09,-0.20718179527898783,0.8666923149257322
2026-03-10,1.1216537509720403,-1.0703847831238456
2026-03-11,-0.33958635686852645,-1.2997571053104728
2026-03-12,-1.9849632546645068,-0.19527968583981092
2026-03-13,-1.302137256955227,-0.49563964021919205
2026-03-16,-0.08900836759426767,0.7712184186813964
2026-03-17,-0.252257105649889,0.274821428448746
2026-03-18,-3.2148428697583498,-0.5619017318923447
2026-03-19,-4.208848647076113,0.6076334286175822
2026-03-20,-3.1034054726858606,-1.9155876086217383
2026-03-23,-2.285337448592628,0.6503310835504372
2026-03-24,0.022271635118187305,-0.44083929278269096
2026-03-25,2.9645532839316147,0.9603762211094491
2026-03-26,-3.831884826591203,-0.8441782720383095
2026-03-27,3.449209165387579,-0.5473090876938258
2026-03-30,-0.028946950554864515,1.3223727055692969
2026-03-31,3.719349265015026,-0.10376162952967505
2026-04-01,1.7348463901670108,-0.09848961220617625
2026-04-02,-1.9395701723403214,0.6125364649595788
2026-04-06,-0.4107092256447231,-0.1614341193206137
2026-04-07,0.9680581273932454,-0.01154224959547534
2026-04-08,0.6279313363379835,0.32265403713926943
2026-04-09,0.7748433781413766,-0.25342934689867036
2026-04-10,-0.1782773309261465,-0.24250963963190486
2026-04-13,-0.4057403475821175,0.3001676539844844
2026-04-14,2.2103259292038047,0.5288557903098123
2026-04-15,-1.0456884729500793,-0.43668087910067044
2026-04-16,-0.08631178955775809,-0.6354417440578075
2026-04-17,1.3205474549607743,0.9114577985945616
2026-04-20,-0.8648499628928441,-0.022965664234053662
2026-04-21,-2.872874757170951,-0.5529410774023802
2026-04-22,1.3158850718081538,0.19617800408626707
2026-04-23,-0.9742663076259817,-0.21927632603082614
2026-04-24,0.5114015549751549,0.1846903462170424
2026-04-27,-0.7785532512715854,-0.497143081230611
2026-04-28,-1.8737366254643284,0.10426533409342298
2026-04-29,-1.0723068864617602,-0.7787642920169091
2026-04-30,1.486229443655418,-0.09339085858766083
2026-05-01,-0.11336522597229504,0.35690328794979465
2026-05-04,-2.0218142966322183,-0.7621559166189229
2026-05-05,0.8547670573808119,0.5516784018111842
2026-05-06,2.9888127796577457,0.7579786949261091
2026-05-07,0.1669297507979728,-0.5007875099609649
2026-05-08,0.48298583279891005,0.5007875099609649
2026-05-11,0.20266811021025788,-0.6059262005250865
2026-05-12,-0.39650602843979144,-0.6684278304315505
2026-05-13,-0.5628711330521341,-0.2237998589887269
2026-05-14,-0.7671648257757901,0.14140364873744815
2026-05-15,-2.349423139783813,-1.4948605485170852
2026-05-18,0.2728150184871936,-0.11961023168094442
2026-05-19,-1.6700574279936653,-0.6483405281309196
2026-05-20,1.423595990327442,1.0663337335626188
2026-05-21,-0.09827627438161457,0.36875977027222007
2026-05-22,-0.7631102906283438,0.544701264253522
2026-05-26,0.04348594550149798,0.4947567778370576
2026-05-27,-1.3398563535697683,0.23474726254892886
2026-05-28,1.0423100202116231,0.5144945980220861
2026-05-29,1.0483427987445282,0.023328597727889644
