Индекс,"Portfolio return, %"
2004-11-19,0.05158683379566861
2004-11-22,0.44945834085589503
2004-11-23,-0.1606590370712365
2004-11-24,0.3346341531359163
2004-11-26,-0.060093582713771895
2004-11-29,-0.41200608667244865
2004-11-30,-0.5216322673753064
2004-12-01,0.20996692721267587
2004-12-02,-0.678527662355317
2004-12-03,1.4900460698377942
2004-12-06,-0.3003383456833821
2004-12-07,-0.0037838653925734347
2004-12-08,-0.4404632305804068
2004-12-09,-0.5936837230102943
2004-12-10,-0.26455922489075423
2004-12-13,0.6457963954597178
2004-12-14,-0.21361069782376857
2004-12-15,0.9537001633198889
2004-12-16,-1.0956045323761054
2004-12-17,0.5149182787309687
2004-12-20,0.2595725760288634
2004-12-21,0.016502366445231766
2004-12-22,-0.39510070005441933
2004-12-23,0.12071464083453533
2004-12-27,-0.15236871567908647
2004-12-28,-0.16359173909369185
2004-12-29,-0.8549260728775852
2004-12-30,0.529447331111052
2004-12-31,0.2807194502877566
2005-01-03,-0.7861496369161984
2005-01-04,-0.8531124795804335
2005-01-05,0.18559724503269498
2005-01-06,-0.5770022380535214
2005-01-07,-0.2548919116667111
2005-01-10,0.21031859033919348
2005-01-11,0.6012465273294644
2005-01-12,0.5278652991821545
2005-01-13,0.4802463554890782
2005-01-14,-0.3347772223858409
2005-01-18,0.16626050266219844
2005-01-19,0.07281508744089198
2005-01-20,0.08728549436525113
2005-01-21,0.6328761017026896
2005-01-24,0.24902710188523933
2005-01-25,-1.0960393887679813
2005-01-26,0.624603662579327
2005-01-27,-0.17585617112414462
2005-01-28,0.5829850554097997
2005-01-31,-0.40915081356566213
2005-02-01,-0.22172782042837166
2005-02-02,0.18621609213567625
2005-02-03,-0.5984092697939435
2005-02-04,0.44196766021585643
2005-02-07,0.13118778476479406
2005-02-08,0.2714293559032401
2005-02-09,0.19357300277042536
2005-02-10,-0.1422316370545591
2005-02-11,0.36223136216282115
2005-02-14,0.712217623603174
2005-02-15,-0.21747445707871246
2005-02-16,-0.259759129598079
2005-02-17,-0.06737987989424349
2005-02-18,-0.4247159993976511
2005-02-22,0.7361793529697928
2005-02-23,-0.006259204311168046
2005-02-24,-0.21407316691813227
2005-02-25,0.4381342383779332
2005-02-28,-0.5052479345247839
2005-03-01,-0.3723640908049418
2005-03-02,-0.032199071147475264
2005-03-03,-0.35221842877243625
2005-03-04,1.0136120054747755
2005-03-07,0.30216189427535434
2005-03-08,0.17073675868208402
2005-03-09,-0.8313594110239572
2005-03-10,0.508094066678529
2005-03-11,-0.10471293191894827
2005-03-14,-0.15062088462493128
2005-03-15,-0.2810589854814792
2005-03-16,0.5874183348763166
2005-03-17,-0.3906474150410751
2005-03-18,-0.23423562398857856
2005-03-21,-1.057891962570283
2005-03-22,-0.9390896727681038
2005-03-23,-0.030070761971787145
2005-03-24,0.06677098420341188
2005-03-28,-0.12905857607049695
2005-03-29,0.3193838515552968
2005-03-30,0.3075793171120123
2005-03-31,0.6053745466167976
2005-04-01,-0.06497875837219687
2005-04-04,-0.26969564737120727
2005-04-05,-0.06985764198006884
2005-04-06,0.3852878523192459
2005-04-07,-0.4743284141831385
2005-04-08,0.31534342907455093
2005-04-11,0.3745130972924812
2005-04-12,0.5327286668815445
2005-04-13,-0.0518341643903682
2005-04-14,-0.7683592009442771
2005-04-15,0.7653060250213289
2005-04-18,0.3030589560795622
2005-04-19,1.16762057589642
2005-04-20,0.013515811421534189
2005-04-21,-0.7685349095214493
2005-04-22,0.6483755545611335
2005-04-25,0.20496143778490875
2005-04-26,0.1537859859947736
2005-04-27,-0.3299722666743921
2005-04-28,0.1382832428424738
2005-04-29,0.32007646271635226
2005-05-02,-0.5544853015400089
2005-05-03,-0.00419567278353946
2005-05-04,-0.2752864383380073
2005-05-05,0.1263186063119603
2005-05-06,-0.8284897634738645
2005-05-09,0.08465353343366275
2005-05-10,0.4612298414446596
2005-05-11,0.21096705653769
2005-05-12,-0.4262085080948509
2005-05-13,-0.05434616339871402
2005-05-16,-0.1428152158319205
2005-05-17,0.11630589815800502
2005-05-18,0.5589348168310198
2005-05-19,-0.2116972005578651
2005-05-20,-0.3346771978295377
2005-05-23,0.35396682852587125
2005-05-24,0.26982792792160176
2005-05-25,-0.18187566340827097
2005-05-26,-0.23121223113906259
2005-05-27,0.2808301794552328
2005-05-31,0.34282506993945294
2005-06-01,0.4671318205438304
2005-06-02,0.8030224295530537
2005-06-03,-0.3286557180791056
2005-06-06,0.6280714433307131
2005-06-07,0.27877785682058115
2005-06-08,-0.28592826443782865
2005-06-09,-0.1243777389306439
2005-06-10,-0.14883619302391424
2005-06-13,-0.11268223111519299
2005-06-14,-0.5404783841124042
2005-06-15,0.2547037305330137
2005-06-16,1.086712541423895
2005-06-17,0.1901081656877405
2005-06-20,-0.05046549152775754
2005-06-21,0.5367360916004167
2005-06-22,0.5021636078434306
2005-06-23,0.2906237487755613
2005-06-24,0.11383857285914678
2005-06-27,0.14617395915695708
2005-06-28,-0.8690107312988166
2005-06-29,0.1288763993808126
2005-06-30,0.23068584571743406
2005-07-01,-1.4685425743115443
2005-07-05,-0.9691457275479521
2005-07-06,0.23995311486054144
2005-07-07,0.23536468778529093
2005-07-08,-0.323758820084683
2005-07-11,0.3307380770698824
2005-07-12,-0.1626856161040038
2005-07-13,-0.4152582510112029
2005-07-14,-0.6612069495787207
2005-07-15,0.31185808695124984
2005-07-18,-0.4208401960594314
2005-07-19,0.034036072776038415
2005-07-20,0.6404238406033192
2005-07-21,-0.37269809281437916
2005-07-22,0.37530092202178295
2005-07-25,-0.11108145905702213
2005-07-26,-0.2255797118054802
2005-07-27,0.14439252811250172
2005-07-28,0.8071774737796529
2005-07-29,-0.4134530359200241
2005-08-01,0.17587345563613274
2005-08-02,-0.1508183234981535
2005-08-03,0.6938514837956015
2005-08-04,0.0696505098924933
2005-08-05,-0.48240877374315494
2005-08-08,-0.3801719503102792
2005-08-09,0.17413031033806423
2005-08-10,0.30270448565684077
2005-08-11,1.257342773159318
2005-08-12,0.552265848730754
2005-08-15,-0.5346104800863527
2005-08-16,0.8216509063604607
2005-08-17,-1.0546117666178305
2005-08-18,0.2790585583956648
2005-08-19,-0.26808028400454065
2005-08-22,0.06136716564813971
2005-08-23,0.2977275051366827
2005-08-24,-0.1465124166937701
2005-08-25,0.31928145352458936
2005-08-26,-0.15319004139312178
2005-08-29,0.017669480465493027
2005-08-30,-0.32603979797351157
2005-08-31,0.8698324960300189
2005-09-01,0.6415726625472198
2005-09-02,0.07591664787429368
2005-09-06,-0.3299593285362189
2005-09-07,-0.4040070810526831
2005-09-08,0.35732112481566514
2005-09-09,0.4282092545784152
2005-09-12,-0.29036849598170605
2005-09-13,-0.10522316452543226
2005-09-14,0.25668522508112046
2005-09-15,0.09969906463192231
2005-09-16,0.11127409519305773
2005-09-19,0.5761249156631517
2005-09-20,0.10833779813699883
2005-09-21,1.3531861654749313
2005-09-22,-0.7950332248728219
2005-09-23,-0.46251855636753003
2005-09-26,0.0865508588930525
2005-09-27,-0.2734775833704719
2005-09-28,0.9261566079550964
2005-09-29,0.09448594231822958
2005-09-30,-0.5994007179654024
2005-10-03,-0.6930454495539574
2005-10-04,0.19671591901755606
2005-10-05,0.12181961657571315
2005-10-06,0.7235541913095288
2005-10-07,0.36049461317493164
2005-10-10,-0.02213061652180396
2005-10-11,-0.08246747497953846
2005-10-12,-1.0612184733987953
2005-10-13,-0.00046027458774162646
2005-10-14,-0.31192904264884946
2005-10-17,0.47922108019936926
2005-10-18,-0.21986050336343113
2005-10-19,-0.6822873223839316
2005-10-20,-0.2559843182597216
2005-10-21,1.0453571575810192
2005-10-24,-0.5293455833324366
2005-10-25,0.29177431398826154
2005-10-26,-0.506298131254734
2005-10-27,0.4445362121708549
2005-10-28,0.04798233293724159
2005-10-31,-0.776420724704014
2005-11-01,-0.7826329124316673
2005-11-02,0.20190666331258914
2005-11-03,-0.5232346808073786
2005-11-04,-0.5704815094776364
2005-11-07,0.4548042724502176
2005-11-08,0.6372643525892552
2005-11-09,0.19243909481510998
2005-11-10,0.5238717510595498
2005-11-11,0.3715200244408488
2005-11-14,-0.5682107604260552
2005-11-15,0.368661836027392
2005-11-16,1.711152474798626
2005-11-17,0.8506763966409882
2005-11-18,-0.25285464484565495
2005-11-21,0.6942402551288995
2005-11-22,0.40229010867087095
2005-11-23,-0.36629207709991585
2005-11-25,0.4565734373306301
2005-11-28,0.5707188119687743
2005-11-29,-0.4132325132654434
2005-11-30,-0.7611810299228607
2005-12-01,1.0064009680400954
2005-12-02,0.16607145930802933
2005-12-05,0.23337068718724419
2005-12-06,0.6170705979467797
2005-12-07,0.23333196223851266
2005-12-08,0.884582646120702
2005-12-09,0.08828522255268687
2005-12-12,0.05775603515558099
2005-12-13,-0.6833828381468448
2005-12-14,-0.7484650582179107
2005-12-15,-0.23093338367386795
2005-12-16,0.01668207564050992
2005-12-19,0.17922048920619277
2005-12-20,-1.2430990613320392
2005-12-21,0.2479435876526006
2005-12-22,1.1706500852812431
2005-12-23,0.2865034434967884
2005-12-27,0.9229683437030678
2005-12-28,0.6778305758856686
2005-12-29,0.10872250476456802
2005-12-30,-0.0071255179214283655
2006-01-03,1.4174432599634526
2006-01-04,0.2888508446859346
2006-01-05,-0.9649659376836993
2006-01-06,1.2183154781134926
2006-01-09,0.8481874086190525
2006-01-10,-0.9016839334590099
2006-01-11,0.35168474335752575
2006-01-12,0.24360703522530616
2006-01-13,1.2100543959829557
2006-01-17,0.060366864191844574
2006-01-18,-1.0989660728791408
2006-01-19,1.2516189610390551
2006-01-20,-0.2207832592236354
2006-01-23,0.4988091107058227
2006-01-24,-0.27986017016341863
2006-01-25,-0.17639306262129884
2006-01-26,-0.4470740211593335
2006-01-27,-0.22394419285822584
2006-01-30,0.8900246849240636
2006-01-31,0.15578206787715954
2006-02-01,-0.1711478703717062
2006-02-02,0.3407500298826942
2006-02-03,-0.06652636254924456
2006-02-06,0.29336418810190806
2006-02-07,-2.1275050229688683
2006-02-08,0.0946344926954001
2006-02-09,1.4473841921516426
2006-02-10,-1.524000353164906
2006-02-13,-0.9756794915153792
2006-02-14,0.5380915101859916
2006-02-15,-0.5490879026556824
2006-02-16,0.7153457778156121
2006-02-17,0.7993266016272087
2006-02-21,0.06304760741934531
2006-02-22,0.5395553035233078
2006-02-23,-0.7611714214115424
2006-02-24,0.8348362655212591
2006-02-27,-0.46088332571232804
2006-02-28,1.0120475485221083
2006-03-01,-0.27571438881040994
2006-03-02,0.222017916288425
2006-03-03,-0.697148277483693
2006-03-06,-1.3789150384229436
2006-03-07,-0.2198484685486677
2006-03-08,-0.9127834091270274
2006-03-09,0.26670001643690894
2006-03-10,-0.5657462571487529
2006-03-13,0.4053681367795908
2006-03-14,0.8464450503418139
2006-03-15,-0.04252257531142773
2006-03-16,0.6503858829902254
2006-03-17,-0.3509007628356722
2006-03-20,0.12408660693718002
2006-03-21,-0.5682128088986261
2006-03-22,0.034358463459861446
2006-03-23,-0.20367215658249255
2006-03-24,1.2824509049893933
2006-03-27,0.42414203419477586
2006-03-28,-0.7629980615571395
2006-03-29,0.659795494339765
2006-03-30,0.9870210343659581
2006-03-31,-0.44488208380898364
2006-04-03,0.3340521168825402
2006-04-04,-0.17181085608913604
2006-04-05,0.3516296668004886
2006-04-06,0.14729197014985365
2006-04-07,-1.076475937399846
2006-04-10,0.9513579441645442
2006-04-11,-0.3195202959735451
2006-04-12,0.05198938008478519
2006-04-13,-0.2943288490045339
2006-04-17,1.5082790004487534
2006-04-18,0.7080203926806637
2006-04-19,1.2222258879240915
2006-04-20,-2.2549743469095236
2006-04-21,2.1055584046881965
2006-04-24,-1.0310895197460626
2006-04-25,0.32278098633564745
2006-04-26,0.6078524793907345
2006-04-27,-0.47770287868486894
2006-04-28,1.7124650778037647
2006-05-01,-0.3224994884090707
2006-05-02,1.1917342284960888
2006-05-03,-0.17566352935002363
2006-05-04,0.6809462971893306
2006-05-05,0.6764276521327407
2006-05-08,-0.2867505551065376
2006-05-09,1.5273880873406045
2006-05-10,0.5902375031589974
2006-05-11,0.21675900251883914
2006-05-12,-0.3511905516692597
2006-05-15,-2.4381409587788334
2006-05-16,1.2557656553118108
2006-05-17,-0.648349837719173
2006-05-18,0.17373706940752717
2006-05-19,-1.2708662295665776
2006-05-22,-0.10693849056292229
2006-05-23,0.7942377326973376
2006-05-24,-1.7389287925270984
2006-05-25,0.3040353145464958
2006-05-26,0.27321340686334283
2006-05-30,-0.016120042558362198
2006-05-31,-0.9775850188473147
2006-06-01,-1.0826066875375295
2006-06-02,1.3866945061094054
2006-06-05,-0.23052086561691948
2006-06-06,-0.3490068242511618
2006-06-07,-0.20427266328679758
2006-06-08,-1.005091689262772
2006-06-09,-0.11377509158248719
2006-06-12,-0.3070207661326885
2006-06-13,-3.4470191316538736
2006-06-14,-0.7721205988351034
2006-06-15,1.2323375501007876
2006-06-16,0.2014112807869832
2006-06-19,-1.2228396395933436
2006-06-20,0.7479635351557568
2006-06-21,0.9065328415103768
2006-06-22,-0.8029983400407947
2006-06-23,0.12344849300878656
2006-06-26,0.15400100672739864
2006-06-27,-0.2689307318599574
2006-06-28,-0.3850060163365934
2006-06-29,1.8711601036526222
2006-06-30,1.9032141897175079
2006-07-03,0.7236974398258182
2006-07-05,-0.1419770347597636
2006-07-06,0.7197253143955573
2006-07-07,0.012951971408538333
2006-07-10,-0.4404889306414227
2006-07-11,1.590376354858998
2006-07-12,0.8777288912126769
2006-07-13,0.6778183378251023
2006-07-14,0.2579041276205884
2006-07-17,-1.3756466826245548
2006-07-18,-1.2573969098691957
2006-07-19,1.362634830418654
2006-07-20,-1.0220979342397623
2006-07-21,-0.7600096723422777
2006-07-24,-0.4923629184171576
2006-07-25,0.18851771468638165
2006-07-26,0.5463932550469004
2006-07-27,0.6475239566660372
2006-07-28,0.45345733301437596
2006-07-31,0.10371372878754578
2006-08-01,0.909476292514195
2006-08-02,0.5200992719845406
2006-08-03,-0.4759149898557672
2006-08-04,0.42688098328753643
2006-08-07,0.19986918638926077
2006-08-08,-0.5221912228159855
2006-08-09,0.3527930348444874
2006-08-10,-1.149889617279266
2006-08-11,-0.6446064883269556
2006-08-14,-0.45570144624641096
2006-08-15,0.2293328696316752
2006-08-16,0.7217273258372897
2006-08-17,-1.1925987752332536
2006-08-18,0.15253856385731102
2006-08-21,1.3167340573858215
2006-08-22,-0.29552695272183577
2006-08-23,-0.15443619213341014
2006-08-24,0.027072119789561023
2006-08-25,0.09062953335231305
2006-08-28,-0.5792213238257866
2006-08-29,0.01938216036837044
2006-08-30,0.5236794287484208
2006-08-31,0.8243281569381006
2006-09-01,-0.10335731295803466
2006-09-05,0.6660469193822759
2006-09-06,-0.4644589777667873
2006-09-07,-1.1900612542232034
2006-09-08,-0.45887269433780487
2006-09-11,-1.8269052500088252
2006-09-12,0.09823292480322136
2006-09-13,0.2796815172753195
2006-09-14,-1.3427491269782816
2006-09-15,0.14348772663395096
2006-09-18,0.6409484770060039
2006-09-19,-0.565281660927616
2006-09-20,0.37159400976904033
2006-09-21,1.0548609209526947
2006-09-22,0.7185119091668599
2006-09-25,0.3506516168108894
2006-09-26,-0.0052872933997828815
2006-09-27,0.7633628397833133
2006-09-28,-0.1004099930546172
2006-09-29,-0.32961571674738194
2006-10-02,-0.1321116034395463
2006-10-03,-1.807832796547558
2006-10-04,-0.2838968108040441
2006-10-05,0.13711357823885142
2006-10-06,-0.4609125945274733
2006-10-09,0.3197282272704825
2006-10-10,-0.5719167071135529
2006-10-11,-0.2536248588329317
2006-10-12,0.563178754529802
2006-10-13,0.6858285162138987
2006-10-16,0.7332073564770004
2006-10-17,-0.4002172884262205
2006-10-18,0.051549440495098346
2006-10-19,0.6068172382239072
2006-10-20,-0.5832721323187451
2006-10-23,-1.0732749603013414
2006-10-24,0.3542884324358563
2006-10-25,0.8987597981254151
2006-10-26,0.7722565740750895
2006-10-27,0.32393945375280914
2006-10-30,0.559980235488016
2006-10-31,0.6686625563872526
2006-11-01,1.1990745297178274
2006-11-02,0.2503570529729223
2006-11-03,-0.28515492457705277
2006-11-06,-0.18235966048936336
2006-11-07,0.35145346256148263
2006-11-08,-0.5718017494251576
2006-11-09,1.4667633482047229
2006-11-10,-0.14753614185059472
2006-11-13,-0.2514765447528471
2006-11-14,-0.2558018315547983
2006-11-15,-0.018119093514153976
2006-11-16,-0.658830430270402
2006-11-17,0.6662082448327395
2006-11-20,0.0696871556094859
2006-11-21,0.5254273885240521
2006-11-22,0.2673973032937556
2006-11-24,0.8845298010971648
2006-11-27,0.33894370562051457
2006-11-28,0.002430308791034874
2006-11-29,-0.4386922619188566
2006-11-30,1.2952684176191156
2006-12-01,-0.08246176661535826
2006-12-04,0.08743045157140153
2006-12-05,-0.4776313190477288
2006-12-06,-0.9811733808291923
2006-12-07,-0.006554560693963613
2006-12-08,-0.9091421451833327
2006-12-11,0.6330921992979812
2006-12-12,0.06485112272281227
2006-12-13,-0.47910369184069
2006-12-14,-0.47251989952481804
2006-12-15,-0.8774073133472242
2006-12-18,0.04945572665983782
2006-12-19,0.5541908431275159
2006-12-20,-0.15132573423838944
2006-12-21,0.05631248058505866
2006-12-22,-0.16322429812462871
2006-12-26,0.41779039722807293
2006-12-27,-0.17417873002767637
2006-12-28,0.4327640455430164
2006-12-29,0.20668742363601664
2007-01-03,-0.38019719512651645
2007-01-04,-0.20278123078727078
2007-01-05,-1.4281449549327772
2007-01-08,0.3467296666107727
2007-01-09,0.30541848522507276
2007-01-10,-0.438408495711221
2007-01-11,-0.2595673879258555
2007-01-12,1.0328770573528794
2007-01-16,-0.052962967618451644
2007-01-17,0.3868299053420525
2007-01-18,-0.14996055521451107
2007-01-19,0.45721845641328795
2007-01-22,-0.10295648654228104
2007-01-23,0.8712350641937112
2007-01-24,0.07207709711497369
2007-01-25,-0.5710393995153183
2007-01-26,0.04562468646314147
2007-01-29,-0.42186769674669955
2007-01-30,0.409631217300332
2007-01-31,0.8913331030662494
2007-02-01,0.2402821181395611
2007-02-02,-0.659596479481838
2007-02-05,0.0920718590432551
2007-02-06,0.6459487237968168
2007-02-07,0.02456965961444623
2007-02-08,0.7256637733691104
2007-02-09,0.17403313710485616
2007-02-12,-0.4554051038593387
2007-02-13,0.020761442002291578
2007-02-14,0.8743680630945555
2007-02-15,0.17756656317830186
2007-02-16,0.13773247372958164
2007-02-20,-0.6806217313043582
2007-02-21,1.4665487600374347
2007-02-22,-0.4200064050504237
2007-02-23,0.7785377371098322
2007-02-26,0.6107636770278828
2007-02-27,-1.3523772354765577
2007-02-28,0.5898189336940981
2007-03-01,-0.5295241248605492
2007-03-02,-1.3614128814411681
2007-03-05,-0.5303726938080753
2007-03-06,0.8165777648097345
2007-03-07,0.31066732396302627
2007-03-08,0.09571822676099519
2007-03-09,-0.7065819320148643
2007-03-12,0.288721967784462
2007-03-13,-0.20430645587293955
2007-03-14,-0.05442761100230566
2007-03-15,0.025758584119615586
2007-03-16,0.4878257386843792
2007-03-19,-0.012887052550780207
2007-03-20,0.436261346627292
2007-03-21,0.4426433621191558
2007-03-22,-0.44208654124229974
2007-03-23,-0.6060400522548929
2007-03-26,0.5897124139552867
2007-03-27,-0.19082542113720682
2007-03-28,0.1647915833922349
2007-03-29,-0.3711902083548793
2007-03-30,-0.027571049154814592
2007-04-02,0.16650189448877978
2007-04-03,-0.07765686815940337
2007-04-04,0.7923242147578153
2007-04-05,-0.15000436693624222
2007-04-09,-0.5789389983834553
2007-04-10,0.6206941828154176
2007-04-11,-0.09394859106994638
2007-04-12,-0.05564538101211763
2007-04-13,0.4787974854163428
2007-04-16,0.6858816000395253
2007-04-17,-0.012694310622430422
2007-04-18,0.5277261023915314
2007-04-19,-0.7087738402427148
2007-04-20,0.7334630026412522
2007-04-23,-0.1388051279125981
2007-04-24,-0.2019597729137024
2007-04-25,-0.05638647242114944
2007-04-26,-1.1190810259038169
2007-04-27,0.5032439316036096
2007-04-30,0.17577187560507487
2007-05-01,-0.2622478745545543
2007-05-02,-0.05080319911590272
2007-05-03,0.5081938913566995
2007-05-04,0.7200597593631468
2007-05-07,0.17922360670993298
2007-05-08,-0.3843633527722229
2007-05-09,-0.5154722889370407
2007-05-10,-0.960518747003905
2007-05-11,0.165586195549641
2007-05-14,-0.25861680351812705
2007-05-15,0.17892613002388585
2007-05-16,-0.7432517178587216
2007-05-17,-0.6183150099683663
2007-05-18,0.022109402661190346
2007-05-21,0.2636862417567208
2007-05-22,-0.6178476102914481
2007-05-23,0.11658190788797111
2007-05-24,-0.5579912802964712
2007-05-25,0.03117459643568165
2007-05-29,0.09430579679487859
2007-05-30,-0.16488254329879168
2007-05-31,0.5395561532207888
2007-06-01,0.4230804461679844
2007-06-04,0.30264910284421676
2007-06-05,-0.44275172394143353
2007-06-06,0.006703726859284139
2007-06-07,-1.777311384229683
2007-06-08,-0.8420818612820999
2007-06-11,0.23022455680896384
2007-06-12,-1.1948119385486213
2007-06-13,0.9261477671302445
2007-06-14,-0.07175656186731995
2007-06-15,0.5348775497032637
2007-06-18,-0.024454374701412207
2007-06-19,0.8712255845872223
2007-06-20,-0.9963061766138726
2007-06-21,-0.3556979746294552
2007-06-22,0.4936320089874034
2007-06-25,0.004413359674666073
2007-06-26,-0.6186553782454702
2007-06-27,0.08678277124166381
2007-06-28,0.45050711533502114
2007-06-29,0.5224051505365814
2007-07-02,0.8427335189996273
2007-07-03,-0.5215572217134434
2007-07-05,-0.810733204238773
2007-07-06,0.21607282459347785
2007-07-09,0.501720499467787
2007-07-10,1.0181574839128924
2007-07-11,-0.6480525079018701
2007-07-12,0.27075295738865074
2007-07-13,0.14434146998300487
2007-07-16,0.32114654999649556
2007-07-17,-0.15911353074336637
2007-07-18,0.8464783351321379
2007-07-19,0.280576419414613
2007-07-20,0.8734315445259648
2007-07-23,-0.1629594245594242
2007-07-24,0.1862481542334194
2007-07-25,-0.3242626599940836
2007-07-26,-0.5184717036690487
2007-07-27,-0.03913280662298995
2007-07-30,0.13184580258666134
2007-07-31,0.37647428712317377
2007-08-01,-0.001832792175544993
2007-08-02,0.09585872925586135
2007-08-03,0.9346898033383735
2007-08-06,-0.4925972275901201
2007-08-07,-0.07016578726318587
2007-08-08,-0.3903258927158153
2007-08-09,-0.915531502577779
2007-08-10,0.72929086001122
2007-08-13,-0.08766158763446376
2007-08-14,0.15572803138527744
2007-08-15,-0.3002327120749292
2007-08-16,-0.5820249343026886
2007-08-17,0.05424235999907695
2007-08-20,0.11333493351381306
2007-08-21,0.20324015469235646
2007-08-22,0.17322113140338377
2007-08-23,0.10329091774308244
2007-08-24,0.8547209619306972
2007-08-27,0.16337003264992514
2007-08-28,-0.21083101361168577
2007-08-29,0.22997690337394658
2007-08-30,0.12999736715870883
2007-08-31,0.5847846418582525
2007-09-04,0.7127106218345187
2007-09-05,0.4886174751409303
2007-09-06,0.8298390390173487
2007-09-07,1.0864949062170817
2007-09-10,0.551807611063137
2007-09-11,0.6060391517776296
2007-09-12,-0.2297656760366993
2007-09-13,-0.7192733778437177
2007-09-14,0.008126107069251308
2007-09-17,0.9348439738856715
2007-09-18,0.13785504544183846
2007-09-19,-0.6532511968386119
2007-09-20,-0.04265850358791573
2007-09-21,0.16316628377303508
2007-09-24,0.10068744882411673
2007-09-25,-0.14140479569889447
2007-09-26,-0.18271929654707925
2007-09-27,0.829575066648174
2007-09-28,0.6678453323163945
2007-10-01,0.5494675311624443
2007-10-02,-0.8951671455359725
2007-10-03,-0.457868231410863
2007-10-04,0.8620668663452233
2007-10-05,-0.17436381307928353
2007-10-08,-0.6343070339209831
2007-10-09,0.3231751365791516
2007-10-10,0.21282509283451637
2007-10-11,0.32330242251274605
2007-10-12,0.21570018700398955
2007-10-15,0.37931969868609
2007-10-16,0.0037849227891869753
2007-10-17,0.13468455736335408
2007-10-18,1.2749364733717308
2007-10-19,0.5472847330788273
2007-10-22,-0.7236667915093933
2007-10-23,0.3553223460995842
2007-10-24,0.5619583885204014
2007-10-25,0.16721843765055255
2007-10-26,0.9711759467773288
2007-10-29,0.4689970690394297
2007-10-30,-0.5216573409218064
2007-10-31,0.36869508522503547
2007-11-01,0.21059888749257347
2007-11-02,1.3694168255042578
2007-11-05,-0.07210844731829631
2007-11-06,0.8082350554746434
2007-11-07,0.5840294859215547
2007-11-08,-0.09434504143334328
2007-11-09,0.3939757251184251
2007-11-12,-2.204141192346965
2007-11-13,0.33757568876792
2007-11-14,0.7847481293131852
2007-11-15,-0.9856409955359567
2007-11-16,-0.05790257427287151
2007-11-19,-0.0032940059959195318
2007-11-20,1.3801928644528931
2007-11-21,0.22115489369586125
2007-11-23,1.3316586307530096
2007-11-26,1.012594955711667
2007-11-27,-1.2215560440146744
2007-11-28,-0.6710497657733159
2007-11-29,-0.3806697646142771
2007-11-30,-0.8593530092098228
2007-12-03,1.012441866188956
2007-12-04,0.707602264265648
2007-12-05,-1.0871511164540744
2007-12-06,0.032581014126402005
2007-12-07,-1.050989897369046
2007-12-10,0.5891314021786475
2007-12-11,0.2560091595763048
2007-12-12,0.5288506040859767
2007-12-13,-1.7954773747397192
2007-12-14,-0.21820536748400265
2007-12-17,0.19840528897595872
2007-12-18,1.03410519629703
2007-12-19,0.6545041699767046
2007-12-20,-0.468012074779471
2007-12-21,0.17772561328528608
2007-12-24,-0.20980666698529735
2007-12-26,0.42172500387399864
2007-12-27,0.5679950245437637
2007-12-28,1.6488309568249742
2007-12-31,-0.02253063379372954
2008-01-02,2.1520598611585253
2008-01-03,0.348833235733691
2008-01-04,-0.2467866943314388
2008-01-07,0.006014059620835619
2008-01-08,1.121176869085112
2008-01-09,-0.03735460025951283
2008-01-10,0.30617599442808735
2008-01-11,0.5757649511114269
2008-01-14,0.7250563859692943
2008-01-15,-0.30544966014073094
2008-01-16,-1.0999374901863213
2008-01-17,0.5311942279207754
2008-01-18,0.1883810527928583
2008-01-22,0.9584334250559224
2008-01-23,-0.27313790742829386
2008-01-24,0.24342934849666428
2008-01-25,0.960012253679019
2008-01-28,0.6133956356451807
2008-01-29,-0.6692521006060346
2008-01-30,0.17250863797897603
2008-01-31,-0.0032766213075916123
2008-02-01,-0.8242787181367691
2008-02-04,-0.6565922839485095
2008-02-05,-0.4157682102097538
2008-02-06,0.5699167073248034
2008-02-07,-0.5730269103408387
2008-02-08,1.2047772378978745
2008-02-11,0.3886610301672891
2008-02-12,-1.4022560386650238
2008-02-13,-0.4688130698535771
2008-02-14,-0.5856193716956701
2008-02-15,0.07173620320406865
2008-02-19,0.8531602301152272
2008-02-20,1.2448225615558437
2008-02-21,0.5335461622521628
2008-02-22,-0.21145838014224252
2008-02-25,-0.8624841921368549
2008-02-26,0.5379905094154289
2008-02-27,0.6129150410573925
2008-02-28,1.5150603366279742
2008-02-29,0.8602467160545055
2008-03-03,0.42128151012678655
2008-03-04,-1.5571849153793416
2008-03-05,0.7330835702146385
2008-03-06,-0.35744318931939567
2008-03-07,-0.14740537411360066
2008-03-10,0.6208510279776122
2008-03-11,-0.3654784891060595
2008-03-12,1.4848167541882653
2008-03-13,0.29381943751771955
2008-03-14,0.8029721714300309
2008-03-17,0.6153009150646127
2008-03-18,-1.551361710090717
2008-03-19,-0.9690248385277347
2008-03-20,-1.570515410929121
2008-03-24,-0.8653398142266181
2008-03-25,1.6555313058183758
2008-03-26,0.3673259888055745
2008-03-27,-0.5342179868919659
2008-03-28,-0.3598163681636194
2008-03-31,-0.6239713940724521
2008-04-01,-2.816303032618692
2008-04-02,1.4826897760364304
2008-04-03,0.19536205005305263
2008-04-04,0.9156641429842451
2008-04-07,0.24680415222829125
2008-04-08,-0.6258629054018634
2008-04-09,1.5802691747807487
2008-04-10,-0.45054937738340145
2008-04-11,0.08068664000117032
2008-04-14,-0.39757620666423493
2008-04-15,-0.31897606467325795
2008-04-16,0.38772382563226004
2008-04-17,-0.4676749077671582
2008-04-18,-1.0970784742178634
2008-04-21,-0.004713513884264387
2008-04-22,0.18272732841663092
2008-04-23,-0.750275073028344
2008-04-24,-1.556945545717943
2008-04-25,-0.26401086206759844
2008-04-28,0.3923136595197809
2008-04-29,-0.8858129251278163
2008-04-30,0.8428493421866553
2008-05-01,-1.54358466450744
2008-05-02,-0.27966402993208606
2008-05-05,0.9940935377120051
2008-05-06,-0.15171021280795827
2008-05-07,-0.25338832876309064
2008-05-08,1.268119645060951
2008-05-09,0.2871745448679313
2008-05-12,-0.3221100402662712
2008-05-13,-1.4772991125520143
2008-05-14,-0.08940340414947785
2008-05-15,1.4991768909844476
2008-05-16,0.9958814808910055
2008-05-19,0.22777359326553054
2008-05-20,1.0995471788920221
2008-05-21,0.5921315840680096
2008-05-22,-1.1286427835773378
2008-05-23,0.35569110249975694
2008-05-27,-1.3720617869060532
2008-05-28,-0.5690382826143817
2008-05-29,-1.851969846634432
2008-05-30,0.8683682004544949
2008-06-02,0.48330280896015565
2008-06-03,-0.25434245819919105
2008-06-04,-0.5793400165443641
2008-06-05,-0.41575935548031706
2008-06-06,2.133935018533508
2008-06-09,-0.6025300337589339
2008-06-10,-1.7263750160079467
2008-06-11,0.7399573684022817
2008-06-12,-1.3248771903410188
2008-06-13,0.027660396570174557
2008-06-16,0.6962455667660776
2008-06-17,0.23885870654511898
2008-06-18,1.006221887813316
2008-06-19,-0.21597487014683941
2008-06-20,0.5890914133468079
2008-06-23,-0.944127301846913
2008-06-24,0.54994944874527
2008-06-25,-0.0065177455722347085
2008-06-26,2.138045043847713
2008-06-27,1.0552325202510664
2008-06-30,-0.02742621141980309
2008-07-01,0.5692006042278834
2008-07-02,0.5352182488745422
2008-07-03,-0.7065318870590497
2008-07-07,-0.22293885125447738
2008-07-08,0.12146721046341451
2008-07-09,0.5708029983945624
2008-07-10,1.097850166083495
2008-07-11,0.1599627638462118
2008-07-14,0.8300434733514452
2008-07-15,0.11938462789070305
2008-07-16,-1.8197143999719116
2008-07-17,-0.3746797647192253
2008-07-18,-0.21404892448169166
2008-07-21,0.695481600458974
2008-07-22,-1.3395726249560864
2008-07-23,-1.4478907347068466
2008-07-24,0.9034293183053534
2008-07-25,-0.3031105262018826
2008-07-28,0.5252160915005518
2008-07-29,-0.8280067721901511
2008-07-30,-0.5423957307442391
2008-07-31,0.8053093922050917
2008-08-01,-0.1726467863928352
2008-08-04,-0.9172113833228628
2008-08-05,-1.5528457236344866
2008-08-06,0.12114777625707143
2008-08-07,0.4954780925668697
2008-08-08,-0.8313200924751916
2008-08-11,-2.462610552848444
2008-08-12,0.09042052279008732
2008-08-13,0.47075012416772416
2008-08-14,-1.0383211914105805
2008-08-15,-0.6522925995687087
2008-08-18,0.947927475549841
2008-08-19,0.8380139352470324
2008-08-20,-0.090310902753836
2008-08-21,1.2993784316535093
2008-08-22,-0.7764114807129492
2008-08-25,0.4062243747568914
2008-08-26,0.22759744860214431
2008-08-27,0.1649488337118649
2008-08-28,0.5079549724068091
2008-08-29,-0.5100254406210379
2008-09-02,-1.0764539215857325
2008-09-03,0.016174194108394102
2008-09-04,0.08407286761955883
2008-09-05,0.3495063079406568
2008-09-08,0.1334632868152964
2008-09-09,-1.0123592039852922
2008-09-10,-1.809974002850357
2008-09-11,-0.7971496085003521
2008-09-12,1.0399029873600303
2008-09-15,2.90955138920305
2008-09-16,-0.5079009272614547
2008-09-17,5.728084960475784
2008-09-18,-2.3139064078263862
2008-09-19,0.33290592218100756
2008-09-22,1.8385961157956519
2008-09-23,-0.6760284195359196
2008-09-24,-0.694849176108919
2008-09-25,-0.25133097023710277
2008-09-26,0.4712082700494581
2008-09-29,3.0974607661878086
2008-09-30,-3.8018571971952566
2008-10-01,1.1513358081728629
2008-10-02,-1.7299351335396502
2008-10-03,0.5963445494716673
2008-10-06,1.913312051797159
2008-10-07,1.609547620897645
2008-10-08,0.5123996175476758
2008-10-09,-0.15246496982934135
2008-10-10,-4.152123698322878
2008-10-13,-1.3895486972180056
2008-10-14,-0.19415259036405227
2008-10-15,1.1467337396819444
2008-10-16,-2.706847815081527
2008-10-17,-1.669344795699496
2008-10-20,1.227308935688783
2008-10-21,-1.3176733910629905
2008-10-22,-1.8433347635191808
2008-10-23,-0.3688448186458616
2008-10-24,0.5706069503151338
2008-10-27,0.01539104206698048
2008-10-28,0.3862097416708424
2008-10-29,-0.10936863929807622
2008-10-30,-1.33354854322203
2008-10-31,-1.6034638427176895
2008-11-03,-0.03304849123355326
2008-11-04,3.9400148691603896
2008-11-05,-1.1895168867620063
2008-11-06,-0.7622015541778813
2008-11-07,-0.1330131703124707
2008-11-10,0.9840133987051984
2008-11-11,-0.8959089486311869
2008-11-12,-1.1077118924751028
2008-11-13,0.33758501540551616
2008-11-14,1.77237017872719
2008-11-17,-0.22296427996767917
2008-11-18,0.5455274334325256
2008-11-19,1.1022683235984727
2008-11-20,3.3497184047005106
2008-11-21,2.9102315756863533
2008-11-24,0.5227697404823697
2008-11-25,1.4356763418606724
2008-11-26,-0.23614634406661242
2008-11-28,0.5724718376908526
2008-12-01,-0.991375835266404
2008-12-02,1.0456900405531662
2008-12-03,-0.35983532201236934
2008-12-04,0.5374223607434897
2008-12-05,-1.470080952976041
2008-12-08,1.0134444945072452
2008-12-09,1.0683482922296559
2008-12-10,2.0980265777055966
2008-12-11,0.6601305300765568
2008-12-12,0.09914242456388188
2008-12-15,1.6631737295087077
2008-12-16,2.334740136854383
2008-12-17,1.91248829780014
2008-12-18,0.1360151108405104
2008-12-19,-0.6883611350033123
2008-12-22,0.11775797891390165
2008-12-23,-0.564792709489441
2008-12-24,0.39416666931631233
2008-12-26,1.437094377898401
2008-12-29,0.37737019734552646
2008-12-30,0.2154625667283837
2008-12-31,-0.6875101850845619
2009-01-02,-1.4345630533178906
2009-01-05,-2.3309081422069977
2009-01-06,-0.11825925558660609
2009-01-07,-1.2090627782410508
2009-01-08,0.9883950716192084
2009-01-09,-0.24447035247528817
2009-01-12,-1.3731502167991378
2009-01-13,0.12683553557212043
2009-01-14,0.15047475718024877
2009-01-15,0.45694646814445394
2009-01-16,0.6697206096835863
2009-01-20,1.0795878480961383
2009-01-21,-1.814714981126227
2009-01-22,-0.7092939935125555
2009-01-23,1.9248632507177565
2009-01-26,-0.19946878152741293
2009-01-27,0.8516281068853554
2009-01-28,-1.8086666374492153
2009-01-29,0.03976035528555889
2009-01-30,0.8489941813461552
2009-02-02,-0.423204814478608
2009-02-03,-1.4088681202977102
2009-02-04,0.22601120897440966
2009-02-05,0.5692904529010531
2009-02-06,-0.4509836087704697
2009-02-09,-0.5490167286365621
2009-02-10,2.1336096736459624
2009-02-11,1.7853991049276947
2009-02-12,0.0059684709446567825
2009-02-13,-1.6773984936996813
2009-02-17,3.076399396069333
2009-02-18,0.3381142879202206
2009-02-19,-1.448718935354282
2009-02-20,1.5338512034718592
2009-02-23,0.4252029650457583
2009-02-24,-1.6000379444545063
2009-02-25,-1.4214206022967968
2009-02-26,-0.5762326902436786
2009-02-27,-0.5203271554959635
2009-03-02,-0.0898471000563232
2009-03-03,-0.8268475120345715
2009-03-04,-0.8154940334420543
2009-03-05,3.0297427766872684
2009-03-06,-0.17051144563306758
2009-03-09,-1.2319153938524958
2009-03-10,-2.3283399572355084
2009-03-11,1.1470238766087004
2009-03-12,1.2837247716977003
2009-03-13,-0.1421164501892163
2009-03-16,-1.0680148269355503
2009-03-17,-0.6929055553672022
2009-03-18,3.5251819487739326
2009-03-19,0.736372948932704
2009-03-20,-0.6825566138306453
2009-03-23,-1.247503092830244
2009-03-24,-0.13810468409039456
2009-03-25,-0.10681601431749846
2009-03-26,0.5511710023216041
2009-03-27,-0.30394293137623196
2009-03-30,-0.20038033355582285
2009-03-31,0.5226330961123136
2009-04-01,0.8679292470320643
2009-04-02,-1.8529977871384278
2009-04-03,-1.7191454184173325
2009-04-06,-1.5500754439440532
2009-04-07,0.9839782393523866
2009-04-08,0.3672821152081032
2009-04-09,-0.8035658241505104
2009-04-13,1.3594622403775611
2009-04-14,-0.02880354960104497
2009-04-15,-0.01223247739515477
2009-04-16,-1.3706328401901617
2009-04-17,-0.8972734645728326
2009-04-20,1.7566445300593778
2009-04-21,-0.5299113253328275
2009-04-22,-0.02127643516464891
2009-04-23,0.8043369872420378
2009-04-24,0.01604841169193103
2009-04-27,-0.18209373671482626
2009-04-28,-1.536346477522581
2009-04-29,-0.11245559435842131
2009-04-30,-0.801278250360069
2009-05-01,-0.528872653876675
2009-05-04,1.1301851719843048
2009-05-05,-0.2819976494335682
2009-05-06,0.6108615091341302
2009-05-07,-1.2847207897729356
2009-05-08,0.4224394146330056
2009-05-11,0.5483348562507738
2009-05-12,0.7419966285740179
2009-05-13,0.7554324878372392
2009-05-14,0.1614139351765858
2009-05-15,0.26995744356467805
2009-05-18,-1.435368623746253
2009-05-19,0.06777069120902676
2009-05-20,1.2275636729551433
2009-05-21,-0.39104738037093806
2009-05-22,-0.396054183407234
2009-05-26,-0.9655181961537536
2009-05-27,-1.0555853280795617
2009-05-28,1.140013626226804
2009-05-29,2.3039741103261813
2009-06-01,-1.7374506968421224
2009-06-02,0.5962186217103214
2009-06-03,-0.5437961351094448
2009-06-04,-0.0692284054545698
2009-06-05,-1.7048992530304101
2009-06-08,-0.20828286459043813
2009-06-09,0.13869790384329775
2009-06-10,-0.7738988180844959
2009-06-11,0.4692939610925353
2009-06-12,-0.36853447128901984
2009-06-15,-0.13036445558751789
2009-06-16,1.317053598218635
2009-06-17,-0.05307392331138224
2009-06-18,-1.1641552479582897
2009-06-19,0.8401995295869275
2009-06-22,-0.2549133479809175
2009-06-23,0.7953649467912632
2009-06-24,-0.2104925657512541
2009-06-25,1.3772563020589772
2009-06-26,0.07387637347270383
2009-06-29,-0.061464189625930414
2009-06-30,-0.5531390510518831
2009-07-01,0.5627471312088755
2009-07-02,-0.5013248994474526
2009-07-06,-0.3645535573427174
2009-07-07,0.3066246226476605
2009-07-08,0.12967686244372553
2009-07-09,-0.462486732354491
2009-07-10,0.49929686619270464
2009-07-13,0.05991241161338726
2009-07-14,-0.48828970303343244
2009-07-15,-0.4997509282792365
2009-07-16,0.3981439983515499
2009-07-17,-0.8019260216990722
2009-07-20,0.9923705573421322
2009-07-21,0.913017304319106
2009-07-22,-0.2829503052369329
2009-07-23,-1.0183175032532488
2009-07-24,0.3216330019512321
2009-07-27,-0.4143336052035737
2009-07-28,-0.41207762538755244
2009-07-29,-0.2201308045817303
2009-07-30,0.9347505564408514
2009-07-31,1.89904519428408
2009-08-03,-0.480318865641716
2009-08-04,0.03383835146082532
2009-08-05,-0.6969852482822855
2009-08-06,0.07543714647166075
2009-08-07,-0.8694751533401549
2009-08-10,0.186880604142501
2009-08-11,0.5018826736500274
2009-08-12,-0.44889128728735134
2009-08-13,1.116838337724782
2009-08-14,-0.19070065083515667
2009-08-17,-0.008187852327388083
2009-08-18,-0.044683363451307447
2009-08-19,0.6670939826274594
2009-08-20,0.2698593536016247
2009-08-21,-0.2814004867022165
2009-08-24,0.20683821397399804
2009-08-25,0.5089598575769879
2009-08-26,0.24499416845440153
2009-08-27,0.01855836468305889
2009-08-28,0.5920874168951529
2009-08-31,-0.20392853294647642
2009-09-01,0.14654987134614078
2009-09-02,1.929390179502298
2009-09-03,0.351735442266683
2009-09-04,-0.8192175866285971
2009-09-08,-0.40394317816984354
2009-09-09,-0.23804210731417116
2009-09-10,1.2329790230349982
2009-09-11,0.824899295034074
2009-09-14,-0.9156873790286518
2009-09-15,0.22366724710730046
2009-09-16,0.5980465214965085
2009-09-17,0.3429804999196281
2009-09-18,-0.785377258057781
2009-09-21,-0.04221013179210129
2009-09-22,0.7671502328051745
2009-09-23,-0.27097356261376554
2009-09-24,-0.5037217223881746
2009-09-25,0.3531409256464025
2009-09-28,0.46351821753386746
2009-09-29,0.1501626610301457
2009-09-30,0.6808174782321119
2009-10-01,0.19903806790697887
2009-10-02,-0.10094876985629106
2009-10-05,0.7393241750982662
2009-10-06,0.734645727667727
2009-10-07,0.6237135493970751
2009-10-08,0.10089160850489835
2009-10-09,-1.5439759674783757
2009-10-12,0.42734605424473826
2009-10-13,0.5964401238550765
2009-10-14,-0.7819647479162127
2009-10-15,-0.8685396721601553
2009-10-16,0.5606023361974807
2009-10-19,0.8976346108240864
2009-10-20,-0.11838093294050396
2009-10-21,-0.14035199784225744
2009-10-22,-0.16267545501572994
2009-10-23,-0.5848659164393959
2009-10-26,-1.4456654752698208
2009-10-27,0.6757682486706129
2009-10-28,-0.31350262422363206
2009-10-29,0.4271839768651318
2009-10-30,0.6455667463495208
2009-11-02,0.470328704478212
2009-11-03,0.7051509327067921
2009-11-04,-0.1565652276023625
2009-11-05,-0.056035827341645146
2009-11-06,0.2582911571366239
2009-11-09,0.41179250152203656
2009-11-10,0.0014537220384212208
2009-11-11,0.7642912665713559
2009-11-12,-0.7274852760474759
2009-11-13,0.9325503744474893
2009-11-16,1.4363665617949404
2009-11-17,0.4197622725665112
2009-11-18,-0.16821062508929743
2009-11-19,0.11171664385836189
2009-11-20,0.27406088462254463
2009-11-23,0.5331957914364766
2009-11-24,0.5070024902440639
2009-11-25,1.048253434945579
2009-11-27,-0.48256746706008735
2009-11-30,0.37062181871307226
2009-12-01,0.19523350164810088
2009-12-02,0.8054342610730567
2009-12-03,-0.723230003789367
2009-12-04,-2.6498986325042644
2009-12-07,-0.21726392016366375
2009-12-08,-0.883805517957903
2009-12-09,-0.2796886664420756
2009-12-10,-0.5849367968886884
2009-12-11,-0.684577691174586
2009-12-14,0.4793871545412524
2009-12-15,-0.2362275736240395
2009-12-16,0.5645819278782849
2009-12-17,-1.0866903740172684
2009-12-18,0.5339313488139057
2009-12-21,-1.8235090208123195
2009-12-22,-0.6465108666223183
2009-12-23,0.18982987195941958
2009-12-24,0.3303120726486281
2009-12-28,-0.051682518413701146
2009-12-29,-0.16777379573835732
2009-12-30,0.07753917522145504
2009-12-31,-0.06045716871391237
2010-01-04,1.1095559443860123
2010-01-05,0.27699607411175037
2010-01-06,0.15551629425243138
2010-01-07,-0.22556320604501015
2010-01-08,0.22555245475269853
2010-01-11,0.3892697202101408
2010-01-12,-0.18990494345486564
2010-01-13,-0.10621891505542226
2010-01-14,0.9155675720598968
2010-01-15,-0.2130641267238067
2010-01-19,0.15480815502830284
2010-01-20,-0.6523768995771623
2010-01-21,-0.49286615500356334
2010-01-22,-0.18010303888395307
2010-01-25,-0.08368190783636519
2010-01-26,0.05360684429871435
2010-01-27,-0.5073918870595882
2010-01-28,-0.050788054877713346
2010-01-29,0.19276916568321448
2010-02-01,0.6716359673410247
2010-02-02,0.5012787297320348
2010-02-03,-0.7798480267942869
2010-02-04,-1.2076006291445245
2010-02-05,0.2571406016448103
2010-02-08,-0.24074478325440085
2010-02-09,0.1588002532412732
2010-02-10,-0.616526379413218
2010-02-11,0.6824174746953999
2010-02-12,0.16385565045559802
2010-02-16,1.2910156371726256
2010-02-17,-0.741459995569819
2010-02-18,0.1325136746393409
2010-02-19,0.037874384146821434
2010-02-22,-0.39024702605331335
2010-02-23,0.23897657464709837
2010-02-24,-0.12413201965906556
2010-02-25,0.7210108081051786
2010-02-26,0.7717092204549811
2010-03-01,-0.021839698134915944
2010-03-02,0.6586127477412389
2010-03-03,0.14854114525911813
2010-03-04,-0.09462677452982972
2010-03-05,-0.6671937371919004
2010-03-08,-0.6822921537364628
2010-03-09,-0.061694523429284956
2010-03-10,-0.7001058531464922
2010-03-11,0.24378126294581082
2010-03-12,0.0121320822222069
2010-03-15,0.12351658654661112
2010-03-16,1.330826669035817
2010-03-17,-0.15287172093263302
2010-03-18,0.17808952001819556
2010-03-19,-0.8880810610988015
2010-03-22,-0.1901191993879915
2010-03-23,0.029145798555376856
2010-03-24,-1.8624702249736773
2010-03-25,-0.09348895053950125
2010-03-26,0.983595631635429
2010-03-29,-0.1175334261294791
2010-03-30,-0.20078700591886336
2010-03-31,0.7937498687034731
2010-04-01,0.4778099908065697
2010-04-05,-0.5476983376394506
2010-04-06,0.14302956261336386
2010-04-07,1.2883440720658024
2010-04-08,0.09361793927630765
2010-04-09,0.5561265223869748
2010-04-12,-0.013062266539125782
2010-04-13,0.020493573808445617
2010-04-14,-0.20036654992896444
2010-04-15,0.32981457544865694
2010-04-16,-0.6983613996708474
2010-04-19,-0.16300158146873653
2010-04-20,0.3174734800152961
2010-04-21,0.7894097329393396
2010-04-22,-0.35869954081987676
2010-04-23,0.4256780474295373
2010-04-26,-0.1389723644509746
2010-04-27,1.525967522189865
2010-04-28,-0.567566921535177
2010-04-29,0.19619521545688234
2010-04-30,1.0434870788598383
2010-05-03,0.09493467342860179
2010-05-04,0.526855629010638
2010-05-05,0.3896719446641454
2010-05-06,2.9766348418773503
2010-05-07,-0.7204520078589349
2010-05-10,-1.3406895714280558
2010-05-11,1.178942361850531
2010-05-12,-0.07364319543053217
2010-05-13,-0.0167076148969549
2010-05-14,0.7865880181105634
2010-05-17,-0.6057954664718923
2010-05-18,0.8180539259596353
2010-05-19,-1.0354008457524246
2010-05-20,0.7127192841444463
2010-05-21,-0.2169581605358827
2010-05-24,0.5289184797679515
2010-05-25,0.46607231630495316
2010-05-26,0.33032688971621693
2010-05-27,-1.0470073736344847
2010-05-28,0.3086067006045974
2010-06-01,0.7815590962932636
2010-06-02,-0.5305141090640706
2010-06-03,-1.1309930410820939
2010-06-04,1.8483274784807646
2010-06-07,1.3392887063214465
2010-06-08,-0.45127584755222766
2010-06-09,-0.23822027008826951
2010-06-10,-1.5650320903325847
2010-06-11,1.0655753614984391
2010-06-14,-0.4283665081109337
2010-06-15,0.3740178038072792
2010-06-16,0.012210207522218484
2010-06-17,1.0537479085587762
2010-06-18,0.29927251939654537
2010-06-21,-1.1430867619953753
2010-06-22,1.030289677486702
2010-06-23,0.1339961687180176
2010-06-24,-0.15272139474991775
2010-06-25,0.801296748594925
2010-06-28,-0.21090095713501536
2010-06-29,0.6175242062664057
2010-06-30,0.5041510751568334
2010-07-01,-1.8446863597427088
2010-07-02,0.22058744735878377
2010-07-06,-0.4246611735496962
2010-07-07,-0.06195229260611938
2010-07-08,-0.5409345929634429
2010-07-09,0.20477123669374936
2010-07-12,-0.45208320508715977
2010-07-13,0.006082279514805916
2010-07-14,0.47693825034063686
2010-07-15,0.4677234133266476
2010-07-16,-0.4163542515530867
2010-07-19,-0.712916636071658
2010-07-20,0.47124379230796976
2010-07-21,0.5030156549527006
2010-07-22,-0.1424677537937633
2010-07-23,-0.8636657782072127
2010-07-26,-0.33120683903624937
2010-07-27,-1.361116906079534
2010-07-28,0.2807524231713908
2010-07-29,0.20871940345272358
2010-07-30,1.2948265549552758
2010-08-02,-0.6825762393886871
2010-08-03,0.48216242683168126
2010-08-04,-0.06794327818894143
2010-08-05,0.3441602989075963
2010-08-06,0.9087924893901074
2010-08-09,-0.3721933566890468
2010-08-10,0.24552141138610142
2010-08-11,0.5034564021528583
2010-08-12,0.48477566040580466
2010-08-13,0.6091242287747058
2010-08-16,1.6544609200702405
2010-08-17,-0.27817033874144015
2010-08-18,0.3299524956999373
2010-08-19,0.8467997967291856
2010-08-20,-0.23119310186456724
2010-08-23,-0.0698119020882652
2010-08-24,1.0381547762884702
2010-08-25,0.25272217310529604
2010-08-26,0.3048591968221274
2010-08-27,-1.4049466884788921
2010-08-30,0.9131959547168031
2010-08-31,1.0326542611936524
2010-09-01,-1.2007337755713599
2010-09-02,-0.28219045931803827
2010-09-03,-0.7987144172338007
2010-09-07,1.3587108405964612
2010-09-08,-0.394047419032821
2010-09-09,-1.4663000688514285
2010-09-10,-0.1588399317643564
2010-09-13,0.19896725852812394
2010-09-14,1.4574269031431881
2010-09-15,-0.7770096213534032
2010-09-16,-0.21563749270448387
2010-09-17,0.16622548390637737
2010-09-20,0.42168216062720637
2010-09-21,1.1442509980240751
2010-09-22,0.5224981082556361
2010-09-23,0.18286416686486703
2010-09-24,-0.5189482438703906
2010-09-27,0.8775350148253057
2010-09-28,0.7846669382270074
2010-09-29,-0.16856949569210128
2010-09-30,-0.04877762520446337
2010-10-01,0.1491756533694245
2010-10-04,-0.045523822373464154
2010-10-05,0.6820536078214463
2010-10-06,0.9369170130621102
2010-10-07,-0.96774867805405
2010-10-08,0.274655959579312
2010-10-11,0.24853112042871958
2010-10-12,-0.6206896135277963
2010-10-13,0.7193962717746479
2010-10-14,-0.49483669754866594
2010-10-15,-1.0129504103727716
2010-10-18,0.6263850541173408
2010-10-19,-1.2588683877202567
2010-10-20,0.5714894998895299
2010-10-21,-1.306550364270771
2010-10-22,0.43710411167481067
2010-10-25,0.573085834274996
2010-10-26,-0.7635451920926422
2010-10-27,-0.9637412817703792
2010-10-28,0.7968183995678607
2010-10-29,0.9882650068249094
2010-11-01,-0.4803685294752659
2010-11-02,0.8694272139619997
2010-11-03,-1.3766174251814067
2010-11-04,2.0626982052307885
2010-11-05,-0.7316894540454911
2010-11-08,0.7350986982509866
2010-11-09,-1.915417097778201
2010-11-10,0.6737628199425241
2010-11-11,0.1269500059751974
2010-11-12,-1.726676318381758
2010-11-15,-1.5303834123779705
2010-11-16,0.6919474915790601
2010-11-17,-0.5020740695407871
2010-11-18,0.8560406326958574
2010-11-19,0.34833181105351946
2010-11-22,0.6939068991737202
2010-11-23,0.5940270236935568
2010-11-24,-0.9828217996510128
2010-11-26,0.2954188258311167
2010-11-29,0.5760836734118826
2010-11-30,0.9710820216280223
2010-12-01,-1.132621008057555
2010-12-02,-0.19703133252684224
2010-12-03,0.6670530810467211
2010-12-06,1.0768825618465305
2010-12-07,-2.0289175985044854
2010-12-08,-1.1157270058671658
2010-12-09,0.4606923855297175
2010-12-10,-0.289692926349669
2010-12-13,0.42326476643311395
2010-12-14,-0.6818294005795439
2010-12-15,-1.2017842145911573
2010-12-16,0.016025021393187275
2010-12-17,1.0520472835351449
2010-12-20,0.2850170984973593
2010-12-21,0.42577375395156397
2010-12-22,-0.4580372426584636
2010-12-23,-0.24668870311900848
2010-12-27,0.5785583426841268
2010-12-28,-0.16467568973453758
2010-12-29,1.0193225861724906
2010-12-30,-0.284869042394527
2010-12-31,1.163096187661012
2011-01-03,-0.6387633528119294
2011-01-04,-1.1249568619461412
2011-01-05,-1.2501602143552903
2011-01-06,0.017739781540738186
2011-01-07,0.17317670711258926
2011-01-10,0.4716872142904178
2011-01-11,0.014502727713644485
2011-01-12,-0.18621978285745805
2011-01-13,-0.0728927737488314
2011-01-14,-0.8298819116690849
2011-01-18,0.04472070030642343
2011-01-19,0.4685662216836822
2011-01-20,-1.6454349652796292
2011-01-21,0.3311770913122589
2011-01-24,-0.2341173385433644
2011-01-25,0.3747205580892041
2011-01-26,-0.3506156387864676
2011-01-27,-1.0112008857009704
2011-01-28,1.174004425534367
2011-01-31,-0.539552668351372
2011-02-01,0.11045128969581816
2011-02-02,-0.12279199643453766
2011-02-03,0.25587860086632813
2011-02-04,-0.7138980528495021
2011-02-07,0.26625748018874335
2011-02-08,0.09503412011742815
2011-02-09,0.40816561288474984
2011-02-10,-0.6620822772599972
2011-02-11,0.5191909261307635
2011-02-14,0.27125205054797935
2011-02-15,0.6051513057987398
2011-02-16,-0.11279799167646254
2011-02-17,0.42769986691904005
2011-02-18,-0.018983742823249154
2011-02-22,1.0679352458124987
2011-02-23,0.6272220422653306
2011-02-24,-0.056392239600909305
2011-02-25,0.6221104461711652
2011-02-28,0.1667538604754068
2011-03-01,1.0007624430042845
2011-03-02,-0.8112253853141617
2011-03-03,-1.1498116475725209
2011-03-04,0.8688282770380072
2011-03-07,-0.1867327903011903
2011-03-08,-0.4345759014444609
2011-03-09,0.5017651129903672
2011-03-10,0.2507998724385483
2011-03-11,-0.11917473919103475
2011-03-14,0.20945398377733063
2011-03-15,-0.18423084068347018
2011-03-16,0.5527283035738486
2011-03-17,-0.11542380400901518
2011-03-18,0.6431138806937249
2011-03-21,-0.01602048067051027
2011-03-22,0.13442352229241955
2011-03-23,0.3986855693593674
2011-03-24,-0.7780114135679871
2011-03-25,-0.11015378366046734
2011-03-28,-0.18814113725761067
2011-03-29,-0.5050285072253585
2011-03-30,0.5633334996852751
2011-03-31,0.3256946799422251
2011-04-01,0.007077552824583851
2011-04-04,0.2837486795607062
2011-04-05,0.5880097482517436
2011-04-06,-0.6365421987098205
2011-04-07,-0.053776440661635345
2011-04-08,0.13779512874294902
2011-04-11,-0.31093222282139
2011-04-12,0.1778695761071019
2011-04-13,0.41495981650127006
2011-04-14,0.6327379521504053
2011-04-15,1.1031634761313924
2011-04-18,0.41576191475491053
2011-04-19,0.21511330374195842
2011-04-20,-0.12639307182041856
2011-04-21,0.03872301791119535
2011-04-25,0.23301146068387477
2011-04-26,0.3168656413839134
2011-04-27,0.4507648593674734
2011-04-28,0.5881495759743223
2011-04-29,1.0009605171381564
2011-05-02,-0.5645367252832625
2011-05-03,0.1067025725161408
2011-05-04,-0.4954189336671526
2011-05-05,-0.9707940628776754
2011-05-06,0.41700051355410084
2011-05-09,0.6609327396390191
2011-05-10,-0.18175396751196043
2011-05-11,-0.17355556231455918
2011-05-12,-0.2997330876760863
2011-05-13,0.1235065258633541
2011-05-16,0.1892548772311331
2011-05-17,0.2953626489491134
2011-05-18,-0.36617984871213094
2011-05-19,-0.0038068947473584775
2011-05-20,0.6557497298395948
2011-05-23,0.3559285690401595
2011-05-24,0.4439780994633406
2011-05-25,-0.23766935514477902
2011-05-26,0.30685441189303414
2011-05-27,0.4773938969650418
2011-05-31,0.0939393342408511
2011-06-01,0.7630439061200867
2011-06-02,-1.0951957810541764
2011-06-03,0.5265075345509835
2011-06-06,-0.29280130940538224
2011-06-07,0.21004198196672247
2011-06-08,0.18743233028500464
2011-06-09,0.048900825649660126
2011-06-10,-0.05461331832898118
2011-06-13,-0.7474753532485169
2011-06-14,-0.4518036238007444
2011-06-15,1.0545038060745173
2011-06-16,0.17651556780446612
2011-06-17,0.08929554984633044
2011-06-20,0.09188293044480988
2011-06-21,0.021677106914565574
2011-06-22,0.1072887742277558
2011-06-23,-0.49595458300634554
2011-06-24,-0.9157339593521054
2011-06-27,-0.8706894471119305
2011-06-28,-0.22781645193193245
2011-06-29,-0.010624467342561172
2011-06-30,-0.48157099718301827
2011-07-01,-0.44743533376293415
2011-07-05,1.038194522700726
2011-07-06,0.6869742634041949
2011-07-07,-0.06788428726383175
2011-07-08,1.070133548461813
2011-07-11,1.188561478872043
2011-07-12,0.5581038392207184
2011-07-13,0.5856704320484024
2011-07-14,-0.5855387978830607
2011-07-15,0.29641651979573586
2011-07-18,-0.04213021527236701
2011-07-19,0.42859354807673977
2011-07-20,-0.15186841912462648
2011-07-21,-0.7694668593588357
2011-07-22,0.7911035175134539
2011-07-25,-0.1559889769740612
2011-07-26,0.4776131847508686
2011-07-27,-0.17876546780143432
2011-07-28,0.22927148903873293
2011-07-29,1.2892829945801325
2011-08-01,0.3240997922426353
2011-08-02,2.6700228181338677
2011-08-03,0.08914735977081623
2011-08-04,1.5044995837159414
2011-08-05,-1.1032457489497436
2011-08-08,3.1870123352646793
2011-08-09,0.5956108016501259
2011-08-10,3.206068830479622
2011-08-11,-3.6864983903204434
2011-08-12,0.7588530014328851
2011-08-15,0.03156165749862353
2011-08-16,1.4344262624514548
2011-08-17,1.0140079866054514
2011-08-18,1.9537325994393455
2011-08-19,1.0254835018410884
2011-08-22,1.156629818035252
2011-08-23,-2.5975510685204917
2011-08-24,-3.1652082158778803
2011-08-25,0.7450309970205922
2011-08-26,1.9564501315861742
2011-08-29,-1.7145413192270944
2011-08-30,2.275816152182073
2011-08-31,-1.1647278538203434
2011-09-01,1.096063501981359
2011-09-02,3.085737387537947
2011-09-06,0.4262776373440723
2011-09-07,-2.578419026259417
2011-09-08,1.7682038278048953
2011-09-09,0.2277565351424055
2011-09-12,-1.0680687090176566
2011-09-13,-0.18247629811154129
2011-09-14,0.05081090826953028
2011-09-15,-1.5694852800983867
2011-09-16,0.8273535868623011
2011-09-19,0.18053925050435174
2011-09-20,0.9181926047382081
2011-09-21,1.0259744239872506
2011-09-22,0.5700064155457419
2011-09-23,-3.7347352406047225
2011-09-26,-1.5087007422488803
2011-09-27,0.20210816907757495
2011-09-28,-1.3995289005003464
2011-09-29,0.816384320526526
2011-09-30,1.3607882267748168
2011-10-03,2.267499296970622
2011-10-04,-1.6793538470207006
2011-10-05,0.21708188061114225
2011-10-06,-0.6017428346356484
2011-10-07,-0.7805399472395335
2011-10-10,0.5768742572104893
2011-10-11,-0.5270091136037065
2011-10-12,-0.3701874563406422
2011-10-13,0.20364312986572794
2011-10-14,-0.38832399199223616
2011-10-17,0.6237486964709461
2011-10-18,-0.5518347301938331
2011-10-19,-0.6279859236114264
2011-10-20,-1.0179936289832112
2011-10-21,0.025464333659651346
2011-10-24,0.5526146407653397
2011-10-25,2.65430239116516
2011-10-26,-0.32752535885045475
2011-10-27,-1.0582063697175668
2011-10-28,0.5449815222204724
2011-10-31,1.302161488636952
2011-11-01,1.671616192866274
2011-11-02,-0.12192342579040252
2011-11-03,0.10000914963341463
2011-11-04,-0.19336267084882078
2011-11-07,1.51479517695516
2011-11-08,-1.0597331674588317
2011-11-09,0.6143974894238778
2011-11-10,-1.0204527316085656
2011-11-11,0.5174742983967274
2011-11-14,0.583988700248909
2011-11-15,-0.02188981402816887
2011-11-16,-0.07768960156719278
2011-11-17,-0.888460664879581
2011-11-18,0.142913864349631
2011-11-21,-0.9358405048042773
2011-11-22,1.1054734703911437
2011-11-23,0.34440565917665483
2011-11-25,-1.1666348618312652
2011-11-28,0.9589367194092676
2011-11-29,-0.3355283099811485
2011-11-30,0.19277382225096557
2011-12-01,-0.39862443199587183
2011-12-02,0.7540418480432212
2011-12-05,-0.8407779554038184
2011-12-06,-0.22043605329059268
2011-12-07,0.540298262339495
2011-12-08,-0.385632480501028
2011-12-09,-0.9056041512691234
2011-12-12,-0.7711522167614937
2011-12-13,-0.6285847634822977
2011-12-14,-0.81326952067893
2011-12-15,-0.3692188692514378
2011-12-16,1.5232840698277663
2011-12-19,0.5162952616077491
2011-12-20,-0.567632778270858
2011-12-21,-0.6401896734578201
2011-12-22,-0.14656704618987107
2011-12-23,-0.4706246595873095
2011-12-27,-0.2105283378089471
2011-12-28,-0.3284117198128216
2011-12-29,-0.13736128569081404
2011-12-30,0.7076092982268875
2012-01-03,0.5408119707604941
2012-01-04,-0.34168439166686476
2012-01-05,0.25209051138487676
2012-01-06,0.2107009374172507
2012-01-09,-0.31155062313212506
2012-01-10,0.5975159975199928
2012-01-11,0.9706923837704224
2012-01-12,0.15132576818529547
2012-01-13,0.14784473607541718
2012-01-17,0.6189983371152114
2012-01-18,-0.2629071486897161
2012-01-19,-0.8085210309947456
2012-01-20,-0.3030637976110297
2012-01-23,0.019945988257052842
2012-01-24,-0.26241787971863706
2012-01-25,1.2331653316814017
2012-01-26,0.9140092110269041
2012-01-27,0.6631139100715718
2012-01-30,0.3099608017423319
2012-01-31,0.9538565113529627
2012-02-01,-0.5001442516879863
2012-02-02,0.41750770376496693
2012-02-03,-2.092962835496279
2012-02-06,0.35970324663478503
2012-02-07,0.13348104135689431
2012-02-08,-0.3153323482722267
2012-02-09,-0.5176030290074747
2012-02-10,0.38679506603950453
2012-02-13,0.17464325034706102
2012-02-14,0.1481143830423144
2012-02-15,0.20681162309135218
2012-02-16,-0.4335001554194299
2012-02-17,-0.20649677251280626
2012-02-21,0.5417595693364803
2012-02-22,1.1831490660050654
2012-02-23,0.023127263549459383
2012-02-24,0.09717556300936638
2012-02-27,0.28827987973623764
2012-02-28,0.3561207035159102
2012-02-29,-3.000730116097959
2012-03-01,0.2350860655745897
2012-03-02,0.38778257662788523
2012-03-05,-0.6061555092649804
2012-03-06,-0.2842284877706142
2012-03-07,-0.020244792321935257
2012-03-08,0.003785008254706369
2012-03-09,0.43122261280404106
2012-03-12,-0.40312432054675623
2012-03-13,-1.7336806370263267
2012-03-14,-2.1231589838181195
2012-03-15,0.5481696336415021
2012-03-16,0.16707565181345613
2012-03-19,-0.5081753645160809
2012-03-20,-0.2522551092526405
2012-03-21,0.5886461701707144
2012-03-22,-0.03873751848246541
2012-03-23,1.0808772549236791
2012-03-26,0.630207188628
2012-03-27,0.0068032093862005726
2012-03-28,-0.6022164132822992
2012-03-29,0.3035051162834684
2012-03-30,-0.586860566600522
2012-04-02,0.5285354153498318
2012-04-03,-1.8188104265962328
2012-04-04,-0.15091976963793982
2012-04-05,0.7086468926573677
2012-04-09,1.4926636927892154
2012-04-10,1.103508863872478
2012-04-11,-0.6102018939340331
2012-04-12,0.297706331120492
2012-04-13,0.23998964975874165
2012-04-16,-0.19413997571154332
2012-04-17,-0.09547967600615653
2012-04-18,-0.1476170188123817
2012-04-19,0.0846843632137535
2012-04-20,0.0429899462234012
2012-04-23,0.21550744872805205
2012-04-24,-0.28003366772770605
2012-04-25,-0.15589180045005951
2012-04-26,0.7393742141096339
2012-04-27,0.15126674916896618
2012-04-30,0.16756119579209405
2012-05-01,-0.43323214790764225
2012-05-02,0.12580349523062842
2012-05-03,-0.5185445312799478
2012-05-04,0.5482185548546294
2012-05-07,-0.11390917407459425
2012-05-08,-0.7039563968677864
2012-05-09,-0.4577264619083695
2012-05-10,-0.05013201836764577
2012-05-11,0.022522103748677354
2012-05-14,-0.027363104446823838
2012-05-15,-0.32368403902421866
2012-05-16,0.050351996833436205
2012-05-17,1.9827349495684259
2012-05-18,0.583013807640167
2012-05-21,-0.07233583036678753
2012-05-22,-1.3973587935457095
2012-05-23,0.19534722053377213
2012-05-24,-0.2600037961751423
2012-05-25,0.6046360802275729
2012-05-29,-0.7000314499017684
2012-05-30,1.5506649360740419
2012-05-31,0.4821423019230801
2012-06-01,3.0781776746169123
2012-06-04,-0.45322466255515076
2012-06-05,-0.7286850894109526
2012-06-06,-0.9817564269218111
2012-06-07,-0.7890760145326978
2012-06-08,0.06247681685070302
2012-06-11,0.43026439804552796
2012-06-12,-0.10319071422150967
2012-06-13,0.7018942365290606
2012-06-14,0.13683516044588276
2012-06-15,0.3065219966937266
2012-06-18,0.29702679765975426
2012-06-19,-0.900947184045661
2012-06-20,-0.13152987880662312
2012-06-21,-1.0054947417862021
2012-06-22,-0.46406102560432116
2012-06-25,1.088845280255728
2012-06-26,-0.5694240834730827
2012-06-27,0.14781167834452383
2012-06-28,-0.4608952868200235
2012-06-29,0.7174399336431999
2012-07-02,0.4825052272959378
2012-07-03,0.3791094781125997
2012-07-05,-0.31021404288029863
2012-07-06,-0.1681677348667289
2012-07-09,0.5465784644053612
2012-07-10,-0.5133483304621691
2012-07-11,0.3377480709958159
2012-07-12,0.22281098800625856
2012-07-13,0.3759569038062351
2012-07-16,0.25460820368568965
2012-07-17,-0.6349607470754347
2012-07-18,-0.10966749935867037
2012-07-19,-0.02029321402853234
2012-07-20,0.7029988874319334
2012-07-23,0.07239318286060006
2012-07-24,0.5523142442400152
2012-07-25,0.8258062696967742
2012-07-26,-0.10454265412563415
2012-07-27,-0.6999874841452352
2012-07-30,0.3381177833932702
2012-07-31,-0.1983115834161202
2012-08-01,-0.6835942710021279
2012-08-02,-0.042115718938688984
2012-08-03,-0.3468073875956951
2012-08-06,0.26034750672171353
2012-08-07,-0.6518182016681864
2012-08-08,-0.202416911881008
2012-08-09,0.12690183581013917
2012-08-10,0.3118962202692484
2012-08-13,-0.4631478694133057
2012-08-14,-0.9575831659145231
2012-08-15,-0.543130362670888
2012-08-16,-0.12734110536287557
2012-08-17,0.2944391028271041
2012-08-20,0.27471894696866667
2012-08-21,0.7181394822840287
2012-08-22,1.3543415414736537
2012-08-23,0.6274925694954673
2012-08-24,-0.023327122172938308
2012-08-27,0.10408433242958283
2012-08-28,0.20601359932590282
2012-08-29,-0.5448010993902989
2012-08-30,0.23731488502820175
2012-08-31,1.842153969335308
2012-09-04,0.02890360419326025
2012-09-05,-0.2876957500508646
2012-09-06,-0.6582036722217761
2012-09-07,0.8401873323931653
2012-09-10,-0.2206395459237695
2012-09-11,-0.13150533586939808
2012-09-12,-0.6191420431887135
2012-09-13,0.8093896235000142
2012-09-14,-1.1929224770148057
2012-09-17,0.19251596235878748
2012-09-18,0.6358937607842788
2012-09-19,0.33355616540066424
2012-09-20,0.045253886695546995
2012-09-21,0.20032563281379456
2012-09-24,0.12609605121166925
2012-09-25,0.41117842593890225
2012-09-26,0.25612923046832525
2012-09-27,0.3883173520724793
2012-09-28,-0.10241544201447612
2012-10-01,0.301418292099944
2012-10-02,-0.12349180453534069
2012-10-03,0.10608970670138089
2012-10-04,-0.27591785670044267
2012-10-05,-0.9371870967351613
2012-10-08,0.25554652642652786
2012-10-09,-0.39892095388121457
2012-10-10,0.3082862047193959
2012-10-11,0.4853332746742196
2012-10-12,-0.24267583129293432
2012-10-15,-0.6175877179535343
2012-10-16,-0.37415195867999873
2012-10-17,-0.4286742664773731
2012-10-18,-0.528766836614333
2012-10-19,0.13930186418232954
2012-10-22,-0.13776058390021234
2012-10-23,0.07359414077579367
2012-10-24,-0.6676182539288786
2012-10-25,0.096579169879141
2012-10-26,0.7067774298406422
2012-10-31,0.5631522421508697
2012-11-01,-0.6391654741314081
2012-11-02,-1.087428568346907
2012-11-05,0.4747780651104571
2012-11-06,0.4675912115995051
2012-11-07,0.9597826281022818
2012-11-08,1.1853639377839227
2012-11-09,0.005035809350908839
2012-11-12,-0.02690375487580615
2012-11-13,0.06188202299022254
2012-11-14,0.05937273528017214
2012-11-15,-0.4136393214388117
2012-11-16,-0.10674844054185804
2012-11-19,0.3184240263624478
2012-11-20,-0.6464359018180537
2012-11-21,0.02268668854829811
2012-11-23,0.5618387832271022
2012-11-26,0.18423785699856307
2012-11-27,-0.016111548022624066
2012-11-28,-0.7145355327668376
2012-11-29,0.19693243483436856
2012-11-30,-0.4749640963094502
2012-12-03,0.0702612167589917
2012-12-04,-0.226170861906323
2012-12-05,-0.11521647833355206
2012-12-06,0.22326071616948023
2012-12-07,-0.2615600473361435
2012-12-10,0.4139111093434326
2012-12-11,-0.42620278188757793
2012-12-12,-0.5457416412727639
2012-12-13,-0.38634457054979715
2012-12-14,0.30148649499504615
2012-12-17,-0.6560915414024119
2012-12-18,-1.2343932658099914
2012-12-19,0.0456178249243543
2012-12-20,-0.5996402324131621
2012-12-21,0.7309565974884209
2012-12-24,0.0004411129052257663
2012-12-26,0.22941104928290776
2012-12-27,0.2855241953846947
2012-12-28,0.09305147482115278
2012-12-31,-0.4035361680663837
2013-01-02,-0.3140439861270826
2013-01-03,-1.2894396924913027
2013-01-04,-0.04070604117250455
2013-01-07,-0.29406521222343374
2013-01-08,0.6813050200457955
2013-01-09,-0.06795029860716446
2013-01-10,0.3251503786389819
2013-01-11,0.1620570275973158
2013-01-14,0.011338406962790601
2013-01-15,0.5442869925760279
2013-01-16,0.1317339732216048
2013-01-17,-0.2838908650399762
2013-01-18,0.30610359125396913
2013-01-22,0.27324851588475335
2013-01-23,-0.21560566020995633
2013-01-24,-0.7258728740831272
2013-01-25,-0.928002402308346
2013-01-28,-0.2946461157414881
2013-01-29,-0.05800967135613214
2013-01-30,0.2867734244494801
2013-01-31,-0.06110084100270157
2013-02-01,-0.5733593100500436
2013-02-04,0.8075670246193436
2013-02-05,-0.4577678357089987
2013-02-06,0.5408217088201984
2013-02-07,-0.2809052805088281
2013-02-08,0.10935640639549171
2013-02-11,-0.6190141716692515
2013-02-12,-0.06443741636440739
2013-02-13,-0.6718051193691805
2013-02-14,0.23307599086466882
2013-02-15,-0.967979686550478
2013-02-19,-0.387716436641808
2013-02-20,-1.1072997176452393
2013-02-21,0.6796878704107499
2013-02-22,0.14875603792906353
2013-02-25,1.420339441341063
2013-02-26,0.319421890774262
2013-02-27,-0.6779067294148371
2013-02-28,-0.41574128371229346
2013-03-01,0.08925557536467135
2013-03-04,-0.31137342483036395
2013-03-05,-0.11750900893304789
2013-03-06,-0.17490226741188722
2013-03-07,-0.5628830923649661
2013-03-08,-0.5165154797087292
2013-03-11,0.13952764286593852
2013-03-12,0.7506804139525246
2013-03-13,-0.22402660847310255
2013-03-14,-0.14499495402125087
2013-03-15,0.3378855066559165
2013-03-18,0.8247174305669082
2013-03-19,0.5623320488657183
2013-03-20,-0.7883283335340673
2013-03-21,0.7625664036968364
2013-03-22,-0.18580621767503158
2013-03-25,-0.14663774964056955
2013-03-26,-0.10781809931431896
2013-03-27,0.6308576204257048
2013-03-28,-0.5478413404787702
2013-04-01,0.44684119772991654
2013-04-02,-0.9311908394857044
2013-04-03,-0.1081788085817366
2013-04-04,0.44977971656611815
2013-04-05,1.830774553847129
2013-04-08,-0.5971432193364209
2013-04-09,0.26432870801295316
2013-04-10,-1.5431658824958772
2013-04-11,0.19522448996406072
2013-04-12,-1.6183007594820429
2013-04-15,-4.036082132591886
2013-04-16,0.15664497329065225
2013-04-17,0.35771790605679665
2013-04-18,0.6581184436447399
2013-04-19,0.32945096913804844
2013-04-22,0.9291827646892145
2013-04-23,-0.5462555804131117
2013-04-24,0.6685948443368859
2013-04-25,0.9575858686727907
2013-04-26,0.20358992259159
2013-04-29,0.3104334214503028
2013-04-30,0.19343958635428007
2013-05-01,-0.0677630445643266
2013-05-02,0.22224925598711187
2013-05-03,-1.1252570824498864
2013-05-06,-0.10297100170993856
2013-05-07,-0.8207472859403557
2013-05-08,0.8165310739263201
2013-05-09,-0.7103966993766868
2013-05-10,-0.9716888572319072
2013-05-13,-0.8054472595693573
2013-05-14,-0.7699880204029472
2013-05-15,-0.822558414951333
2013-05-16,0.3188021178611263
2013-05-17,-1.7743355917886616
2013-05-20,1.4742440533417036
2013-05-21,-0.4364169323876288
2013-05-22,-1.1022768350863872
2013-05-23,1.2409930981012542
2013-05-24,-0.24748358278251928
2013-05-28,-1.377488467611404
2013-05-29,1.0585154397170784
2013-05-30,0.5702158377984682
2013-05-31,-1.1937528901227497
2013-06-03,1.2244323544193325
2013-06-04,-0.934947889315026
2013-06-05,0.7943318830673658
2013-06-06,0.34173660124614585
2013-06-07,-2.1061894322682972
2013-06-10,0.008987730937040098
2013-06-11,0.33678710251256155
2013-06-12,-0.3405156571116697
2013-06-13,0.5916928491816006
2013-06-14,0.13953451387111643
2013-06-17,-0.5103235729760428
2013-06-18,-0.5882274137182776
2013-06-19,-1.1052738742854247
2013-06-20,-3.5595517761270075
2013-06-21,-0.26166971379725523
2013-06-24,-0.2405351171314936
2013-06-25,-0.6331731700664193
2013-06-26,-1.7932918828474642
2013-06-27,-0.479191905064104
2013-06-28,1.6945562426253133
2013-07-01,0.944231029631311
2013-07-02,-0.47865974491033597
2013-07-03,0.13772338683451707
2013-07-05,-2.841762944610773
2013-07-08,1.0800331452704603
2013-07-09,0.5143268622173884
2013-07-10,-0.2545982359403653
2013-07-11,1.9278897659202658
2013-07-12,-0.08607888094679067
2013-07-15,0.28433979996312364
2013-07-16,0.45567604476396867
2013-07-17,-0.5379627752857564
2013-07-18,-0.3454658811897159
2013-07-19,1.2266078281043913
2013-07-22,1.5518612084206225
2013-07-23,0.1272363026218098
2013-07-24,-1.5044866158126777
2013-07-25,0.4471598149698497
2013-07-26,0.34916841770386575
2013-07-29,-0.4868171897639623
2013-07-30,-0.15496235259473645
2013-07-31,0.11921935076931695
2013-08-01,-1.5021805483195632
2013-08-02,0.45074031137671405
2013-08-05,-0.6481525299654308
2013-08-06,-0.5429909237142735
2013-08-07,0.44420782452789076
2013-08-08,1.219722162283846
2013-08-09,0.07934883457444893
2013-08-12,0.552873822496575
2013-08-13,-1.2690269425992662
2013-08-14,0.5677925205039985
2013-08-15,0.36672895628084584
2013-08-16,0.16422321894953407
2013-08-19,-0.6524118191576217
2013-08-20,0.5505847180288469
2013-08-21,-0.6929644125722171
2013-08-22,0.7861947742965197
2013-08-23,1.3208819460256271
2013-08-26,0.45210762515384356
2013-08-27,1.1035107268662987
2013-08-28,-0.4206616445597998
2013-08-29,0.09168192258617158
2013-08-30,-0.5178506921204963
2013-09-03,-0.036700435711572124
2013-09-04,-0.7582868517208675
2013-09-05,-1.6237327968397532
2013-09-06,0.9814263560247447
2013-09-09,-0.06520681233070759
2013-09-10,-1.1662271253506862
2013-09-11,0.4283094468941689
2013-09-12,-1.6106445755926662
2013-09-13,0.2523109148009699
2013-09-16,-0.8728359714868665
2013-09-17,0.43196347775683425
2013-09-18,2.756640465488443
2013-09-19,-0.39449869351259975
2013-09-20,-1.1818166880920722
2013-09-23,0.20651649781208617
2013-09-24,0.580760370486646
2013-09-25,0.544061323585904
2013-09-26,-0.741301467852447
2013-09-27,0.582322445846405
2013-09-30,-0.38206961985337634
2013-10-01,-1.5642691587070618
2013-10-02,1.0612520366770761
2013-10-03,-0.033048175963618864
2013-10-04,-0.2937967366055336
2013-10-07,0.6399676273148754
2013-10-08,-0.07993016676528827
2013-10-09,-0.9106787865739447
2013-10-10,-0.6509301706307954
2013-10-11,-0.6885418882343559
2013-10-14,-0.3096669725875793
2013-10-15,0.3323849194920217
2013-10-16,0.5482457797574399
2013-10-17,2.003633470187423
2013-10-18,-0.11609196912666965
2013-10-21,-0.10762495658670923
2013-10-22,1.475969803503909
2013-10-23,-0.05665453608603598
2013-10-24,0.27585768439328784
2013-10-25,0.4001160779171018
2013-10-28,-0.13258798270839056
2013-10-29,-0.23797302548761043
2013-10-30,-0.36693075014540166
2013-10-31,-0.612403211990589
2013-11-01,-0.8540642484392409
2013-11-04,-0.008069231182530216
2013-11-05,-0.698438674653127
2013-11-06,0.2762931354364051
2013-11-07,0.014720902047737388
2013-11-08,-1.9675896132834807
2013-11-11,-0.3541497056173748
2013-11-12,-0.340801276423864
2013-11-13,0.34628411694735184
2013-11-14,0.8821126957978656
2013-11-15,0.12049295401948433
2013-11-18,-0.27067905238611084
2013-11-19,-0.35997716223816056
2013-11-20,-2.0223808348984957
2013-11-21,0.007806710852164742
2013-11-22,0.4568367437945967
2013-11-25,0.3688111915085685
2013-11-26,-0.07855683147023125
2013-11-27,-0.23650268778048233
2013-11-29,0.53191935008389
2013-12-02,-1.6956458024510075
2013-12-03,0.3448757816446689
2013-12-04,0.36977227038369004
2013-12-05,-0.836565438524874
2013-12-06,0.3442778357159249
2013-12-09,0.6081965053860694
2013-12-10,1.2281238158843737
2013-12-11,-0.7820483169509725
2013-12-12,-1.2602809170022646
2013-12-13,0.7016587802067873
2013-12-16,-0.05424315240977606
2013-12-17,-0.21099352001622487
2013-12-18,-0.6923725382457598
2013-12-19,-1.242465606389084
2013-12-20,1.24932658541843
2013-12-23,-0.4435132403254944
2013-12-24,-0.17120547875510764
2013-12-26,0.08290267915749167
2013-12-27,0.020749615403582812
2013-12-30,-0.3955716472849537
2013-12-31,-0.0007248121138415209
2014-01-02,0.95705429529743
2014-01-03,0.5451220636319591
2014-01-06,0.29803121445423125
2014-01-07,-0.1579285324504266
2014-01-08,-0.43159937321408737
2014-01-09,0.43542757711076574
2014-01-10,1.3466819801006253
2014-01-13,0.563426283755463
2014-01-14,-0.6980498920444461
2014-01-15,-0.14865945075933398
2014-01-16,0.38898585538406405
2014-01-17,0.6829276852121827
2014-01-21,-0.471724346786511
2014-01-22,-0.3367788761452937
2014-01-23,1.7822439143917592
2014-01-24,0.5269291974029022
2014-01-27,-0.8966683764067396
2014-01-28,0.11760298681728236
2014-01-29,1.0342097032590767
2014-01-30,-1.2538210012098765
2014-01-31,0.4672018366339373
2014-02-03,1.1150873333796998
2014-02-04,-0.6687682047351624
2014-02-05,-0.3388743956418755
2014-02-06,-0.23552364475257745
2014-02-07,0.42480267865866717
2014-02-10,0.4464024476475381
2014-02-11,0.2958395687694556
2014-02-12,-0.2304062026083934
2014-02-13,0.7066729201461391
2014-02-14,0.6872124549199683
2014-02-18,0.21068017647896242
2014-02-19,-0.6562705085803452
2014-02-20,0.40363052276892475
2014-02-21,0.25571643802217187
2014-02-24,0.4251373565754594
2014-02-25,0.5302689181815387
2014-02-26,-0.16031421596427767
2014-02-27,0.3080060955717147
2014-02-28,-0.1987602382403861
2014-03-03,1.370430302202224
2014-03-04,-1.3794036533837912
2014-03-05,0.18850815217836805
2014-03-06,0.00406499594816248
2014-03-07,-0.7318847422845728
2014-03-10,0.08627352197119365
2014-03-11,0.41384046627985455
2014-03-12,1.0737765473752168
2014-03-13,0.8397578283622319
2014-03-14,0.34519527383953086
2014-03-17,-0.9259338294853938
2014-03-18,-0.2066080697593281
2014-03-19,-1.3662821431979033
2014-03-20,-0.17849336202974245
2014-03-21,0.7772119875014568
2014-03-24,-0.5369734324310209
2014-03-25,-0.09697431139903741
2014-03-26,-0.00413466616831577
2014-03-27,-0.07567887713499674
2014-03-28,-0.29433430448065057
2014-03-31,-0.5060714805086901
2014-04-01,-0.5176234363496017
2014-04-02,0.0894682669479903
2014-04-03,0.05820156476848467
2014-04-04,0.9949080515728668
2014-04-07,0.03684708593129378
2014-04-08,0.5897451504559578
2014-04-09,-0.15578349711750084
2014-04-10,0.7344308310240408
2014-04-11,0.37294292647039623
2014-04-14,0.2311892642775927
2014-04-15,-0.6124415376429202
2014-04-16,0.08291396342978025
2014-04-17,-0.8666513072697662
2014-04-21,-0.24557649810542198
2014-04-22,-0.01689405872165778
2014-04-23,0.2770253049144426
2014-04-24,0.41701634099292034
2014-04-25,0.4202580711913043
2014-04-28,-0.4628290281650806
2014-04-29,-0.07571167817211694
2014-04-30,-0.048423505288432526
2014-05-01,0.3666725062509446
2014-05-02,0.8135244339828951
2014-05-05,0.1620012173233329
2014-05-06,0.10572812729846416
2014-05-07,-0.9002104432648529
2014-05-08,-0.21440108381710204
2014-05-09,-0.18961972897894253
2014-05-12,0.13606887962670117
2014-05-13,0.2967223212434082
2014-05-14,1.021711451529001
2014-05-15,-0.014952724670536923
2014-05-16,-0.24901760698125258
2014-05-19,-0.3383717517166438
2014-05-20,0.15496285949862507
2014-05-21,-0.4266604034998762
2014-05-22,0.04126263733957646
2014-05-23,0.2032448508246044
2014-05-27,-0.7783845176459839
2014-05-28,0.35018242146351236
2014-05-29,-0.3737440650089583
2014-05-30,-0.23301346370255818
2014-06-02,-0.6770849947657204
2014-06-03,-0.4869099295304916
2014-06-04,-0.11769755479080726
2014-06-05,0.3973849194168871
2014-06-06,-0.02072278776401422
2014-06-09,-0.055119143736388994
2014-06-10,0.12261676083357236
2014-06-11,0.09825269877001921
2014-06-12,0.9471345679158395
2014-06-13,0.10364113943762675
2014-06-16,-0.09478227577305894
2014-06-17,-0.4540101141366454
2014-06-18,0.5435039170046453
2014-06-19,1.093870269803745
2014-06-20,0.20501116318722948
2014-06-23,-0.01819011400769955
2014-06-24,0.556623658557223
2014-06-25,0.1326528931390315
2014-06-26,0.1367524797248577
2014-06-27,-0.10262850487980475
2014-06-30,0.6661591188208289
2014-07-01,-0.5529231658677464
2014-07-02,-0.5357675117525817
2014-07-03,-0.3922453816425815
2014-07-07,0.3103613586541082
2014-07-08,0.5785972393612677
2014-07-09,0.3422882553974435
2014-07-10,0.286694917615073
2014-07-11,0.41146367848603804
2014-07-14,-1.4137139099940035
2014-07-15,-0.5766078929677491
2014-07-16,0.4414811525583943
2014-07-17,1.467583215518432
2014-07-18,-0.5401741982060801
2014-07-21,0.33155564753091077
2014-07-22,-0.13328498641386083
2014-07-23,-0.1127949069308722
2014-07-24,-0.8827109636207647
2014-07-25,1.1626670474937206
2014-07-28,-0.15274225512471898
2014-07-29,0.030493248346556152
2014-07-30,-0.8457090486049441
2014-07-31,-0.7281489511137853
2014-08-01,0.7851294309983985
2014-08-04,-0.28811586188024363
2014-08-05,0.11344677273079423
2014-08-06,0.7542530084319728
2014-08-07,0.6671134236845573
2014-08-08,-0.10407250500004514
2014-08-11,-0.09548881130551162
2014-08-12,-0.3132474642294129
2014-08-13,0.40928820278887
2014-08-14,0.4451423049894293
2014-08-15,0.21657768259823856
2014-08-18,-0.7066719255679175
2014-08-19,-0.26688370685199597
2014-08-20,-0.26659081236301335
2014-08-21,-0.2594924889629267
2014-08-22,0.40394242847929407
2014-08-25,0.004939333636500354
2014-08-26,0.08704458562229003
2014-08-27,0.41309296384736016
2014-08-28,0.536176292798732
2014-08-29,-0.022827442396245488
2014-09-02,-1.7702220015154562
2014-09-03,0.48274856522206067
2014-09-04,-0.887304774548061
2014-09-05,0.14373159733870108
2014-09-08,-0.5245897472967503
2014-09-09,0.0191415828255
2014-09-10,-0.5694585794828628
2014-09-11,-0.4949396571753968
2014-09-12,-0.9846964403987827
2014-09-15,0.18462974821278036
2014-09-16,-0.1225619573384066
2014-09-17,-0.6732595076701227
2014-09-18,0.26132302828975756
2014-09-19,0.3427477880852981
2014-09-22,-0.041424779514094484
2014-09-23,0.6283530319993987
2014-09-24,-0.512335315951165
2014-09-25,0.7348252512859549
2014-09-26,-0.21396027612321009
2014-09-29,0.38730333810289685
2014-09-30,-0.6345576649157941
2014-10-01,1.2032285852693858
2014-10-02,-0.44945847719036064
2014-10-03,-0.7014353315240133
2014-10-06,0.6471666388375418
2014-10-07,0.8139148733411505
2014-10-08,0.4883366968248327
2014-10-09,-0.14552861649754545
2014-10-10,0.4739676116312197
2014-10-13,0.6970329084093962
2014-10-14,0.3559712792010104
2014-10-15,0.5618953115043732
2014-10-16,-0.22186342037332843
2014-10-17,-0.3764561511094241
2014-10-20,0.5207043200573034
2014-10-21,-0.30780431873511666
2014-10-22,-0.22964565453459962
2014-10-23,-0.789988793996523
2014-10-24,-0.021556252323389473
2014-10-27,-0.030648701830671286
2014-10-28,-0.2961423634320573
2014-10-29,-0.6040663125801062
2014-10-30,-0.4833198362447873
2014-10-31,-1.2354294706522033
2014-11-03,-0.22660224392346545
2014-11-04,0.18655040635414066
2014-11-05,-1.1606317515749207
2014-11-06,-0.2824901400574694
2014-11-07,1.9610791777376038
2014-11-10,-1.5826742138794834
2014-11-11,0.746127633047921
2014-11-12,-0.2835133796192169
2014-11-13,0.1940726537416573
2014-11-14,1.4864643129351307
2014-11-17,-0.3094537064904774
2014-11-18,0.5751786650214467
2014-11-19,-0.9175201942721438
2014-11-20,0.7769907441086324
2014-11-21,0.5308610842062575
2014-11-24,-0.07975253300957236
2014-11-25,0.5318527685936014
2014-11-26,0.04080629735660788
2014-11-28,-0.9336299707156638
2014-12-01,1.6875500999669395
2014-12-02,-1.109301602845898
2014-12-03,0.7095378912397878
2014-12-04,0.2244037450591848
2014-12-05,-0.9213423925667739
2014-12-08,1.1938312366775365
2014-12-09,1.289441520795952
2014-12-10,0.2675815484968215
2014-12-11,0.0909897193010725
2014-12-12,0.5575960363567737
2014-12-15,-1.3987596887942637
2014-12-16,0.8599375921439935
2014-12-17,-0.7492031436440721
2014-12-18,-0.505925685795874
2014-12-19,0.5060488522127203
2014-12-22,-0.903722004923586
2014-12-23,-0.9114682082233412
2014-12-24,0.2850249774263575
2014-12-26,1.092952578616207
2014-12-29,-0.1314242826257202
2014-12-30,0.8053984869048311
2014-12-31,-0.6095147476952568
2015-01-02,0.7730170298340945
2015-01-05,1.527551359976983
2015-01-06,1.4600959768681907
2015-01-07,-0.3940696326181983
2015-01-08,-0.8764034144392144
2015-01-09,1.1106903288085186
2015-01-12,0.8369083372921918
2015-01-13,-0.16883082668712437
2015-01-14,0.2984834013707986
2015-01-15,2.024916940178563
2015-01-16,0.015724856286313437
2015-01-20,1.3410379974683715
2015-01-21,-0.5674561028910682
2015-01-22,0.22231801777092153
2015-01-23,0.2962079924334301
2015-01-26,-0.6533414867685474
2015-01-27,0.6493166806258747
2015-01-28,0.42260348782881896
2015-01-29,-1.4166379576602268
2015-01-30,1.9808810338867653
2015-02-02,-0.6077707722589392
2015-02-03,-1.631094319177371
2015-02-04,0.30391234939533596
2015-02-05,-0.4636784879654504
2015-02-06,-2.2023784283262944
2015-02-09,0.14309558640105702
2015-02-10,-0.6938091357316966
2015-02-11,-0.4996079836961777
2015-02-12,-0.05013216757365115
2015-02-13,-0.24100796636995983
2015-02-17,-1.6004387321850067
2015-02-18,0.4383045943642927
2015-02-19,-0.5038817287141496
2015-02-20,-0.138094504622804
2015-02-23,0.6359623161589796
2015-02-24,0.5810140345107283
2015-02-25,0.4059487746681906
2015-02-26,-0.5248828059103474
2015-02-27,0.4581049226578431
2015-03-02,-1.1444555897794053
2015-03-03,-0.2724325749323204
2015-03-04,-0.14015347739451092
2015-03-05,-0.11112023611825837
2015-03-06,-2.5008284509580987
2015-03-09,0.5094205713172242
2015-03-10,0.41143458612319894
2015-03-11,0.06357920156311543
2015-03-12,-0.048924356538736634
2015-03-13,-0.08116916541670324
2015-03-16,0.44877757231272175
2015-03-17,0.1434375827159468
2015-03-18,1.9263904361581479
2015-03-19,-0.2907820213939634
2015-03-20,0.8302073778719271
2015-03-23,0.2558307179882279
2015-03-24,0.6040838741840829
2015-03-25,-0.3530384436266965
2015-03-26,-0.4536459420953416
2015-03-27,0.4390391307173541
2015-03-30,-0.8205968777450232
2015-03-31,0.0677630859244102
2015-04-01,1.498878538049236
2015-04-02,-0.6704360002075188
2015-04-06,0.3318195483974429
2015-04-07,0.1705583812368048
2015-04-08,-0.2607074237920338
2015-04-09,-0.999587899282566
2015-04-10,0.6381971287226473
2015-04-13,-0.28883296767195
2015-04-14,0.05039593420203901
2015-04-15,0.38972209594894314
2015-04-16,-0.4230160975104548
2015-04-17,0.8176857701282448
2015-04-20,-0.8252646789681276
2015-04-21,0.06124480596703861
2015-04-22,-1.4453683237630988
2015-04-23,0.5781888641333411
2015-04-24,-0.39101436639113163
2015-04-27,1.0033523375026885
2015-04-28,-0.25631809824099255
2015-04-29,-0.9699103212820939
2015-04-30,-0.7987398630608877
2015-05-01,-0.8485272880400715
2015-05-04,-0.02074265165602095
2015-05-05,0.07098535285094897
2015-05-06,-0.8861630657548402
2015-05-07,0.26056193558058477
2015-05-08,0.3768054316403063
2015-05-11,-1.419307254458305
2015-05-12,0.5553326998969875
2015-05-13,0.49346259404990445
2015-05-14,0.40404370096833797
2015-05-15,1.145253254836138
2015-05-18,-0.8467158718711412
2015-05-19,-1.1433365811407186
2015-05-20,0.16624865716483256
2015-05-21,0.5299059126205569
2015-05-22,-0.01814510261494504
2015-05-26,0.12444755165521987
2015-05-27,0.1054808837724269
2015-05-28,-0.06516612225066491
2015-05-29,0.14524187796296797
2015-06-01,-0.582891296032406
2015-06-02,-0.49709276563170196
2015-06-03,-1.1687377771368666
2015-06-04,0.2985270420565417
2015-06-05,-0.8787305999127223
2015-06-08,0.09172512612538808
2015-06-09,-0.28521201964945536
2015-06-10,-0.012178218645466005
2015-06-11,0.8198732166758829
2015-06-12,-0.013244201538173222
2015-06-15,0.3008836529101725
2015-06-16,0.2131356524264198
2015-06-17,-0.15259135136013793
2015-06-18,0.39933317001503443
2015-06-19,0.5539481571408867
2015-06-22,-1.6771473386319384
2015-06-23,-0.6320557180498209
2015-06-24,0.29791458497262435
2015-06-25,-0.24216058842084692
2015-06-26,-0.5099975229097099
2015-06-29,1.5380919669915343
2015-06-30,-0.6582933276250492
2015-07-01,-0.8520666389776891
2015-07-02,0.0660366244294628
2015-07-06,1.0553823988450777
2015-07-07,-0.11038381735737011
2015-07-08,0.5791359181198555
2015-07-09,-0.8673708007585904
2015-07-10,-0.7372409102035969
2015-07-13,-0.38006826086982437
2015-07-14,0.05159538631947477
2015-07-15,0.26761105964870385
2015-07-16,0.16359552061101193
2015-07-17,-0.2477027021245421
2015-07-20,-1.5805948337124949
2015-07-21,0.11450646210532452
2015-07-22,0.04082528753343655
2015-07-23,0.39788072398736896
2015-07-24,0.6108659147011501
2015-07-27,0.035132163950184446
2015-07-28,-0.288767612942296
2015-07-29,-0.11435796810627477
2015-07-30,-0.04263726826979674
2015-07-31,0.684093318136205
2015-08-03,0.13076350411973925
2015-08-04,-0.2961877792735999
2015-08-05,-0.5590175355864311
2015-08-06,0.663031949584526
2015-08-07,0.7774077756191486
2015-08-10,-0.10811147835324403
2015-08-11,1.0439096341824783
2015-08-12,0.42765629178912795
2015-08-13,-0.5758858224661976
2015-08-14,0.11253073602631371
2015-08-17,0.356262085618121
2015-08-18,-0.4036624599419631
2015-08-19,1.159239314778139
2015-08-20,1.3661487550478457
2015-08-21,0.46210968980294703
2015-08-24,-0.2861956499727691
2015-08-25,-1.4332286153165128
2015-08-26,-1.6613989103837372
2015-08-27,0.05657299515547592
2015-08-28,0.5959784177333098
2015-08-31,-0.3294916511859719
2015-09-01,0.5334532116106707
2015-09-02,-0.6982162460655311
2015-09-03,-0.11527508244250517
2015-09-04,0.293828449444037
2015-09-08,-0.7263715331541202
2015-09-09,-0.40729648824758374
2015-09-10,-0.2200426390460808
2015-09-11,0.21138642080423953
2015-09-14,0.10646081233481124
2015-09-15,-1.1150346143425323
2015-09-16,0.47590587177903704
2015-09-17,1.1165577407252179
2015-09-18,1.131746973625849
2015-09-21,-1.1326056449030426
2015-09-22,0.3536273995940639
2015-09-23,0.19517193472548278
2015-09-24,1.3800360804322964
2015-09-25,-0.7427798665005378
2015-09-28,0.222541632190382
2015-09-29,-0.06139261373408233
2015-09-30,-0.6944516625335277
2015-10-01,0.1524015701115513
2015-10-02,1.3524426639779938
2015-10-05,-0.7823610314188372
2015-10-06,0.7141648085238537
2015-10-07,-0.23921320632323168
2015-10-08,-0.6762726225551102
2015-10-09,0.9195224033723354
2015-10-12,0.5770280072660086
2015-10-13,0.3317048715185415
2015-10-14,1.3006780732889764
2015-10-15,-0.47453193671419
2015-10-16,-0.3375198182625206
2015-10-19,-0.3466683030859312
2015-10-20,0.009421259835459023
2015-10-21,0.05306332757929146
2015-10-22,0.06670486722443936
2015-10-23,-0.5128701450996945
2015-10-26,0.3009570627552823
2015-10-27,0.23686934444800267
2015-10-28,-0.6058443907011432
2015-10-29,-1.282040857825251
2015-10-30,0.18590906043493516
2015-11-02,-0.556113229561114
2015-11-03,-1.1580269284893465
2015-11-04,-0.4150116321392285
2015-11-05,-0.2882588996539558
2015-11-06,-1.4725000740968173
2015-11-09,-0.13749483965342146
2015-11-10,0.04252368600744557
2015-11-11,-0.2736591667114098
2015-11-12,0.2499227832734837
2015-11-13,0.145987125050859
2015-11-16,0.026480650645736452
2015-11-17,-0.5785382586912551
2015-11-18,0.14823753787362234
2015-11-19,0.8809899205523629
2015-11-20,-0.38076247616220393
2015-11-23,-0.24928187908581884
2015-11-24,0.32780821026595364
2015-11-25,-0.11733627192566899
2015-11-27,-0.6420774920252217
2015-11-30,0.5278510468666752
2015-12-01,0.8483678806789359
2015-12-02,-0.7638910803359936
2015-12-03,-0.831261509486167
2015-12-04,1.537761191998831
2015-12-07,-0.16387631806704966
2015-12-08,0.10737840260805324
2015-12-09,-0.15071443162878237
2015-12-10,0.021879385560639585
2015-12-11,1.0553708219464724
2015-12-14,-1.2948416957733533
2015-12-15,-0.42823300385204455
2015-12-16,0.49750092780796384
2015-12-17,-0.5310310454556633
2015-12-18,1.0382135149752862
2015-12-21,0.5302997324276914
2015-12-22,-0.6248806486107559
2015-12-23,-0.5236479144870706
2015-12-24,0.6460250778032918
2015-12-28,-0.2309986918432469
2015-12-29,-0.8686638299008561
2015-12-30,-0.43245650860052226
2015-12-31,0.24435189826159948
2016-01-04,1.0598278442373836
2016-01-05,-0.0608333015440074
2016-01-06,1.3861419416699952
2016-01-07,0.7935813989873013
2016-01-08,0.0025313195484573782
2016-01-11,-0.9968635272944745
2016-01-12,0.4671346455968636
2016-01-13,0.7348644550954989
2016-01-14,-1.2880131163225748
2016-01-15,1.2855539187572773
2016-01-19,-0.20334008374097856
2016-01-20,1.187804974331962
2016-01-21,-0.28288953259442823
2016-01-22,-0.4239064882005463
2016-01-25,0.7824801117809153
2016-01-26,0.5923726023795375
2016-01-27,0.17435553699441794
2016-01-28,-0.463610445100029
2016-01-29,0.6143698791103988
2016-02-01,0.36052487325058524
2016-02-02,0.9416488441197215
2016-02-03,0.12187539645948577
2016-02-04,0.8428351297337908
2016-02-05,0.846102559603229
2016-02-08,1.733080186305789
2016-02-09,-0.05660548276606322
2016-02-10,0.824577317255026
2016-02-11,2.3322202800084253
2016-02-12,-1.130396287403801
2016-02-16,-2.066291482799868
2016-02-17,0.001865311905713032
2016-02-18,1.814910857839918
2016-02-19,-0.25846231219961213
2016-02-22,-0.9196758522522084
2016-02-23,0.9469003066922802
2016-02-24,0.0674343822499908
2016-02-25,0.31039082023938364
2016-02-26,-0.8290979420874752
2016-02-29,0.8679846181432807
2016-03-01,-1.254929356647149
2016-03-02,0.59094294165029
2016-03-03,1.0404631602426833
2016-03-04,-0.4001431351747525
2016-03-07,0.23306782012900898
2016-03-08,0.32064013401677594
2016-03-09,-0.7211561760514038
2016-03-10,0.5959149159271501
2016-03-11,-1.3746878513111283
2016-03-14,-0.4890055512670885
2016-03-15,0.0850894142819122
2016-03-16,1.255433531586069
2016-03-17,0.015911976027432436
2016-03-18,-0.03254581548278069
2016-03-21,-0.7368051141754328
2016-03-22,0.13525881860016037
2016-03-23,-0.5668416937464829
2016-03-24,-0.1008203354111228
2016-03-28,0.18150713248459943
2016-03-29,1.4400810879135009
2016-03-30,-1.2329153394782444
2016-03-31,0.5835615528874807
2016-04-01,-0.17148998144219546
2016-04-04,-0.30336625086638724
2016-04-05,1.1897293289640132
2016-04-06,-0.6713551181143215
2016-04-07,1.322487348082004
2016-04-08,-0.39278750451561034
2016-04-11,0.609251053515254
2016-04-12,-0.33733451960809674
2016-04-13,-0.35807202900780694
2016-04-14,-0.9430167542124915
2016-04-15,0.7710989722967656
2016-04-18,-0.2928595808751539
2016-04-19,0.6233223417225578
2016-04-20,-0.8083709508849327
2016-04-21,-0.10831405787008452
2016-04-22,-0.7717920654549129
2016-04-25,-0.06224650789230112
2016-04-26,-0.028129319326120013
2016-04-27,0.6402303625626904
2016-04-28,1.1446580755655573
2016-04-29,1.0946981235061584
2016-05-02,-0.6714349065046793
2016-05-03,0.5148549178552776
2016-05-04,-0.03071903101158335
2016-05-05,0.27659994280333006
2016-05-06,0.24066472815842654
2016-05-09,-0.8736273121669673
2016-05-10,0.1404914216442925
2016-05-11,0.7510554257241677
2016-05-12,-0.6229577311247633
2016-05-13,0.7091888493757114
2016-05-16,-0.3947136577023209
2016-05-17,0.2559734104939172
2016-05-18,-1.5916982233392138
2016-05-19,0.1204180850917754
2016-05-20,-0.028328001909790658
2016-05-23,-0.030587055451105353
2016-05-24,-1.0953272488721708
2016-05-25,-0.32562556079997745
2016-05-26,0.0879386757609716
2016-05-27,-0.4859672097553408
2016-05-31,0.30915080051784005
2016-06-01,0.15104075956148347
2016-06-02,0.2436719401218296
2016-06-03,2.077620573350197
2016-06-06,-0.35536802980705984
2016-06-07,0.07892432970100047
2016-06-08,1.003376043347645
2016-06-09,0.5986820060436396
2016-06-10,0.44338798476246155
2016-06-13,0.5904811182068709
2016-06-14,0.016051220180574203
2016-06-15,0.5612498848730884
2016-06-16,-0.28295838206359736
2016-06-17,0.32943280704080813
2016-06-20,-0.8365976746812713
2016-06-21,-1.2000288865289783
2016-06-22,0.10715183941470847
2016-06-23,-0.9026742551740315
2016-06-24,3.724029547501831
2016-06-27,1.506803010342387
2016-06-28,-0.4335209839566053
2016-06-29,-0.1763399045350047
2016-06-30,0.43364078374260306
2016-07-01,1.4506345106351122
2016-07-05,1.0334001813363212
2016-07-06,0.37361395085535076
2016-07-07,-0.19182506201119032
2016-07-08,0.666676626733613
2016-07-11,-0.9140963437249622
2016-07-12,-1.6633245180977148
2016-07-13,1.0439100622161819
2016-07-14,-1.1191515810243347
2016-07-15,-0.6241913212429689
2016-07-18,0.031874424702383226
2016-07-19,0.3483752934931761
2016-07-20,-0.9935653772923257
2016-07-21,0.8591577562259651
2016-07-22,-0.2869529074504295
2016-07-25,-0.38499556204331925
2016-07-26,0.290124474876264
2016-07-27,1.4180885158603935
2016-07-28,-0.2372087820696896
2016-07-29,0.9293870654411401
2016-08-01,-0.450104172260219
2016-08-02,-0.10887848414329188
2016-08-03,-0.20931075706468616
2016-08-04,0.459490762889375
2016-08-05,-1.4231694073954906
2016-08-08,0.051064995986540414
2016-08-09,0.6934278754241722
2016-08-10,0.4269353101730148
2016-08-11,-0.7952229097751865
2016-08-12,0.31488772266696247
2016-08-15,-0.2988966623859523
2016-08-16,0.11298806568883625
2016-08-17,0.31107221165184773
2016-08-18,0.3158591545346403
2016-08-19,-0.7056856692757547
2016-08-22,0.34685562293480365
2016-08-23,0.04582468620307783
2016-08-24,-0.6758526584540335
2016-08-25,-0.23349639519510457
2016-08-26,-0.36295164560924636
2016-08-29,0.7647658835415195
2016-08-30,-0.6977809652186976
2016-08-31,-0.02837382145670497
2016-09-01,0.25914763601721985
2016-09-02,0.10298314457301197
2016-09-06,1.202375444454759
2016-09-07,-0.20692331154874527
2016-09-08,-0.8961488393662521
2016-09-09,-1.1595840306700815
2016-09-12,-0.0373007540662347
2016-09-13,-0.9037029681435789
2016-09-14,0.24526150328934834
2016-09-15,-0.5384739774744949
2016-09-16,0.27995487554964654
2016-09-19,-0.05931663680210154
2016-09-20,0.22261593283095224
2016-09-21,1.1274343845707604
2016-09-22,0.51394266008588
2016-09-23,-0.016081470803171585
2016-09-26,0.27836369540626316
2016-09-27,0.002197300562242596
2016-09-28,-0.2664631242679633
2016-09-29,0.06702254493831747
2016-09-30,-0.6193235868365743
2016-10-03,-0.29279807282730475
2016-10-04,-2.3476434988634014
2016-10-05,-0.3120032484390244
2016-10-06,-0.7450451098444192
2016-10-07,0.0670388444432367
2016-10-10,-0.11962728282968914
2016-10-11,-0.3671965474862304
2016-10-12,0.1283311875298297
2016-10-13,0.3086353008094045
2016-10-14,-0.9845166441153833
2016-10-17,0.4521813884759242
2016-10-18,0.47041553290904475
2016-10-19,0.3273519039811272
2016-10-20,-0.10014477145895753
2016-10-21,0.11232361266338388
2016-10-24,-0.32980677493585975
2016-10-25,0.5079524790667216
2016-10-26,-0.6199701926135001
2016-10-27,-0.45466125378059075
2016-10-28,0.12452517117710264
2016-10-31,0.4536487900362751
2016-11-01,0.3272231243742134
2016-11-02,0.586539829474199
2016-11-03,-0.11694565254564612
2016-11-04,0.48305012535628367
2016-11-07,-1.334344517435356
2016-11-08,-0.4124853243928213
2016-11-09,-2.1780143682413198
2016-11-10,-1.4941548974460004
2016-11-11,-1.3972865332256554
2016-11-14,-0.7244223312041734
2016-11-15,0.6799023878186597
2016-11-16,0.30130056208606193
2016-11-17,-0.9975924995646244
2016-11-18,-0.5850985756390097
2016-11-21,0.310350631727552
2016-11-22,-0.03381351547965444
2016-11-23,-1.1921232509267508
2016-11-25,-0.20815242220070035
2016-11-28,0.8926767094999994
2016-11-29,-0.023344748583950303
2016-11-30,-1.4920632133311844
2016-12-01,-0.6238384295224924
2016-12-02,0.6333227555861141
2016-12-05,-0.322384935987641
2016-12-06,-0.08701164959462374
2016-12-07,0.604892355049135
2016-12-08,-0.7084949636393895
2016-12-09,-1.1528823357275537
2016-12-12,0.28339535349761075
2016-12-13,0.011452449268993572
2016-12-14,-1.3004166461241602
2016-12-15,-0.43297490810877476
2016-12-16,0.21549611999436002
2016-12-19,0.7846368133694857
2016-12-20,-0.6194181342366073
2016-12-21,0.2482044991097482
2016-12-22,-0.21016276147876362
2016-12-23,0.2595497107334445
2016-12-27,0.13078778810645333
2016-12-28,0.5023669022315669
2016-12-29,0.8305099567297365
2016-12-30,-0.2328774184824517
2017-01-03,0.6045191046900071
2017-01-04,0.3680911916091727
2017-01-05,1.5463941619997592
2017-01-06,-0.8311687982237711
2017-01-09,0.8096668077146321
2017-01-10,0.18000943556127388
2017-01-11,0.32252370702798827
2017-01-12,0.07008289642834908
2017-01-13,-0.10630770884659797
2017-01-17,1.2337689954099875
2017-01-18,-1.0690413366936058
2017-01-19,-0.3872098598500962
2017-01-20,0.022131300677494775
2017-01-23,0.8184705850059346
2017-01-24,-0.5687276296859464
2017-01-25,-1.04505140627793
2017-01-26,-0.29570992116846717
2017-01-27,0.28151249431598546
2017-01-30,0.061000831267310617
2017-01-31,1.0357338363592954
2017-02-01,-0.4616834818493255
2017-02-02,0.2564630490416793
2017-02-03,0.10409565746587338
2017-02-06,0.9737409467997502
2017-02-07,0.26524262442354646
2017-02-08,0.9857852410804774
2017-02-09,-0.9620855333162653
2017-02-10,0.10314129269932804
2017-02-13,-0.4987323356802983
2017-02-14,-0.3061678455746245
2017-02-15,-0.007767549789518444
2017-02-16,0.5399543798518652
2017-02-17,0.12733117179548867
2017-02-21,-0.05751804088053815
2017-02-22,0.15105514493095998
2017-02-23,0.5846994312314515
2017-02-24,0.8709050687785235
2017-02-27,-0.5387778332219612
2017-02-28,0.2314027341829254
2017-03-01,-0.9132488630699445
2017-03-02,-0.8047482053354892
2017-03-03,0.10041627092367766
2017-03-06,-0.5766078245695707
2017-03-07,-0.5557605113582637
2017-03-08,-0.5828463434365735
2017-03-09,-0.6576080843548812
2017-03-10,0.2842691259177362
2017-03-13,-0.3073416712084986
2017-03-14,-0.029822520250485034
2017-03-15,1.5321358441318444
2017-03-16,-0.04669489479555609
2017-03-17,0.4242888559766126
2017-03-20,0.4362048409422212
2017-03-21,0.850089947876141
2017-03-22,0.32157007256480125
2017-03-23,-0.1378832313390034
2017-03-24,0.2582093867828798
2017-03-27,0.5080548102586963
2017-03-28,-0.5399514180898388
2017-03-29,0.4193775497625533
2017-03-30,-0.7670886192645536
2017-03-31,0.2505851425955654
2017-04-03,0.76671840341808
2017-04-04,-0.1582405232153368
2017-04-05,0.1527673522014344
2017-04-06,-0.2583788689682836
2017-04-07,-0.08473226581357743
2017-04-10,0.2316990289785462
2017-04-11,1.1911318311196815
2017-04-12,0.6141944171634584
2017-04-13,0.39124396687270824
2017-04-17,-0.3011407872526931
2017-04-18,0.8872807844212482
2017-04-19,-0.7189762989452637
2017-04-20,-0.09910338451450612
2017-04-21,0.14338619709775852
2017-04-24,-0.587911303322248
2017-04-25,-1.1144211964767947
2017-04-26,0.5198065383307543
2017-04-27,-0.2027619024075332
2017-04-28,0.26802516044731806
2017-05-01,-0.8748638446932062
2017-05-02,0.24734192490488124
2017-05-03,-0.6671888527616713
2017-05-04,-0.7535067115763019
2017-05-05,0.13947776858679184
2017-05-08,-0.38393020361270475
2017-05-09,-0.304388685008527
2017-05-10,-0.06237339419220111
2017-05-11,0.19801094746317638
2017-05-12,0.5179446824629788
2017-05-15,-0.0032594447361006013
2017-05-16,0.4027576259307543
2017-05-17,1.6245351556447556
2017-05-18,-0.3528843379420956
2017-05-19,0.3651210469527944
2017-05-22,0.07191576155157671
2017-05-23,-0.6554502461260374
2017-05-24,0.47763140313388547
2017-05-25,-0.0381016789603499
2017-05-26,0.5273560862258526
2017-05-30,0.08106386077377498
2017-05-31,0.32414696145483374
2017-06-01,0.04667299479530305
2017-06-02,0.9560856784961945
2017-06-05,-0.26147538726777103
2017-06-06,0.8315908851674585
2017-06-07,-0.5042650280698009
2017-06-08,-0.45980547439176134
2017-06-09,-0.5338973447481246
2017-06-12,-0.09079773364364581
2017-06-13,0.057879678238740004
2017-06-14,0.4966766776377582
2017-06-15,-0.28824300165134936
2017-06-16,0.10746934268919522
2017-06-19,-0.45353659206181673
2017-06-20,0.34166938470764063
2017-06-21,0.24568928441593219
2017-06-22,0.27811385701333197
2017-06-23,0.19076348767776968
2017-06-26,-0.26047958544199656
2017-06-27,-0.3445459598744781
2017-06-28,-0.1277040503869267
2017-06-29,-0.6651798429554435
2017-06-30,-0.24270683512710411
2017-07-03,-0.9834516562762895
2017-07-05,0.1970652257239183
2017-07-06,-0.4360844975700171
2017-07-07,-0.8138791620272234
2017-07-10,0.15563935727235936
2017-07-11,0.15025116680741207
2017-07-12,0.5211822078995548
2017-07-13,-0.40592566571566424
2017-07-14,0.46989016387022564
2017-07-17,0.3598755274073098
2017-07-18,0.7831032724169608
2017-07-19,0.0073571282924493235
2017-07-20,0.21174322413805513
2017-07-21,0.6410194231294598
2017-07-24,-0.1741227405604984
2017-07-25,-0.8177316941005939
2017-07-26,0.48341610130485885
2017-07-27,-0.2844055740685208
2017-07-28,0.6697789882187221
2017-07-31,0.08536457229969337
2017-08-01,0.30916904210994817
2017-08-02,-0.07557094583544371
2017-08-03,0.5943205862868294
2017-08-04,-0.8176547186690428
2017-08-07,-0.002476634219753319
2017-08-08,-0.03347672279299803
2017-08-09,0.8738488527321662
2017-08-10,0.7947564512079942
2017-08-11,0.2607193373267047
2017-08-14,-0.6131858723544578
2017-08-15,-0.5979884717333709
2017-08-16,0.5499479890426804
2017-08-17,0.6262933856830782
2017-08-18,-0.0894423898062927
2017-08-21,0.309993260173939
2017-08-22,-0.41791194154102257
2017-08-23,0.5268910007208129
2017-08-24,-0.34006652991959846
2017-08-25,0.3764393532990513
2017-08-28,0.7600585727001549
2017-08-29,0.05283290236633603
2017-08-30,-0.03980786927882117
2017-08-31,0.7332290974301208
2017-09-01,-0.2875133065314256
2017-09-05,1.339184025179834
2017-09-06,-0.5633259603646197
2017-09-07,1.0269948293952358
2017-09-08,-0.17086759911821434
2017-09-11,-1.300791269884528
2017-09-12,-0.1162940181497538
2017-09-13,-0.5741261274842823
2017-09-14,0.42388696225047373
2017-09-15,-0.23022116873242976
2017-09-18,-0.7565950998981437
2017-09-19,-0.018371468611838526
2017-09-20,-0.3661169427634607
2017-09-21,-0.408802177959726
2017-09-22,0.3705630584176708
2017-09-25,0.832885210109563
2017-09-26,-0.6507544969321071
2017-09-27,-1.2319710280532463
2017-09-28,-0.05391054068383932
2017-09-29,-0.14539063013797165
2017-10-02,-0.42559279303438846
2017-10-03,0.07310740329002742
2017-10-04,0.14459675397902977
2017-10-05,-0.45815499402285736
2017-10-06,0.09522952632672077
2017-10-09,0.5649877008231078
2017-10-10,0.21146840521724586
2017-10-11,0.2556313449981651
2017-10-12,0.25338955898773213
2017-10-13,0.7358155621160658
2017-10-16,-0.37972437911027
2017-10-17,-0.27831740312626047
2017-10-18,-0.5192216574135432
2017-10-19,0.3830611256175994
2017-10-20,-0.8529441220638028
2017-10-23,0.16668844610427783
2017-10-24,-0.5041989970496836
2017-10-25,-0.23103009091266863
2017-10-26,-0.5888746939988784
2017-10-27,0.5660543613234769
2017-10-30,0.572206982777526
2017-10-31,-0.17395568210317586
2017-11-01,0.4041200663453623
2017-11-02,0.2531835211400523
2017-11-03,-0.0995614453734715
2017-11-06,0.6121204859726384
2017-11-07,0.029279732532421936
2017-11-08,0.06269601495063203
2017-11-09,0.06304537162504112
2017-11-10,-1.1701752708570665
2017-11-13,0.17891435464834124
2017-11-14,0.43977832788433985
2017-11-15,0.480299566640229
2017-11-16,-0.43966021171839104
2017-11-17,0.9672576670820128
2017-11-20,-0.6527422183012276
2017-11-21,0.2404754009133167
2017-11-22,0.6206879711038965
2017-11-24,-0.264371662548553
2017-11-27,0.13738325728277903
2017-11-28,0.058975739638152634
2017-11-29,-0.8097050784353969
2017-11-30,-0.5539309643621392
2017-12-01,0.8732340517128383
2017-12-04,-0.14501211733448535
2017-12-05,-0.10611074888821775
2017-12-06,0.06899708828274136
2017-12-07,-1.055115048954238
2017-12-08,-0.00025074909950527564
2017-12-11,-0.301433127718171
2017-12-12,0.03953577392803222
2017-12-13,0.8042756922013222
2017-12-14,0.11130130300005066
2017-12-15,0.292340202730598
2017-12-18,-0.22526946091557934
2017-12-19,-0.6129958990134342
2017-12-20,-0.42097377085706805
2017-12-21,0.3614947834508924
2017-12-22,0.3294993353369175
2017-12-26,0.4901981780332089
2017-12-27,0.8366602428575864
2017-12-28,0.20999741620758255
2017-12-29,0.40374324548550855
2018-01-02,0.06658388825650272
2018-01-03,0.10713951286577854
2018-01-04,0.24811865674391922
2018-01-05,-0.1947578755318637
2018-01-08,-0.039807283238981674
2018-01-09,-0.9041327626120871
2018-01-10,0.05974063282345003
2018-01-11,0.369245590213263
2018-01-12,0.687966658475086
2018-01-16,0.2910692949918796
2018-01-17,-0.4740643963555231
2018-01-18,-0.5771285199972167
2018-01-19,-0.040246344290008354
2018-01-22,0.13963413127499952
2018-01-23,0.4627641960063307
2018-01-24,0.33751915635758495
2018-01-25,0.07665730041501714
2018-01-26,-0.146478016497466
2018-01-29,-0.6309854998021104
2018-01-30,-0.5105733268385628
2018-01-31,0.6282598370238832
2018-02-01,-0.5616970142104587
2018-02-02,-1.126174819799063
2018-02-05,0.5972938156461376
2018-02-06,-0.8389970321422241
2018-02-07,-0.712978609666033
2018-02-08,0.021427028693604886
2018-02-09,-0.40077150307181897
2018-02-12,0.45982902720232793
2018-02-13,0.5055767665761498
2018-02-14,0.29754252012961735
2018-02-15,0.22821113752341682
2018-02-16,0.10735183727571998
2018-02-20,-0.8950845353947086
2018-02-21,-0.8467246860562201
2018-02-22,0.4037775658650906
2018-02-23,0.38002888831924575
2018-02-26,0.13969211326550798
2018-02-27,-0.5956340167898265
2018-02-28,0.2654910104364194
2018-03-01,0.22905861118212625
2018-03-02,-0.13795760299125226
2018-03-05,-0.21916872490761996
2018-03-06,0.5841001823130368
2018-03-07,-0.37577966602175344
2018-03-08,0.16863861882305764
2018-03-09,-0.2811634131746792
2018-03-12,0.2879489301345299
2018-03-13,0.3479370311737728
2018-03-14,0.40785139464785863
2018-03-15,-0.31872355049759826
2018-03-16,-0.2993405009432886
2018-03-19,-0.05024442521741236
2018-03-20,-0.4261016017971583
2018-03-21,0.9231888176409387
2018-03-22,0.2973702803356169
2018-03-23,0.6076476452857761
2018-03-26,0.07108970283155075
2018-03-27,0.2264770975642145
2018-03-28,-0.5595822776300997
2018-03-29,0.26666817224967687
2018-04-02,0.6806509443754504
2018-04-03,-0.7657151354626109
2018-04-04,-0.04401390531167783
2018-04-05,-0.6318575491965119
2018-04-06,0.7782492700544357
2018-04-09,0.2523791938106811
2018-04-10,0.027577912538733665
2018-04-11,0.5653628374352867
2018-04-12,-0.9522546465187594
2018-04-13,0.44280887359488313
2018-04-16,0.08714868853906929
2018-04-17,0.18327505046622045
2018-04-18,-0.36147138865275186
2018-04-19,-0.5063513727084081
2018-04-20,-0.7432259594927811
2018-04-23,-0.3868924138503593
2018-04-24,0.014924378207079288
2018-04-25,-0.6618919676652188
2018-04-26,0.17438423163260816
2018-04-27,0.5959331065317307
2018-04-30,-0.2746118373709278
2018-05-01,-0.534673853500335
2018-05-02,-0.0791415912199299
2018-05-03,0.4776222240375486
2018-05-04,0.18019185711563515
2018-05-07,-0.06779021123111201
2018-05-08,-0.038287023351559965
2018-05-09,-0.40426867338743333
2018-05-10,0.7417080949001236
2018-05-11,0.054191335475277956
2018-05-14,-0.4692865336722107
2018-05-15,-1.385989966230663
2018-05-16,-0.26983348166524224
2018-05-17,-0.22415767086434807
2018-05-18,0.4496377954146602
2018-05-21,0.054190322220804554
2018-05-22,-0.105389389345368
2018-05-23,0.4152149516346594
2018-05-24,0.8235268453759023
2018-05-25,0.1573818663032061
2018-05-29,1.0811349031418023
2018-05-30,-0.26265287831082895
2018-05-31,-0.19198876693513156
2018-06-01,-0.5132892810453831
2018-06-04,-0.4113949541933182
2018-06-05,0.3128391591225322
2018-06-06,-0.37735472486550875
2018-06-07,0.4587848442128116
2018-06-08,-0.08913780888557779
2018-06-11,-0.002596824511752634
2018-06-12,-0.15390163487164393
2018-06-13,0.1254120864053895
2018-06-14,0.4908796944873905
2018-06-15,-0.7840388967323068
2018-06-18,-0.1405714799836933
2018-06-19,0.16292722307759674
2018-06-20,-0.6638460322033902
2018-06-21,0.1752248381918628
2018-06-22,0.11656110340804646
2018-06-25,-0.0749504522782226
2018-06-26,-0.19257869681499473
2018-06-27,0.18592821040608887
2018-06-28,-0.1396045122863654
2018-06-29,0.009913324649751325
2018-07-02,-0.5420529043199551
2018-07-03,0.7713882719611682
2018-07-05,0.31150043184787884
2018-07-06,0.08365823096151838
2018-07-09,-0.199989695444669
2018-07-10,-0.09649638787195267
2018-07-11,-0.350227546581222
2018-07-12,0.20397136990548134
2018-07-13,-0.09351461814428357
2018-07-16,-0.23358762110599032
2018-07-17,-0.6363013359052889
2018-07-18,-0.18814875497045916
2018-07-19,0.1019141936943687
2018-07-20,-0.2900553138069488
2018-07-23,-0.8608479406151395
2018-07-24,0.1889635935081036
2018-07-25,0.19617570265087703
2018-07-26,-0.487376149654835
2018-07-27,0.10968783903277105
2018-07-30,-0.24961462565092968
2018-07-31,0.41912694804271555
2018-08-01,-0.7767664117663788
2018-08-02,-0.19767426572986066
2018-08-03,0.42241235464853627
2018-08-06,-0.22760980985911333
2018-08-07,-0.1462661626646019
2018-08-08,0.19001101642323304
2018-08-09,0.34633292158276513
2018-08-10,0.34077556564693207
2018-08-13,-0.8614936997092357
2018-08-14,-0.06345547826282022
2018-08-15,-0.5415043267323209
2018-08-16,-0.0446013261284946
2018-08-17,0.5242563906623923
2018-08-20,0.5827592797869332
2018-08-21,-0.02191310135494846
2018-08-22,0.30787060884854134
2018-08-23,-0.39515375244275913
2018-08-24,0.9670836607137115
2018-08-27,-0.09795727385141684
2018-08-28,-0.6996653559267484
2018-08-29,0.2944622238425771
2018-08-30,-0.13788087680114
2018-08-31,-0.1727588888635671
2018-09-04,-0.5460625241661193
2018-09-05,0.03936217968882164
2018-09-06,0.28047572456770986
2018-09-07,-0.5625778701108629
2018-09-10,0.14923897596848296
2018-09-11,-0.3502296098067323
2018-09-12,0.5360922393344428
2018-09-13,-0.1039413822361431
2018-09-14,-0.5660807591871981
2018-09-17,0.2606774532082674
2018-09-18,-0.5996137835976386
2018-09-19,-0.10445564989418493
2018-09-20,0.40195021557745864
2018-09-21,-0.36329389720775584
2018-09-24,-0.13699671277998743
2018-09-25,0.02793621652869881
2018-09-26,0.08738008111574408
2018-09-27,-0.4090723575131874
2018-09-28,0.18482608683861002
2018-10-01,-0.4523411327599069
2018-10-02,0.8791778826533163
2018-10-03,-1.071866813814512
2018-10-04,-0.32676090117750267
2018-10-05,-0.28919170041171516
2018-10-08,-0.7243058553063448
2018-10-09,0.531178745066714
2018-10-10,-0.011863891938980138
2018-10-11,1.87484832453772
2018-10-12,-0.412458236256485
2018-10-15,0.31177084889478895
2018-10-16,0.02739238051409939
2018-10-17,-0.3012229788202274
2018-10-18,0.03856929157423302
2018-10-19,-0.0708997400762372
2018-10-22,-0.1954338012768581
2018-10-23,0.4513249036763289
2018-10-24,0.49223217701858696
2018-10-25,-0.32108111095215935
2018-10-26,0.4597283747595115
2018-10-29,-0.3104799011075002
2018-10-30,-0.46873583638049027
2018-10-31,-0.536133520740499
2018-11-01,0.6866020309237219
2018-11-02,-0.6149320604621301
2018-11-05,0.07635837143951496
2018-11-06,-0.17306142165948094
2018-11-07,0.062427179689601646
2018-11-08,-0.1122365383165936
2018-11-09,-0.18828361862261053
2018-11-12,-0.03173919915829813
2018-11-13,-0.013066800375025424
2018-11-14,0.4430647592674652
2018-11-15,0.03476702655557416
2018-11-16,0.6575342931644751
2018-11-19,0.16097545681780584
2018-11-20,0.017404031260361028
2018-11-21,0.06471082374140721
2018-11-23,0.013332977602886922
2018-11-26,-0.16919293274885502
2018-11-27,-0.2420386191350603
2018-11-28,-0.05643425390942469
2018-11-29,0.35194996909834886
2018-11-30,0.10067930727516215
2018-12-03,0.7288605304319958
2018-12-04,1.135544719953086
2018-12-06,0.16543816831662883
2018-12-07,0.497314592860358
2018-12-10,0.033307553487165395
2018-12-11,-0.06792327778447772
2018-12-12,-0.11663625843913372
2018-12-13,-0.2289045368057147
2018-12-14,-0.026322567572641672
2018-12-17,0.6351527815187218
2018-12-18,0.4173249275439257
2018-12-19,0.3551977879871888
2018-12-20,0.5874038749434771
2018-12-21,-0.22656805102280209
2018-12-24,0.7928496235565925
2018-12-26,-0.6880986031572806
2018-12-27,0.3878082543050578
2018-12-28,0.6219428367891109
2018-12-31,0.26812720615422214
2019-01-02,0.2959014396846857
2019-01-03,1.017107431602022
2019-01-04,-0.9879378473860331
2019-01-07,0.025501862901998358
2019-01-08,-0.26716979312845984
2019-01-09,0.2423766578995085
2019-01-10,-0.6179340132670438
2019-01-11,0.28107984825662985
2019-01-14,-0.06705239131340646
2019-01-15,-0.268960149444824
2019-01-16,0.2097640081091989
2019-01-17,-0.05294827417591704
2019-01-18,-0.7109471944730068
2019-01-22,0.515051087151221
2019-01-23,-0.09077451555955349
2019-01-24,0.2496530544062363
2019-01-25,0.4902037256085112
2019-01-28,0.12512999073838288
2019-01-29,0.5317241880261339
2019-01-30,0.24884828739955622
2019-01-31,0.4530325747766223
2019-02-01,-0.4030048673570442
2019-02-04,-0.44106905976084976
2019-02-05,0.3568251310851531
2019-02-06,-0.31364249964744273
2019-02-07,0.4510048070075141
2019-02-08,0.4025049230264836
2019-02-11,-0.4426870986330325
2019-02-12,-0.022012974178345936
2019-02-13,-0.38775170164678113
2019-02-14,0.562931707896211
2019-02-15,0.37555401103723013
2019-02-19,0.8843681026627704
2019-02-20,-0.2301682317831486
2019-02-21,-1.017442745958562
2019-02-22,0.4767125660285045
2019-02-25,-0.2000713368576449
2019-02-26,0.3307031619252096
2019-02-27,-0.9250688756023386
2019-02-28,-0.4519429258252954
2019-03-01,-1.3217222855544826
2019-03-04,0.26025384294943377
2019-03-05,0.17018131773455258
2019-03-06,0.13829549228900967
2019-03-07,0.2827434129266628
2019-03-08,0.7550782819476485
2019-03-11,-0.3930743226738719
2019-03-12,0.6511799877552814
2019-03-13,0.2551248124722732
2019-03-14,-0.9429435651452455
2019-03-15,0.557879257552913
2019-03-18,-0.0002862175472980854
2019-03-19,0.027223181871766002
2019-03-20,0.8436411215245582
2019-03-21,-0.09130563654661121
2019-03-22,0.8900066349578767
2019-03-25,0.4621704430153215
2019-03-26,-0.2845387142948526
2019-03-27,0.19844554985796237
2019-03-28,-0.5346181871261103
2019-03-29,-0.0022932548898129245
2019-04-01,-0.911046394608799
2019-04-02,0.27721871670271303
2019-04-03,-0.5084707377395524
2019-04-04,0.26858383757160964
2019-04-05,0.011342922171681799
2019-04-08,0.03987058996602916
2019-04-09,0.41810394023695907
2019-04-10,0.2748901722154268
2019-04-11,-0.9375951413591589
2019-04-12,-0.4061396627960959
2019-04-15,0.03194162028316053
2019-04-16,-0.7641543173376882
2019-04-17,-0.07500024991096821
2019-04-18,0.29870754697525825
2019-04-22,-0.24032693456784887
2019-04-23,0.0024231979203182684
2019-04-24,0.5521142704870711
2019-04-25,-0.031341479839915656
2019-04-26,0.5007048813657123
2019-04-29,-0.5429805782656287
2019-04-30,0.40832238246056557
2019-05-01,-0.12384664430415511
2019-05-02,-0.43006329147281364
2019-05-03,0.4369632115773198
2019-05-06,0.20358951652445292
2019-05-07,0.5470989371581142
2019-05-08,-0.34039720115178884
2019-05-09,0.3243484013289661
2019-05-10,0.026824563766723306
2019-05-13,0.8993202215117112
2019-05-14,-0.2330194308069145
2019-05-15,0.27814915208420876
2019-05-16,-0.5273818802429614
2019-05-17,-0.242807172307251
2019-05-20,-0.10738177857446632
2019-05-21,-0.19577250536754756
2019-05-22,0.23665402666070745
2019-05-23,0.9446229378157839
2019-05-24,0.09667266543838847
2019-05-28,0.1661207665692249
2019-05-29,0.16792837765762558
2019-05-30,0.7661898524714239
2019-05-31,1.2914422970082784
2019-06-03,1.0505372237779738
2019-06-04,-0.5556123214325293
2019-06-05,-0.1548592440589772
2019-06-06,0.3241528472677499
2019-06-07,0.7120636743921082
2019-06-10,-0.9730010782568028
2019-06-11,-0.029209808279876265
2019-06-12,0.2974488136341527
2019-06-13,0.47702129279539707
2019-06-14,0.10998271976647377
2019-06-17,0.05585536638889093
2019-06-18,0.502328116292782
2019-06-19,0.3739244040955937
2019-06-20,1.3813740245080912
2019-06-21,-0.2177996447144278
2019-06-24,1.109189881704389
2019-06-25,0.25157369474769137
2019-06-26,-0.7813130530745813
2019-06-27,0.30300447805525754
2019-06-28,0.10162356399811345
2019-07-01,-1.091361929317611
2019-07-02,1.4431825534236082
2019-07-03,0.43795754764668116
2019-07-05,-1.2281855465822453
2019-07-08,-0.25395822753529473
2019-07-09,0.1561907738453043
2019-07-10,0.5127090652192307
2019-07-11,-1.0956866101974219
2019-07-12,0.3696989829446641
2019-07-15,0.28757486557003414
2019-07-16,-0.5736392033598141
2019-07-17,1.3539244826523722
2019-07-18,0.707190723001792
2019-07-19,-0.8574535238652882
2019-07-22,0.08742824820801894
2019-07-23,-0.55704587563974
2019-07-24,0.47040934942935414
2019-07-25,-0.594268289042057
2019-07-26,0.2004267413936148
2019-07-29,0.34758491202105957
2019-07-30,0.2885040440070194
2019-07-31,-0.2539189707384244
2019-08-01,2.1703826826352164
2019-08-02,0.27108651921347154
2019-08-05,1.5514228032646347
2019-08-06,0.8028382121963153
2019-08-07,0.7743144543609579
2019-08-08,0.3582439848002334
2019-08-09,-0.26595151627697866
2019-08-12,1.5158897249027905
2019-08-13,-0.4704423721838062
2019-08-14,1.457854787816029
2019-08-15,0.8847728136056228
2019-08-16,-0.7231936391000288
2019-08-19,-1.3084642216698927
2019-08-20,0.9028964214015102
2019-08-21,-0.49270072947933724
2019-08-22,-0.46008037427752463
2019-08-23,1.7852034208437075
2019-08-26,-0.19538642803793144
2019-08-27,1.2412458564454143
2019-08-28,-0.07649313929034368
2019-08-29,-0.5491723833238032
2019-08-30,-0.11484149965748594
2019-09-03,0.757406589620444
2019-09-04,0.38613673091142087
2019-09-05,-2.128037109399285
2019-09-06,-0.07044171178270131
2019-09-09,-1.0808020891348364
2019-09-10,-1.3128719289931101
2019-09-11,0.21411183758567415
2019-09-12,-0.22497323291676288
2019-09-13,-1.4930177254717802
2019-09-16,1.0490877661608233
2019-09-17,0.36957472525957097
2019-09-18,-0.10216048353039614
2019-09-19,0.352338510689567
2019-09-20,1.2438122751222584
2019-09-23,0.26887068662890634
2019-09-24,0.8633089700004164
2019-09-25,-1.6725169937279885
2019-09-26,0.30705539258971676
2019-09-27,-0.134628944837362
2019-09-30,-0.655778140082791
2019-10-01,0.4232753209938319
2019-10-02,0.7033365763371365
2019-10-03,0.6803239249183353
2019-10-04,0.36850121674268843
2019-10-07,-0.8443588965809709
2019-10-08,0.57021571128567
2019-10-09,-0.23689807094731274
2019-10-10,-1.1882290762950638
2019-10-11,-0.8998652401426025
2019-10-14,0.5615346920102763
2019-10-15,-0.9575185452721156
2019-10-16,0.34673630682232753
2019-10-17,-0.05029845932929899
2019-10-18,-0.05335108138602984
2019-10-21,-0.6165255503027105
2019-10-22,0.4380487867782304
2019-10-23,0.1677742260915372
2019-10-24,0.25511365798237523
2019-10-25,-0.1277609036831363
2019-10-28,-0.888747176646836
2019-10-29,-0.10592013845265298
2019-10-30,1.0011874360184478
2019-10-31,1.167610505104235
2019-11-01,-0.10835029718400166
2019-11-04,-0.8051134420191128
2019-11-05,-1.3808005298522008
2019-11-06,0.5157487097119798
2019-11-07,-1.6962987009070316
2019-11-08,-0.5299910948028831
2019-11-11,-0.0867790822617566
2019-11-12,0.3639490263364213
2019-11-13,0.5231589907202002
2019-11-14,0.7240571084360494
2019-11-15,-0.1808677045232425
2019-11-18,0.2387760253524464
2019-11-19,0.4409282207459396
2019-11-20,0.5411554722649163
2019-11-21,-0.5885327706844223
2019-11-22,-0.02976822017548822
2019-11-25,-0.09311023432442042
2019-11-26,0.531524168630281
2019-11-27,-0.4111020937591374
2019-11-29,0.2034032219770503
2019-12-02,-0.6944289711636618
2019-12-03,1.5158202742778863
2019-12-04,-0.5691766024543223
2019-12-05,-0.21464326272144005
2019-12-06,-0.776138268168054
2019-12-09,0.09382343116618509
2019-12-10,0.1452546433713168
2019-12-11,0.7346267397081403
2019-12-12,-1.0043007701453086
2019-12-13,0.7991401268250092
2019-12-16,-0.4541311349056023
2019-12-17,-0.07978799658507099
2019-12-18,-0.40782565037772334
2019-12-19,0.20925081799346157
2019-12-20,0.11609992620144445
2019-12-23,0.08089600074275331
2019-12-24,0.6126068505556523
2019-12-26,0.5121517613800044
2019-12-27,0.037091618388421566
2019-12-30,-0.07668807985549189
2019-12-31,-0.3958254758896616
2020-01-02,0.9277344130317573
2020-01-03,1.4232784072263587
2020-01-06,0.24022655644059981
2020-01-07,-0.04905235910227424
2020-01-08,-0.7080985560484213
2020-01-09,-0.10712792409465557
2020-01-10,0.7430821756504293
2020-01-13,-0.5240350254717266
2020-01-14,0.21239663875578305
2020-01-15,0.6213722936074998
2020-01-16,-0.23628326445091313
2020-01-17,-0.3357168421036831
2020-01-21,0.578199508647228
2020-01-22,0.19249854745788542
2020-01-23,0.4614484309002272
2020-01-24,0.6942673638049984
2020-01-27,1.1128112665092398
2020-01-28,-0.8414647549822654
2020-01-29,0.756986642359867
2020-01-30,0.010301082274570317
2020-01-31,0.74333939460539
2020-02-03,-0.36597582813029694
2020-02-04,-1.3326165660616203
2020-02-05,-0.48645525555877445
2020-02-06,0.49354464672581033
2020-02-07,0.7533507199940924
2020-02-10,0.2667008883414291
2020-02-11,-0.42504401418931453
2020-02-12,-0.29437233090260817
2020-02-13,0.4753439365771063
2020-02-14,0.4268982562181437
2020-02-18,0.9785554033499412
2020-02-19,0.2877300737059979
2020-02-20,0.5941200779558213
2020-02-21,1.2109509980714748
2020-02-24,1.1885768677011956
2020-02-25,-0.6294670767396979
2020-02-26,-0.04629851698475552
2020-02-27,0.5506584496897466
2020-02-28,-0.6979058602260272
2020-03-02,-0.09160567853070968
2020-03-03,2.3208378793072977
2020-03-04,-0.4441543281959439
2020-03-05,2.298006144697668
2020-03-06,2.5874844556890824
2020-03-09,1.4274175880244833
2020-03-10,-3.6850394073659336
2020-03-11,-2.038520018025578
2020-03-12,-1.698929641495262
2020-03-13,-2.6918839099310854
2020-03-16,2.6310507428029344
2020-03-17,-2.692299680550624
2020-03-18,-3.891451056379295
2020-03-19,0.4151052357741561
2020-03-20,4.41080851861351
2020-03-23,4.180876857713037
2020-03-24,1.48469584974381
2020-03-25,-0.801229948541898
2020-03-26,0.883289679272327
2020-03-27,1.0065239451079309
2020-03-30,-0.19158736882972446
2020-03-31,-2.0184176988356475
2020-04-01,1.1665077474656187
2020-04-02,1.13056410243863
2020-04-03,0.36516455154434074
2020-04-06,1.2471344749812
2020-04-07,-0.7944823886698892
2020-04-08,-0.8124945420034865
2020-04-09,1.3873775620105369
2020-04-13,0.3997299613780989
2020-04-14,0.38045545817484766
2020-04-15,1.0636872996534141
2020-04-16,0.5232288099282322
2020-04-17,-1.6547198948417565
2020-04-20,0.7556929008671551
2020-04-21,0.2878880598823497
2020-04-22,0.47160305944094594
2020-04-23,0.7602792732641913
2020-04-24,-0.09699172937815706
2020-04-27,-1.2707646453034147
2020-04-28,0.35213695778747933
2020-04-29,0.01722220044871977
2020-04-30,-1.500864134489352
2020-05-01,0.7340039475805267
2020-05-04,-0.05998917969473083
2020-05-05,-0.10804282241499899
2020-05-06,-1.4601596312177623
2020-05-07,1.5901269132893932
2020-05-08,-0.9550735246061433
2020-05-11,-0.7044816401014824
2020-05-12,0.705195751028069
2020-05-13,0.8275286121746578
2020-05-14,0.9275547194860237
2020-05-15,0.15340811665312445
2020-05-18,-1.486927161932001
2020-05-19,0.6673730457795154
2020-05-20,0.26803715962622904
2020-05-21,-0.6057727084497349
2020-05-22,0.5948893541671351
2020-05-26,-1.3908889377458333
2020-05-27,-0.0017131542444955323
2020-05-28,-0.01650838210508205
2020-05-29,0.7224177677507636
2020-06-01,-0.10652752899540797
2020-06-02,-0.506905130048106
2020-06-03,-1.600103437223034
2020-06-04,-0.19784743197432314
2020-06-05,-1.379383493304214
2020-06-08,0.7306062202767583
2020-06-09,1.044575014878801
2020-06-10,1.4470466654793344
2020-06-11,0.5826396662285255
2020-06-12,-0.4120868728680594
2020-06-15,-0.06145497324333937
2020-06-16,-0.7944487853218657
2020-06-17,0.3014403641611607
2020-06-18,0.43006038627069104
2020-06-19,0.5899545225014847
2020-06-22,0.3287504712816074
2020-06-23,0.07920237215518913
2020-06-24,0.3614134633876511
2020-06-25,0.11396295590376669
2020-06-26,0.7554489751437662
2020-06-29,-0.13038918734935692
2020-06-30,-0.02080289721544068
2020-07-01,-0.3216686499686782
2020-07-02,0.15993348369275512
2020-07-06,0.0945709475577648
2020-07-07,1.013192269252888
2020-07-08,0.11076546884809342
2020-07-09,0.6587405187798984
2020-07-10,-0.38167198636301075
2020-07-13,0.22711741158880838
2020-07-14,0.3046096528960893
2020-07-15,-0.1894639165816556
2020-07-16,-0.23539162931245292
2020-07-17,0.30674929869246975
2020-07-20,0.3632257438045115
2020-07-21,0.6304786756704363
2020-07-22,0.9054422327900651
2020-07-23,1.0201149817778623
2020-07-24,0.4250859389658197
2020-07-27,0.7988951429464021
2020-07-28,0.7601032302348542
2020-07-29,0.2899286246917843
2020-07-30,-0.04056982122858714
2020-07-31,0.42135917716177496
2020-08-03,-0.1952937214589299
2020-08-04,1.528725947514709
2020-08-05,0.027029218452192486
2020-08-06,0.9385425672572435
2020-08-07,-1.1339108353352312
2020-08-10,-0.3974522570988074
2020-08-11,-3.333928084959617
2020-08-12,-0.690566168916108
2020-08-13,0.6443624929183824
2020-08-14,-0.41166132738188815
2020-08-17,1.2030740003616485
2020-08-18,0.8047612649471056
2020-08-19,-1.9089686299052122
2020-08-20,0.794498774206171
2020-08-21,-0.10097408724460546
2020-08-24,-0.36481407806558874
2020-08-25,-0.322435526851766
2020-08-26,0.3983419306742916
2020-08-27,-1.4388657404585787
2020-08-28,0.8283650786249933
2020-08-31,0.45035746571239704
2020-09-01,0.6294168325731627
2020-09-02,-0.18072397640781623
2020-09-03,-0.2634890662690848
2020-09-04,-0.8147304316388219
2020-09-08,0.21065000474886245
2020-09-09,0.35044490872323597
2020-09-10,0.09296703178162308
2020-09-11,0.10381848285460554
2020-09-14,0.39084052826441745
2020-09-15,-0.24155001444653898
2020-09-16,-0.00760060017480585
2020-09-17,-0.12175084541382701
2020-09-18,-0.08985476286600087
2020-09-21,-0.7534988143480369
2020-09-22,-0.2822332798544176
2020-09-23,-1.0185317781359131
2020-09-24,0.37672720981189844
2020-09-25,-0.14260048420438148
2020-09-28,0.36005135140308464
2020-09-29,0.4781871339735827
2020-09-30,-0.7825280114131224
2020-10-01,0.5270771754483586
2020-10-02,-0.23174341256832504
2020-10-05,-0.7360102608680604
2020-10-06,-0.31909892824396385
2020-10-07,-0.38793480856858686
2020-10-08,0.4467087901067351
2020-10-09,0.8947205884591396
2020-10-12,0.01569290441191954
2020-10-13,-0.4293244500700088
2020-10-14,0.2687391946944624
2020-10-15,0.09590543904943924
2020-10-16,-0.3127604349038722
2020-10-19,-0.16389911649108344
2020-10-20,-0.2350208184099441
2020-10-21,0.20369011853983765
2020-10-22,-1.0150284632694284
2020-10-23,0.25218794180519194
2020-10-26,0.43899953034420214
2020-10-27,0.46598441180449995
2020-10-28,-0.7633499883760118
2020-10-29,-0.6950108027424317
2020-10-30,-0.26558037005378177
2020-11-02,0.856074214365252
2020-11-03,-0.006198981878576551
2020-11-04,1.0511234701923822
2020-11-05,1.2285110733819427
2020-11-06,-0.5345841890955364
2020-11-09,-3.3187760524788343
2020-11-10,-0.12277259815327093
2020-11-11,-0.03589216951633961
2020-11-12,1.147311962187184
2020-11-13,0.2743119745529935
2020-11-16,-0.123014778918272
2020-11-17,0.1428268856261725
2020-11-18,-0.14137448657376406
2020-11-19,0.16326672341279144
2020-11-20,0.5930121770031019
2020-11-23,-1.2211994658909655
2020-11-24,-1.2720881076104333
2020-11-25,-0.1776375771442435
2020-11-27,-0.022101330729399387
2020-11-30,-0.3969355636543128
2020-12-01,0.31523954736328563
2020-12-02,-0.02074142081542349
2020-12-03,0.7937095515271757
2020-12-04,-0.8789200585299546
2020-12-07,1.1896329394044427
2020-12-08,0.409833365776387
2020-12-09,-1.025198898798312
2020-12-10,0.3469286453073784
2020-12-11,0.2695556201893923
2020-12-14,-0.414795109869658
2020-12-15,0.5307492664733846
2020-12-16,0.14277150122915352
2020-12-17,0.39295485625947024
2020-12-18,-0.23501539834973859
2020-12-21,0.039601688362398524
2020-12-22,-0.13722508587214444
2020-12-23,-0.013057220128842676
2020-12-24,0.39634954369778436
2020-12-28,-0.15933301001006916
2020-12-29,0.11851248768574162
2020-12-30,0.489707151421762
2020-12-31,0.25840745989586206
2021-01-04,1.047147329460384
2021-01-05,-0.22350114471528065
2021-01-06,-1.8555517244526185
2021-01-07,-0.5590255270769746
2021-01-08,-1.8895904749278942
2021-01-11,-0.18086516258695243
2021-01-12,0.28360560855442857
2021-01-13,0.34711329355203846
2021-01-14,-0.4955842382818822
2021-01-15,-0.42285107614717643
2021-01-19,0.5832970946454069
2021-01-20,0.8596300898546683
2021-01-21,-0.3829935464822546
2021-01-22,-0.23210210018856317
2021-01-25,0.6304267894540421
2021-01-26,-0.2181093865878267
2021-01-27,-0.18985216532394344
2021-01-28,-0.23025429591072183
2021-01-29,-0.3216047747674122
2021-02-01,0.5258333551610807
2021-02-02,-0.9351027011096888
2021-02-03,-0.5205377025704083
2021-02-04,-1.2175472511124692
2021-02-05,0.0749343046323419
2021-02-08,0.720437388260239
2021-02-09,0.20005362203957275
2021-02-10,0.5143857676655053
2021-02-11,-0.7104857576992936
2021-02-12,-0.7758361465808472
2021-02-16,-1.4900604299840743
2021-02-17,-0.250433135031532
2021-02-18,-0.20556154028137621
2021-02-19,-0.4582255438214136
2021-02-22,0.367389464682525
2021-02-23,-0.25953818009183743
2021-02-24,-0.3641514542194022
2021-02-25,-1.773002736026394
2021-02-26,0.4428284751511797
2021-03-01,-0.7496908968169178
2021-03-02,0.27557107866842057
2021-03-03,-1.0993795531773336
2021-03-04,-0.817671250762879
2021-03-05,0.12873743660798315
2021-03-08,-0.9112917103085465
2021-03-09,1.7411968170538912
2021-03-10,0.35445714694240515
2021-03-11,-0.40477203120849536
2021-03-12,-1.076142930577497
2021-03-15,0.5124937576864486
2021-03-16,-0.15480084898075658
2021-03-17,-0.016883207857282582
2021-03-18,-0.8000232712587649
2021-03-19,0.5177034021965012
2021-03-22,0.4855996560073535
2021-03-23,0.08628226585424166
2021-03-24,0.44116588687934294
2021-03-25,-0.5776199280593965
2021-03-26,-0.032834919074452795
2021-03-29,-1.0244406193001634
2021-03-30,-0.5943638680137937
2021-03-31,0.4782446795786176
2021-04-01,1.4506973164952635
2021-04-05,-0.23694610078564834
2021-04-06,0.7383266416388523
2021-04-07,-0.49035423794918226
2021-04-08,0.9459028274344536
2021-04-09,-0.5596002883515103
2021-04-12,-0.3255239399323813
2021-04-13,0.7263849635854916
2021-04-14,-0.3767990415428269
2021-04-15,1.6314520706183302
2021-04-16,-0.08596477920238658
2021-04-19,-0.28227203613446855
2021-04-20,0.40744743124599625
2021-04-21,0.5941518038851354
2021-04-22,-0.10601251087865096
2021-04-23,-0.3095856563095603
2021-04-26,0.060779971907420155
2021-04-27,-0.563583752613797
2021-04-28,0.17949995675788766
2021-04-29,-0.3550925161551777
2021-04-30,-0.05277948199519295
2021-05-03,0.6765989086840815
2021-05-04,-0.027185364968332928
2021-05-05,0.28914824905598246
2021-05-06,0.9121224939669402
2021-05-07,0.2030729790539568
2021-05-10,-0.35547136494870946
2021-05-11,-0.2746357726511456
2021-05-12,-1.027345915050114
2021-05-13,0.2824054346399456
2021-05-14,0.9191308909431138
2021-05-17,0.4750461560596206
2021-05-18,-0.030623566489475545
2021-05-19,-0.08668366281170706
2021-05-20,0.6377380760540968
2021-05-21,0.1828974881861037
2021-05-24,0.2728848935439699
2021-05-25,0.912643364620774
2021-05-26,-0.17331194200747713
2021-05-27,-0.18156935507194902
2021-05-28,0.10912096702632033
2021-06-01,-0.1458652926866213
2021-06-02,0.35963202833455726
2021-06-03,-1.1734407017240351
2021-06-04,1.2164652911646103
2021-06-07,0.04667685617507681
2021-06-08,0.196544675548276
2021-06-09,0.34497065850310143
2021-06-10,0.5133515122754477
2021-06-11,-0.645387588572486
2021-06-14,-0.6783025010780633
2021-06-15,-0.24939709042362188
2021-06-16,-0.8910623478607547
2021-06-17,-0.7915470947020871
2021-06-18,0.6607198190400098
2021-06-21,-0.2250378610020328
2021-06-22,-0.08752495965055616
2021-06-23,-0.16203941697649388
2021-06-24,0.050169282802853106
2021-06-25,-0.3541700690120004
2021-06-28,0.509753988192308
2021-06-29,-0.4426108181785711
2021-06-30,0.46428723632746066
2021-07-01,0.17467585907239436
2021-07-02,0.6276731878305448
2021-07-06,0.8306597158986649
2021-07-07,0.6312867034790783
2021-07-08,0.16318003469467168
2021-07-09,-0.5385716494023534
2021-07-12,-0.12695217581924434
2021-07-13,-0.3180922392115473
2021-07-14,1.0997930122837194
2021-07-15,0.5587045747309777
2021-07-16,-0.5811487631474226
2021-07-19,1.148826097328188
2021-07-20,-0.5483206530499267
2021-07-21,-0.8226765648318242
2021-07-22,0.5687850360001617
2021-07-23,-0.4923502021217229
2021-07-26,-0.2671714153920724
2021-07-27,0.6149446936042792
2021-07-28,0.25533037080982834
2021-07-29,0.277558015738556
2021-07-30,-0.15927908900997767
2021-08-02,0.3833964811864007
2021-08-03,-0.008843613383060136
2021-08-04,0.11456665328182987
2021-08-05,-0.45352014513507144
2021-08-06,-2.1066333029966877
2021-08-09,-1.0718189306509556
2021-08-10,-0.21565760246964558
2021-08-11,0.6563676204869895
2021-08-12,-0.06974879440217822
2021-08-13,1.4948663563608322
2021-08-16,0.3698786345998566
2021-08-17,-0.09492850584315293
2021-08-18,0.20666168449791184
2021-08-19,0.22141132157179239
2021-08-20,0.06021513011177839
2021-08-23,0.5740240787814617
2021-08-24,-0.41337718130298273
2021-08-25,-0.7651424041144501
2021-08-26,0.1950012239237305
2021-08-27,1.0857472890259516
2021-08-30,-0.1163764611829518
2021-08-31,-0.24023907708957526
2021-09-01,0.08667548729833158
2021-09-02,0.08564556005279556
2021-09-03,0.07994083775881565
2021-09-07,-1.4108533888939812
2021-09-08,0.2148193941832415
2021-09-09,0.8227927286135494
2021-09-10,-0.6961589141860638
2021-09-13,0.46965102301914313
2021-09-14,0.9237880353812674
2021-09-15,-0.4696813633263951
2021-09-16,-1.3705860858463532
2021-09-17,-0.31992209044826886
2021-09-20,0.972567996738906
2021-09-21,0.28998645398994105
2021-09-22,0.11147655501549392
2021-09-23,-1.721913148179231
2021-09-24,-0.5544433566161802
2021-09-27,-0.07970496668626412
2021-09-28,-1.272721165761867
2021-09-29,-0.1385809537059629
2021-09-30,0.8879530861904059
2021-10-01,0.5320066476596169
2021-10-04,0.10657007822575874
2021-10-05,-0.7182236249671696
2021-10-06,0.4148687339698467
2021-10-07,-0.789582626720795
2021-10-08,-0.3291426683687607
2021-10-11,-0.2214905945890423
2021-10-12,1.074898440402676
2021-10-13,1.366647293133919
2021-10-14,0.30763602822145575
2021-10-15,-1.0919267548262377
2021-10-18,0.11035748790098247
2021-10-19,-0.5304416959628864
2021-10-20,0.1006253712056007
2021-10-21,-0.10451343560364901
2021-10-22,0.8528564581929653
2021-10-25,0.2690349896913179
2021-10-26,0.04343401891601226
2021-10-27,1.0355471701490917
2021-10-28,-0.1812720453554656
2021-10-29,-0.2729349911675119
2021-11-01,-0.09902586369158198
2021-11-02,0.11439641748270588
2021-11-03,-0.9368352898204542
2021-11-04,1.0866535285053913
2021-11-05,1.3912210847093156
2021-11-08,0.08577850539720565
2021-11-09,0.893332119487481
2021-11-10,-0.3718988861042994
2021-11-11,0.20562748459668628
2021-11-12,-0.12491485573025796
2021-11-15,-0.7077275302585743
2021-11-16,-0.49005905002799494
2021-11-17,0.8494727622826189
2021-11-18,0.027572747095767527
2021-11-19,0.14548961212315265
2021-11-22,-1.72219417372459
2021-11-23,-1.1623087498260032
2021-11-24,0.7521322340627073
2021-11-26,1.1757021238021919
2021-11-29,-0.4719357309212589
2021-11-30,0.4231045935083522
2021-12-01,0.5065850151261868
2021-12-02,-0.21472827173204564
2021-12-03,1.0120816792156109
2021-12-06,-0.8130887452528108
2021-12-07,-0.22676923555181366
2021-12-08,-0.8407951579999613
2021-12-09,-0.025904989124565896
2021-12-10,0.09032282820329629
2021-12-13,0.8612880034676798
2021-12-14,-0.5879551734885827
2021-12-15,-0.26682101862203395
2021-12-16,0.6223839086582372
2021-12-17,0.4584657351747858
2021-12-20,-0.587875847540063
2021-12-21,-0.21156158424860289
2021-12-22,0.6989067316460666
2021-12-23,-0.321669151695773
2021-12-27,0.23927446484944184
2021-12-28,-0.41453004106011376
2021-12-29,-0.5626237271272124
2021-12-30,0.7751402105553789
2021-12-31,0.43866856377761987
2022-01-03,-2.103647998380595
2022-01-04,0.16028405760309633
2022-01-05,-0.4226792287227997
2022-01-06,-0.48393371770398946
2022-01-07,-0.13194301789470733
2022-01-10,0.27465103997447327
2022-01-11,0.9319512609361664
2022-01-12,-0.05943796083023664
2022-01-13,0.273803041559432
2022-01-14,-0.9035344601062574
2022-01-18,-0.7893446119347055
2022-01-19,1.1337492605397141
2022-01-20,0.18327507784772562
2022-01-21,0.4312516558709846
2022-01-24,-0.13616392878955397
2022-01-25,0.07909333723905473
2022-01-26,-1.423074634820415
2022-01-27,0.272841493639474
2022-01-28,-0.13178438588762983
2022-01-31,0.03772553680853542
2022-02-01,-0.12438697752411843
2022-02-02,0.3500142038588077
2022-02-03,-0.4624469413623581
2022-02-04,-0.6621851447332223
2022-02-07,0.4016728302955354
2022-02-08,-0.18160043944589596
2022-02-09,0.2637042227652586
2022-02-10,-0.9893232739137509
2022-02-11,1.6799439721958516
2022-02-14,-0.35516503308453085
2022-02-15,-1.0481056745271222
2022-02-16,0.8072987444295668
2022-02-17,1.0497847696839484
2022-02-18,0.4884892102267809
2022-02-22,0.23440021756150736
2022-02-23,-0.4648044136604354
2022-02-24,-0.2900008473729479
2022-02-25,-0.13007457759477908
2022-02-28,1.6013197471730665
2022-03-01,1.4753095394910354
2022-03-02,-2.2546682944418563
2022-03-03,0.8037139679350319
2022-03-04,1.6460203116857721
2022-03-07,0.3609959161133764
2022-03-08,0.861241062308454
2022-03-09,-1.9952647474703564
2022-03-10,-0.5639026484725135
2022-03-11,-0.18420967017993048
2022-03-14,-1.9398313263856253
2022-03-15,-1.0278250080872413
2022-03-16,0.8002186146351392
2022-03-17,-0.12833898953669742
2022-03-18,0.1709882276484304
2022-03-21,-0.7787877994614433
2022-03-22,-1.0082082160643606
2022-03-23,1.7630865297129168
2022-03-24,-0.02859907860000062
2022-03-25,-0.9024904369611064
2022-03-28,-0.4838795351636127
2022-03-29,0.3991572857827726
2022-03-30,0.7889051521246163
2022-03-31,0.14069617952223756
2022-04-01,-0.12804088837791822
2022-04-04,-0.10519687415560706
2022-04-05,-1.453364025631503
2022-04-06,-0.2879611174806898
2022-04-07,-0.18754663538197397
2022-04-08,-0.22851985893120533
2022-04-11,-0.5447392273826664
2022-04-12,0.3143313577341682
2022-04-13,0.3404816462317501
2022-04-14,-1.1743211756222824
2022-04-18,-0.09363120746156056
2022-04-19,-1.1366118056934158
2022-04-20,1.243300879659879
2022-04-21,-0.5493248158037924
2022-04-22,-0.8040348016005789
2022-04-25,-0.3992933032447054
2022-04-26,0.5779254410103891
2022-04-27,-1.0243780966971
2022-04-28,0.34381993417705653
2022-04-29,-0.6564773089162295
2022-05-02,-1.8099870551073913
2022-05-03,0.4684560052621462
2022-05-04,0.763703595924886
2022-05-05,-1.572793777529882
2022-05-06,-0.6561113164101939
2022-05-09,-0.2845137613570332
2022-05-10,0.03121282315886878
2022-05-11,1.3626293662405307
2022-05-12,-0.8636598873395459
2022-05-13,-1.1511280414109277
2022-05-16,0.42429588784546507
2022-05-17,-0.9224056601164571
2022-05-18,1.0865500082225648
2022-05-19,0.8509855946977953
2022-05-20,0.6005895478712574
2022-05-23,-0.5919493873327266
2022-05-24,1.3535239947390338
2022-05-25,-0.10384732299027376
2022-05-26,-0.3192180515676669
2022-05-27,0.14801126497694445
2022-05-31,-1.564959670252481
2022-06-01,0.260967711899475
2022-06-02,0.6392234965402372
2022-06-03,-0.6169978091593052
2022-06-06,-1.1489387101777966
2022-06-07,0.8621799886587799
2022-06-08,-0.4904693903533053
2022-06-09,0.007360584647801307
2022-06-10,0.35987237686130286
2022-06-13,-2.932152366130238
2022-06-14,-1.0361735514818047
2022-06-15,1.5729348247585861
2022-06-16,0.9545528225631603
2022-06-17,-0.2503292403310978
2022-06-21,-1.0398394736243806
2022-06-22,1.562008427020447
2022-06-23,0.10421848138426502
2022-06-24,-0.7448219762683558
2022-06-27,-0.483449438521475
2022-06-28,0.15046448739132207
2022-06-29,0.7393513533487678
2022-06-30,0.135161995865891
2022-07-01,0.4706735883986442
2022-07-05,-0.6698541812639373
2022-07-06,-1.6451384292291225
2022-07-07,-0.41311046140948904
2022-07-08,-0.5336295663404269
2022-07-11,0.5924329730499805
2022-07-12,0.1111888284512937
2022-07-13,0.8094222882705001
2022-07-14,-1.1164898872243456
2022-07-15,0.18081473689731095
2022-07-18,-0.4748684577592744
2022-07-19,-0.15048313961176385
2022-07-20,-0.33944667935922557
2022-07-21,1.5571390120420874
2022-07-22,0.9607027432194338
2022-07-25,-0.6281362126577615
2022-07-26,-0.020957702142712975
2022-07-27,0.22808451535562646
2022-07-28,1.0022729645666553
2022-07-29,0.00467125623441425
2022-08-01,1.4765908272553587
2022-08-02,-1.3641621754774111
2022-08-03,0.9050296160030502
2022-08-04,0.806982374984831
2022-08-05,-1.7680167383683048
2022-08-08,1.2230678503680112
2022-08-09,-0.041376966939570985
2022-08-10,-0.4531828174864779
2022-08-11,-1.3058813861588738
2022-08-12,0.9622935287328435
2022-08-15,-0.6889927487309863
2022-08-16,0.12030132566185996
2022-08-17,-0.8488849078506373
2022-08-18,-0.05673190273985544
2022-08-19,-1.17806762583547
2022-08-22,-0.5011737221768237
2022-08-23,0.07434762153438185
2022-08-24,-0.21873779317009442
2022-08-25,0.8463459399345695
2022-08-26,-0.23100905698268623
2022-08-29,-0.38349677537235
2022-08-30,-0.2931965972796469
2022-08-31,-0.8680790465719467
2022-09-01,-1.364176953190712
2022-09-02,0.7204821892613584
2022-09-06,-1.542248811182746
2022-09-07,1.2908413955106735
2022-09-08,-0.8162962653387335
2022-09-09,0.3745327442434679
2022-09-12,-0.1575770838430215
2022-09-13,-0.5356406198590832
2022-09-14,-0.02057288183650331
2022-09-15,-0.9710468930252456
2022-09-16,-0.13942184161964172
2022-09-19,0.1551227408499886
2022-09-20,-0.786904599542244
2022-09-21,1.064098601039742
2022-09-22,-1.3149087703846956
2022-09-23,-0.6617868489990428
2022-09-26,-1.5491339278378324
2022-09-27,-1.2214927408453542
2022-09-28,2.6772769791031106
2022-09-29,-0.26886198982791526
2022-09-30,-0.6443763126403425
2022-10-03,1.9900381472226254
2022-10-04,0.5751041258263524
2022-10-05,-0.7578665010381008
2022-10-06,-0.334785456933501
2022-10-07,-1.0389054285185606
2022-10-10,-1.5493275042598769
2022-10-11,0.11832449929302095
2022-10-12,0.5114829348043417
2022-10-13,-0.827917566562375
2022-10-14,-1.0408678486714047
2022-10-17,-0.0997018698094741
2022-10-18,0.22452793199773413
2022-10-19,-1.5928328077599994
2022-10-20,-0.938160016407058
2022-10-21,-0.009758937259795274
2022-10-24,-0.577051508155209
2022-10-25,1.5573442869096465
2022-10-26,1.0331822795870074
2022-10-27,0.4451285772169377
2022-10-28,-0.8579031091057563
2022-10-31,-0.7674116148777513
2022-11-01,0.9726899853306938
2022-11-02,-0.5672320369027116
2022-11-03,-0.46122224583744553
2022-11-04,0.6923800907116114
2022-11-07,-0.6993764287436374
2022-11-08,1.6873940589026186
2022-11-09,-0.0865613322982412
2022-11-10,3.38786368709268
2022-11-11,0.147005137746055
2022-11-14,-0.01320255203244455
2022-11-15,0.9800432077822494
2022-11-16,0.9738499816336597
2022-11-17,-0.894965136278941
2022-11-18,-0.6909432949410799
2022-11-21,-0.06875079775885051
2022-11-22,0.7653316061523193
2022-11-23,1.1767138179526455
2022-11-25,-0.12664630333516638
2022-11-28,-0.25459708912153256
2022-11-29,-0.3398373815847877
2022-11-30,1.0017795693681
2022-12-01,2.485390210235192
2022-12-02,0.454971425717675
2022-12-05,-1.5705693856533292
2022-12-06,0.7778420592601839
2022-12-07,1.6169272313821692
2022-12-08,-0.09499337600535782
2022-12-09,-1.1298549084558205
2022-12-12,-0.2534748400869186
2022-12-13,1.3279852198172604
2022-12-14,0.09188113145857743
2022-12-15,-0.6248262687121806
2022-12-16,-0.12318670682823897
2022-12-19,-0.9859795134172874
2022-12-20,-0.05815201025825257
2022-12-21,0.04285955411470675
2022-12-22,-0.6157757580757284
2022-12-23,-0.5848388679948296
2022-12-27,-0.5687492033590822
2022-12-28,-0.5212393043176563
2022-12-29,0.8439097548168741
2022-12-30,-0.322821889895157
2023-01-03,1.3633895181071725
2023-01-04,1.148962053179979
2023-01-05,-0.41437809231082023
2023-01-06,1.8381880746869979
2023-01-09,0.37777046830068
2023-01-10,-0.6457847826688164
2023-01-11,0.7752414059206817
2023-01-12,1.550413859300775
2023-01-13,0.13136749534785566
2023-01-17,-0.6525619853698763
2023-01-18,1.0623155385481249
2023-01-19,0.47929689098891337
2023-01-20,-0.9821509123816257
2023-01-23,-0.14066185495211952
2023-01-24,0.8959149136997829
2023-01-25,0.3508330106933772
2023-01-26,-0.6877406543304053
2023-01-27,-0.19603544151075344
2023-01-30,-0.3115482499140336
2023-01-31,0.5798647283692252
2023-02-01,1.2233860110320203
2023-02-02,-0.9776572699893354
2023-02-03,-2.0158745807716296
2023-02-06,-0.2667688171472436
2023-02-07,-0.35589336502806995
2023-02-08,0.3608845778528824
2023-02-09,-0.8730723636073896
2023-02-10,-0.4652110135460381
2023-02-13,0.16678541801848168
2023-02-14,-0.07744790181147658
2023-02-15,-0.9691626405300721
2023-02-16,-0.752182186106106
2023-02-17,0.5367134893956167
2023-02-21,-1.1654825405176947
2023-02-22,0.17673452921067376
2023-02-23,0.4610019683135439
2023-02-24,-1.0148999588928964
2023-02-27,0.33410043111889065
2023-02-28,0.45393680836876915
2023-03-01,-0.24885660051393
2023-03-02,-0.47376382414265616
2023-03-03,1.7323655152308808
2023-03-06,-0.6419365476679867
2023-03-07,-0.5690037155607197
2023-03-08,0.025426780362274713
2023-03-09,0.6133437851553638
2023-03-10,2.763897427704609
2023-03-13,1.2531720979820373
2023-03-14,-1.1178380119661218
2023-03-15,1.3466179051000717
2023-03-16,-0.2905680527265437
2023-03-17,2.182474037811099
2023-03-20,-0.4217280608217128
2023-03-21,-1.3828805708092893
2023-03-22,1.5063052243631911
2023-03-23,0.6249519054258024
2023-03-24,-0.35176778968616856
2023-03-27,-1.6509357440923034
2023-03-28,0.4992490347495436
2023-03-29,-0.34910722146444717
2023-03-30,0.6797402995695592
2023-03-31,0.48724493754797976
2023-04-03,0.5936127571942273
2023-04-04,1.1737095628725027
2023-04-05,0.48168006589567697
2023-04-06,-0.22763401655899107
2023-04-10,-1.183201127999376
2023-04-11,0.4181985662298937
2023-04-12,0.192649968261025
2023-04-13,0.2824595774251518
2023-04-14,-1.3519540445170741
2023-04-17,-0.8208283560815594
2023-04-18,0.371522005204044
2023-04-19,-0.2873200500367038
2023-04-20,0.6224453824472552
2023-04-21,-0.7783724082025479
2023-04-24,0.633656180596219
2023-04-25,0.9846840524779896
2023-04-26,-0.8080395619162493
2023-04-27,-0.4946355193940725
2023-04-28,0.8167180059641861
2023-05-01,-1.6803330806696364
2023-05-02,2.186733857197488
2023-05-03,0.7005896683606968
2023-05-04,-0.14238133554870064
2023-05-05,-0.9532141634786727
2023-05-08,-0.641452468754711
2023-05-09,0.17528233827730424
2023-05-10,0.41292950827396474
2023-05-11,0.09940087308492807
2023-05-12,-0.5052306355029936
2023-05-15,-0.411668704218099
2023-05-16,-0.7781935296073975
2023-05-17,-0.31941034403958785
2023-05-18,-1.024313574585051
2023-05-19,0.1412769576559546
2023-05-22,-0.29555681074773393
2023-05-23,0.2037666092474836
2023-05-24,-0.6529860528292404
2023-05-25,-0.6070953112258034
2023-05-26,0.6018259424440717
2023-05-30,0.805833762495464
2023-05-31,0.5114523891964919
2023-06-01,0.589329832440697
2023-06-02,-1.2936119561242834
2023-06-05,0.2076627048247241
2023-06-06,0.34900754769688846
2023-06-07,-1.3518370605080356
2023-06-08,1.2377252653366917
2023-06-09,-0.2030207407152281
2023-06-12,0.10318560792285442
2023-06-13,-0.8661521551008685
2023-06-14,0.426940867169098
2023-06-15,0.8283896558225902
2023-06-16,-0.27150850879206434
2023-06-20,-0.17166984034039273
2023-06-21,0.04865459102995129
2023-06-22,-1.1054432330572643
2023-06-23,0.6343180312485527
2023-06-26,0.14012124712645516
2023-06-27,-0.36085106295903585
2023-06-28,0.09783545468559074
2023-06-29,-0.9606088218602491
2023-06-30,0.9186609290243296
2023-07-03,-0.22760246165387543
2023-07-05,-0.6537593452246266
2023-07-06,-0.8598611462246519
2023-07-07,0.07407728459570845
2023-07-10,0.10472889140686321
2023-07-11,0.4434239547127626
2023-07-12,1.2260873447435716
2023-07-13,0.5597994043792189
2023-07-14,-0.45480367567822066
2023-07-17,0.06049919206437851
2023-07-18,0.7965850663577575
2023-07-19,0.5713642893242025
2023-07-20,-0.8639799225578065
2023-07-21,-0.13858122010740748
2023-07-24,-0.3967053145300237
2023-07-25,0.18449641455444526
2023-07-26,0.2929513972909112
2023-07-27,-1.7738906851879652
2023-07-28,0.6537187579168805
2023-07-31,0.25463793325810424
2023-08-01,-1.34660310295967
2023-08-02,-0.7762464340892754
2023-08-03,-1.177162502683865
2023-08-04,1.060977231037195
2023-08-07,-0.6077004499048758
2023-08-08,0.26325837865982543
2023-08-09,0.02065195620590216
2023-08-10,-0.8804282666135489
2023-08-11,-0.11513071821787563
2023-08-14,-0.26246443494049265
2023-08-15,-0.4384410457018635
2023-08-16,-0.6823290787239162
2023-08-17,-0.2904469539039422
2023-08-18,0.1849624437348819
2023-08-21,-0.5310438650017708
2023-08-22,0.46510419539679965
2023-08-23,1.7320159071148946
2023-08-24,-0.34152640676117585
2023-08-25,0.09860053925490944
2023-08-28,0.19587075435136303
2023-08-29,1.0026672094002917
2023-08-30,0.07316603353191191
2023-08-31,0.14017690666251217
2023-09-01,-0.7567743113471531
2023-09-05,-1.1153931905179855
2023-09-06,-0.10379676410898421
2023-09-07,0.19190128568523143
2023-09-08,0.20810285642174614
2023-09-11,-0.267991783315182
2023-09-12,0.03036429318210563
2023-09-13,-0.12619840883478242
2023-09-14,-0.3360667944132418
2023-09-15,0.025482840741367627
2023-09-18,0.5777746455081344
2023-09-19,-0.41725984158077045
2023-09-20,0.1923170516061157
2023-09-21,-1.65981543915781
2023-09-22,0.5609161092289636
2023-09-25,-1.4991551522104214
2023-09-26,-0.5750075195731248
2023-09-27,-0.8810138345555915
2023-09-28,-0.09720475478414138
2023-09-29,-0.5094068995541284
2023-10-02,-1.371325503107076
2023-10-03,-1.2274903875095127
2023-10-04,0.6970508654503107
2023-10-05,-0.34148192553250284
2023-10-06,-0.34881055201558864
2023-10-09,2.0711715359410725
2023-10-10,-0.1531642775557097
2023-10-11,1.3996215988406608
2023-10-12,-1.5203774676211943
2023-10-13,2.4712508069128374
2023-10-16,-1.0534776906316525
2023-10-17,-0.45938464191565664
2023-10-18,0.2832557751000834
2023-10-19,-0.41082645113759697
2023-10-20,0.41959606146010353
2023-10-23,0.43088427860253126
2023-10-24,0.6512419257960351
2023-10-25,-0.9067125281323656
2023-10-26,0.8422989965483108
2023-10-27,0.3683503978913194
2023-10-30,-0.5085068519384142
2023-10-31,-0.5182347233397278
2023-11-01,0.9223123715133652
2023-11-02,1.297577356928529
2023-11-03,0.5195272500966628
2023-11-06,-0.8784758141940723
2023-11-07,0.528827943665221
2023-11-08,0.3526950488034678
2023-11-09,-0.9554716418329026
2023-11-10,-0.2658327296601232
2023-11-13,0.16474031519166
2023-11-14,1.5670047658980786
2023-11-15,-0.8369825319950954
2023-11-16,1.1786596836904748
2023-11-17,0.22862195278143127
2023-11-20,0.22348243117508143
2023-11-21,0.5165063957780236
2023-11-22,-0.03642535849425346
2023-11-24,-0.32922131029163426
2023-11-27,1.1652673627491683
2023-11-28,0.7622487932890689
2023-11-29,0.700062688489685
2023-11-30,-0.7890621072634232
2023-12-01,1.7891666160441564
2023-12-04,-1.2878679379757934
2023-12-05,0.8814122732972625
2023-12-06,0.8466419400787665
2023-12-07,-0.2045375723760472
2023-12-08,-1.0820118289366023
2023-12-11,-0.6600871281550202
2023-12-12,0.12109788427612425
2023-12-13,2.275163891933088
2023-12-14,1.5812084170626364
2023-12-15,-0.40361457332581885
2023-12-18,-0.17126466697002035
2023-12-19,0.6082835043984215
2023-12-20,0.06643946797306646
2023-12-21,0.03712993571673009
2023-12-22,-0.0057179259171955986
2023-12-26,0.5218339213439435
2023-12-27,1.1067313858387189
2023-12-28,-0.6560642040872368
2023-12-29,-0.5307418263755541
2024-01-02,-0.40676478741394007
2024-01-03,-0.20853039187446915
2024-01-04,-0.7120185452910375
2024-01-05,-0.4714770471473507
2024-01-08,0.1024319323630118
2024-01-09,-0.3032831839060958
2024-01-10,-0.34787863781597816
2024-01-11,0.3786933919567656
2024-01-12,0.3906950217497758
2024-01-16,-1.3643169789034004
2024-01-17,-0.6318753763027112
2024-01-18,-0.05313650203671388
2024-01-19,0.3088806340308753
2024-01-22,0.10862233177874434
2024-01-23,-0.20142933249323006
2024-01-24,-0.7077067163578135
2024-01-25,0.5238520024219924
2024-01-26,-0.1306164734441566
2024-01-29,0.9244533041876255
2024-01-30,0.5209708406875021
2024-01-31,0.45287040142649776
2024-02-01,1.4896811609274583
2024-02-02,-1.5896542129851754
2024-02-05,-1.2937321614154167
2024-02-06,0.7471296356754468
2024-02-07,-0.25557200019559523
2024-02-08,-0.3363754350609054
2024-02-09,-0.2952694596462484
2024-02-12,-0.0720116184383271
2024-02-13,-1.55826346162228
2024-02-14,0.22440603724037356
2024-02-15,0.5930067860084204
2024-02-16,-0.10632646846092167
2024-02-20,0.34573108032254546
2024-02-21,-0.353415466236561
2024-02-22,0.26508237559399045
2024-02-23,0.9473977870486001
2024-02-26,-0.26082610798441475
2024-02-27,-0.4065458910214129
2024-02-28,0.4070418163536824
2024-02-29,0.6085173214831598
2024-03-01,1.2492662027829147
2024-03-04,0.6057750710228372
2024-03-05,1.0079963353811565
2024-03-06,0.7017134113489698
2024-03-07,0.23702611836610749
2024-03-08,0.33344766956577865
2024-03-11,0.06561010327991999
2024-03-12,-0.9697770059265803
2024-03-13,0.10789357291865662
2024-03-14,-0.9813907334392266
2024-03-15,-0.1760201235672978
2024-03-18,-0.07054670479655296
2024-03-19,0.08278084071560621
2024-03-20,0.577767041012964
2024-03-21,0.05570645818979833
2024-03-22,0.07695743623489681
2024-03-25,-0.09037535721864505
2024-03-26,0.30027684164417795
2024-03-27,0.8542720853511333
2024-03-28,0.6009341028431664
2024-04-01,-0.4225172461814148
2024-04-02,0.46200940959099274
2024-04-03,0.42684757415162417
2024-04-04,0.07185434215982439
2024-04-05,0.15964167067629337
2024-04-08,0.30546865551195834
2024-04-09,0.7372353354302229
2024-04-10,-1.575196898008914
2024-04-11,0.7416805606144831
2024-04-12,-0.3955335173964912
2024-04-15,0.16056399995365772
2024-04-16,-0.2711402240592463
2024-04-17,0.18634199737435447
2024-04-18,-0.08128028160120906
2024-04-19,0.33613948522370235
2024-04-22,-1.328039479228306
2024-04-23,-0.10613776679618644
2024-04-24,-0.44782841996408057
2024-04-25,-0.052496278067758965
2024-04-26,0.4232024855851553
2024-04-29,0.317261582807613
2024-04-30,-1.4341554288406446
2024-05-01,0.8182831535030438
2024-05-02,0.06018221504850449
2024-05-03,0.4649976508825431
2024-05-06,0.7181304750148392
2024-05-07,0.07485449172784625
2024-05-08,-0.4511199505164489
2024-05-09,1.0275492862894102
2024-05-10,0.12419558415733795
2024-05-13,-0.4334415047393429
2024-05-14,0.7028604268445358
2024-05-15,1.3156062026089212
2024-05-16,-0.24380945742945442
2024-05-17,0.4867745814658511
2024-05-20,0.05347640239758278
2024-05-21,0.18424553633514207
2024-05-22,-0.8623648612899146
2024-05-23,-1.3276991210905194
2024-05-24,0.1943314015980505
2024-05-28,-0.19131508758386212
2024-05-29,-1.076019778610659
2024-05-30,0.5764188117803156
2024-05-31,0.046282351915054594
2024-06-03,1.246805949402047
2024-06-04,0.1350964083348875
2024-06-05,0.9546199511481791
2024-06-06,0.29414645294558855
2024-06-07,-2.73861435384939
2024-06-10,0.12500112419567105
2024-06-11,0.657764867146413
2024-06-12,0.5074967759703648
2024-06-13,0.32692397850187804
2024-06-14,1.0630598512054699
2024-06-17,-0.7589149450846002
2024-06-18,0.6569715991045512
2024-06-20,0.29077690469885087
2024-06-21,-0.7776779972782499
2024-06-24,0.39927211934672374
2024-06-25,-0.1634305251543664
2024-06-26,-1.1826613859619588
2024-06-27,0.7625383655402405
2024-06-28,-0.9299391300153275
2024-07-01,-0.7354075974012986
2024-07-02,0.3862010618429211
2024-07-03,1.2129328009629747
2024-07-05,1.0823917570682873
2024-07-08,-0.513377879534838
2024-07-09,-0.13630229290748258
2024-07-10,0.3394466389183685
2024-07-11,1.363092899668463
2024-07-12,0.18228455129181634
2024-07-15,-0.4143376669957905
2024-07-16,1.6873415865859605
2024-07-17,-0.22178973847174077
2024-07-18,-0.7037381409228403
2024-07-19,-1.1982486974709323
2024-07-22,-0.12959052222232897
2024-07-23,0.10563067601648446
2024-07-24,-0.7182176449192214
2024-07-25,-0.3731784078423027
2024-07-26,0.9127054599435038
2024-07-29,0.19839357201421587
2024-07-30,0.6894326961027641
2024-07-31,1.4070451679398208
2024-08-01,0.25874850006486677
2024-08-02,1.4522455792507079
2024-08-05,-0.3707337902439494
2024-08-06,-1.5301057182095874
2024-08-07,-0.38672375889454735
2024-08-08,0.47567757267677513
2024-08-09,0.6139550768045537
2024-08-12,1.0336706230465575
2024-08-13,0.26977930984561016
2024-08-14,-0.09430990697209764
2024-08-15,-0.24687352169019242
2024-08-16,1.286157938275164
2024-08-19,0.14889603623842473
2024-08-20,0.5802178994308667
2024-08-21,-0.03628352254285782
2024-08-22,-1.1010920465494527
2024-08-23,0.9009726599689566
2024-08-26,0.03241104962380078
2024-08-27,0.048714764136338906
2024-08-28,-0.41343896955987147
2024-08-29,0.09533468356494926
2024-08-30,-0.8934386868810528
2024-09-03,0.5997742096901645
2024-09-04,0.672619829942466
2024-09-05,0.6969923912770948
2024-09-06,-0.37585731331034494
2024-09-09,0.42533751744980386
2024-09-10,0.5686144245430196
2024-09-11,-0.1193271134586162
2024-09-12,0.6427246905768306
2024-09-13,0.6300016344620608
2024-09-16,0.4529106975128375
2024-09-17,-0.5196860394960363
2024-09-18,-1.0103995443259663
2024-09-19,0.6095059037568428
2024-09-20,0.4431234567889445
2024-09-23,-0.009171810594237407
2024-09-24,0.6859674312346474
2024-09-25,-0.4858814938018647
2024-09-26,0.37120511356937724
2024-09-27,-0.13683014851129788
2024-09-30,-0.6404352968629649
2024-10-01,0.8816593011305002
2024-10-02,-0.4120208862671015
2024-10-03,-0.5069105338543943
2024-10-04,-0.717409842159074
2024-10-07,-0.5476608884718148
2024-10-08,-0.2846392208180724
2024-10-09,-0.5581073698523502
2024-10-10,0.1711493073945878
2024-10-11,0.3431138675754709
2024-10-14,-0.04414347198392595
2024-10-15,0.778264911629789
2024-10-16,0.4597486129839409
2024-10-17,-0.4939622284170767
2024-10-18,0.566619926765959
2024-10-21,-0.8874230058216612
2024-10-22,0.5864201891833107
2024-10-23,-0.7406485263595908
2024-10-24,0.7025950499630045
2024-10-25,-0.17790142435499415
2024-10-28,-0.13377918024246704
2024-10-29,0.6189947954073836
2024-10-30,0.4210995764035357
2024-10-31,-0.6959205550142886
2024-11-01,-0.9142026098785644
2024-11-04,0.8438294603417974
2024-11-05,0.37758961226409576
2024-11-06,-2.9313011075727045
2024-11-07,1.4200782694280363
2024-11-08,0.29613828828088296
2024-11-11,-1.4269676877530584
2024-11-12,-1.188279472170622
2024-11-13,-0.9831771412051021
2024-11-14,0.15894656245987965
2024-11-15,-0.22171453848837566
2024-11-18,1.0344533118103616
2024-11-19,0.7003781621645434
2024-11-20,0.12166891755806468
2024-11-21,0.3775516749525588
2024-11-22,0.670030089535742
2024-11-25,-0.17870109996161762
2024-11-26,-0.09724592939045903
2024-11-27,0.45652050620625845
2024-11-29,0.942842140379132
2024-12-02,-0.3180900267016961
2024-12-03,-0.3313555738750375
2024-12-04,0.6866071844764416
2024-12-05,-0.2692528342666669
2024-12-06,0.09275646968040202
2024-12-09,0.03512837855189674
2024-12-10,0.4220837877542973
2024-12-11,0.003973859952456411
2024-12-12,-1.3496277677298627
2024-12-13,-1.1213786245529245
2024-12-16,0.2701405910797806
2024-12-17,-0.07029676194590208
2024-12-18,-1.5971594182133655
2024-12-19,-0.6883748149965738
2024-12-20,0.8031737695979297
2024-12-23,-0.696474806924512
2024-12-24,0.3105621124262797
2024-12-26,0.30863163869879784
2024-12-27,-0.7563146345178283
2024-12-30,0.24206627164416455
2024-12-31,0.043999369902492085
2025-01-02,0.8134817812809104
2025-01-03,-0.5546007331586279
2025-01-06,-0.285407384320858
2025-01-07,-0.2825917588653163
2025-01-08,0.3292467379149225
2025-01-10,0.14652867228240765
2025-01-13,-0.5164401140717122
2025-01-14,0.18036956931283454
2025-01-15,1.2286314510325873
2025-01-16,0.5056332970603877
2025-01-17,-0.17935386935559694
2025-01-21,1.21415473384632
2025-01-22,-0.004663662750863869
2025-01-23,-0.4603157112909614
2025-01-24,0.5340670901398704
2025-01-27,0.07019823488154708
2025-01-28,0.3980266649849559
2025-01-29,-0.29449414666032514
2025-01-30,0.9403108731605457
2025-01-31,-0.2297139178403121
2025-02-03,0.6716999344855779
2025-02-04,0.6434835036466726
2025-02-05,1.129576906794652
2025-02-06,-0.15488509374854975
2025-02-07,-0.23381919667596765
2025-02-10,0.6932789388971566
2025-02-11,-0.5040706867809521
2025-02-12,-0.6281268633268133
2025-02-13,1.3155907563657567
2025-02-14,-0.4797361517443144
2025-02-18,0.23886269981535693
2025-02-19,0.09008791887321725
2025-02-20,0.21267572112734753
2025-02-21,0.5565712487913015
2025-02-24,0.4156877349388187
2025-02-25,0.202724160294737
2025-02-26,0.3709721893166832
2025-02-27,-1.1216789263341738
2025-02-28,0.2995490681790694
2025-03-03,0.8884073294275805
2025-03-04,-0.18103097667133491
2025-03-05,-0.29558789808726643
2025-03-06,-0.4203220761327832
2025-03-07,-0.13438875046258317
2025-03-10,0.08375948828142715
2025-03-11,0.22915901886250345
2025-03-12,-0.08136634594391592
2025-03-13,1.318650038360165
2025-03-14,-0.24506009778796153
2025-03-17,0.5188556929591825
2025-03-18,0.6312517745622124
2025-03-19,0.4633830306603285
2025-03-20,-0.031142902150079643
2025-03-21,-0.7008642025783698
2025-03-24,-0.7380288756477132
2025-03-25,0.21422215263228145
2025-03-26,-0.3706365177560686
2025-03-27,0.5231324740244083
2025-03-28,1.0567097003128847
2025-03-31,1.2045545810513405
2025-04-01,0.33380315901007296
2025-04-02,0.06977385178424429
2025-04-03,-0.0722602465382857
2025-04-04,-0.6272114763379113
2025-04-07,-2.6160083824161333
2025-04-08,-0.6739999893689054
2025-04-09,2.1211935651985296
2025-04-10,-0.1573706217780384
2025-04-11,1.2188078779873686
2025-04-14,0.07144756105383095
2025-04-15,0.43778826216610234
2025-04-16,1.8880767547005017
2025-04-17,-0.6633623272788418
2025-04-21,0.6705472365980245
2025-04-22,-0.431640307633897
2025-04-23,-0.715830291731141
2025-04-24,1.2468040454605682
2025-04-25,-0.17391621788205763
2025-04-28,1.0218582092257906
2025-04-29,-0.06774498532686699
2025-04-30,-0.7818086810252735
2025-05-01,-1.3005668767949494
2025-05-02,-0.4548305235530372
2025-05-05,1.2068045081839256
2025-05-06,1.555249185008457
2025-05-07,-0.539746158397141
2025-05-08,-1.554187986290313
2025-05-09,0.4365675588812682
2025-05-12,-1.8925770238061534
2025-05-13,0.010033207961047877
2025-05-14,-1.3933824026483541
2025-05-15,1.2301283232305498
2025-05-16,-0.4718405781611869
2025-05-19,0.4979492970602899
2025-05-20,0.5692251589557362
2025-05-21,-0.4867576603827639
2025-05-22,-0.18122913579435673
2025-05-23,1.1713541584570248
2025-05-27,-0.14976978134435617
2025-05-28,-0.32962828149132894
2025-05-29,0.7561301067853828
2025-05-30,-0.25373993524394645
2025-06-02,0.8600164332570792
2025-06-03,-0.5322603421444951
2025-06-04,1.127389667827656
2025-06-05,-0.21801374882797175
2025-06-06,-1.3156239668619438
2025-06-09,0.2882383075754003
2025-06-10,0.2717965280415754
2025-06-11,0.4210988157739579
2025-06-12,1.211514010567923
2025-06-13,0.17306163594264418
2025-06-16,-1.2243062343655027
2025-06-17,0.63213575086799
2025-06-18,-0.18274377818116955
2025-06-20,-0.11334687488784392
2025-06-23,0.31453481918031084
2025-06-24,-0.42383743337050067
2025-06-25,0.2145628731688727
2025-06-26,0.19585106209949682
2025-06-27,-1.23210528453761
2025-06-30,1.0853629563922507
2025-07-01,0.5685043386411505
2025-07-02,-0.04129782957039838
2025-07-03,-0.6917882187104334
2025-07-07,-0.44071457330406016
2025-07-08,-0.5877398631188336
2025-07-09,0.7438617811357652
2025-07-10,0.14569822235406202
2025-07-11,-0.2098774336683732
2025-07-14,-0.2880919665520592
2025-07-15,-0.5597739929227731
2025-07-16,0.3194689455847891
2025-07-17,-0.12048506804188173
2025-07-18,0.20619948509898534
2025-07-21,1.2069966397408194
2025-07-22,0.7735701722700661
2025-07-23,-0.9015063587947496
2025-07-24,-0.3938545361502923
2025-07-25,-0.14825983880810029
2025-07-28,-0.649741331759488
2025-07-29,0.9770307225420496
2025-07-30,-1.127688069242988
2025-07-31,0.36039459550739766
2025-08-01,1.71109593470523
2025-08-04,0.4268920531124475
2025-08-05,0.19332653839004602
2025-08-06,-0.3955309923562402
2025-08-07,0.3359370437744975
2025-08-08,-0.22816527049616067
2025-08-11,-0.6636520570742596
2025-08-12,-0.297565060847342
2025-08-13,0.5649055228994135
2025-08-14,-0.6900231660786712
2025-08-15,-0.3274845135632703
2025-08-18,-0.222983095672595
2025-08-19,0.016521452602055366
2025-08-20,0.6138572183024879
2025-08-21,-0.421965426062658
2025-08-22,0.9015722823650837
2025-08-25,-0.26468285912538353
2025-08-26,0.333733937084498
2025-08-27,0.04329474948390711
2025-08-28,0.6974234969999794
2025-08-29,0.1269915130505194
2025-09-02,0.8067817693165323
2025-09-03,0.9360813733579413
2025-09-04,0.16012104738953162
2025-09-05,1.419529662844267
2025-09-08,1.228038425938577
2025-09-09,-0.3984383380358276
2025-09-10,0.46430512574437943
2025-09-11,0.25940090994837994
2025-09-12,-0.11734561084755639
2025-09-15,0.6349564790517065
2025-09-16,0.20547923036318788
2025-09-17,-0.5143624121541929
2025-09-18,-0.7188789144443838
2025-09-19,0.43411538445267855
2025-09-22,0.6832484277423589
2025-09-23,0.552288279533047
2025-09-24,-0.6455545437122373
2025-09-25,0.20804288449165242
2025-09-26,0.24336134733979986
2025-09-29,1.2278220179140795
2025-09-30,0.28157300420504544
2025-10-01,0.2076757509799014
2025-10-02,-0.028545957531092032
2025-10-03,0.3062509291113113
2025-10-06,0.5436211517902745
2025-10-07,0.5440786220981984
2025-10-08,0.8600859858226345
2025-10-09,-0.9665148729380281
2025-10-10,1.3037087953390871
2025-10-13,1.1804662693629084
2025-10-14,0.5158269557230692
2025-10-15,0.753713343675505
2025-10-16,1.5325822697721583
2025-10-17,-1.0227033915262704
2025-10-20,1.9920167312380597
2025-10-21,-3.0126009863673016
2025-10-22,0.037902131824123754
2025-10-23,-0.1421560320198575
2025-10-24,-0.1458690634012338
2025-10-27,-1.2300554984153027
2025-10-28,-0.22781357325167478
2025-10-29,-0.697114998367011
2025-10-30,0.6887970994480701
2025-10-31,-0.4214878492775553
2025-11-03,-0.03541412617208137
2025-11-04,-0.7673561066152946
2025-11-05,0.03340034679214319
2025-11-06,0.3888604595760214
2025-11-07,0.19991095401787393
2025-11-10,1.3467889648757618
2025-11-11,0.42489820294830244
2025-11-12,0.8904990865859743
2025-11-13,-0.8180595631488213
2025-11-14,-1.194807411097578
2025-11-17,-0.45043141001583537
2025-11-18,0.3458137227025781
2025-11-19,-0.01959096964119099
2025-11-20,0.18206561665124418
2025-11-21,0.07389887277026999
2025-11-24,1.0713634431196104
2025-11-25,0.11192109775707097
2025-11-26,0.6196260687674614
2025-11-28,0.383275720668242
2025-12-01,-0.38211002453619997
2025-12-02,-0.2999207251126043
2025-12-03,0.09422858538759098
2025-12-04,-0.23745189805203137
2025-12-05,-0.3210696994409355
2025-12-08,-0.2968683573175819
2025-12-09,0.30759718779178574
2025-12-10,0.40538195426648777
2025-12-11,0.469446843673907
2025-12-12,-0.20238665405144296
2025-12-15,0.07983521348639988
2025-12-16,0.28555400096980926
2025-12-17,0.3831710385682649
2025-12-18,0.14890602996998428
2025-12-19,-0.13025955729166933
2025-12-22,1.0401406071590187
2025-12-23,0.7399992024634333
2025-12-24,0.09610746689834344
2025-12-26,0.4182401862119133
2025-12-29,-2.008383669625704
2025-12-30,-0.08288168896407812
2025-12-31,-0.7243756148485625
2026-01-02,0.17381566823079184
2026-01-05,1.550613968236625
2026-01-06,0.4367939601206245
2026-01-07,-0.18600721757478644
2026-01-08,0.025532465983762374
2026-01-09,0.6916950909298485
2026-01-12,0.785199522365285
2026-01-13,0.014496081234584715
2026-01-14,0.798287790064663
2026-01-15,-0.318214809474937
2026-01-16,-0.5311033808668345
2026-01-20,1.2293230289457102
2026-01-21,1.1031807858205995
2026-01-22,1.1342867133247903
2026-01-23,0.8207345678125918
2026-01-26,0.9655922528540481
2026-01-27,0.9111745782214458
2026-01-28,1.8083230651504818
2026-01-29,0.14677736179494363
2026-01-30,-5.568966972068853
2026-02-02,-2.1686780508916534
2026-02-03,3.2473740184596203
2026-02-04,-0.16214038736460623
2026-02-05,-0.7916073175907092
2026-02-06,1.5586957712426117
2026-02-09,1.250864940069653
2026-02-10,0.08129464308775168
2026-02-11,0.29962986253819657
2026-02-12,-1.0778813244234455
2026-02-13,1.507094462075879
2026-02-17,-1.4859037430268878
2026-02-18,0.9309840294383473
2026-02-19,0.18973696246294677
2026-02-20,0.8648143613934847
2026-02-23,1.5236434448604779
2026-02-24,-0.605625725633646
2026-02-25,-0.11987059942065133
2026-02-26,0.6270203176108997
2026-02-27,0.9566245793781425
2026-03-02,0.14378559361819
2026-03-03,-2.358641889641705
2026-03-04,0.23408298732680785
2026-03-05,-0.8060340794124954
2026-03-06,0.6039664178867873
2026-03-09,0.33119675990263076
2026-03-10,0.03164065484486826
2026-03-11,-0.8185193256835539
2026-03-12,-1.0861178145876418
2026-03-13,-0.8980754027834768
2026-03-16,0.342030010346391
2026-03-17,0.011629425723797014
2026-03-18,-1.8795749379557767
2026-03-19,-1.7716122872847166
2026-03-20,-2.507732911924066
2026-03-23,-0.8067308821715844
2026-03-24,-0.2090157394073761
2026-03-25,1.967485575615003
2026-03-26,-2.3268739762222235
2026-03-27,1.4709139079752778
2026-03-30,0.6489954411564584
2026-03-31,1.826062926321156
2026-04-01,0.8223797312644449
2026-04-02,-0.6553755142706086
2026-04-06,-0.2859939999044471
2026-04-07,0.4794574552259942
2026-04-08,0.4754091794801212
2026-04-09,0.2620286907949228
2026-04-10,-0.21038832804224702
2026-04-13,-0.0521634654587704
2026-04-14,1.3731249954078837
2026-04-15,-0.7407210639301148
2026-04-16,-0.36049983764769244
2026-04-17,1.1162118195654942
2026-04-20,-0.44302185471445826
2026-04-21,-1.706180452802478
2026-04-22,0.7575987096573464
2026-04-23,-0.5960588061802549
2026-04-24,0.3481793758041671
2026-04-27,-0.6377491766790127
2026-04-28,-0.879845110720395
2026-04-29,-0.9254278802095787
2026-04-30,0.699538260481295
2026-05-01,0.12204547132798657
2026-05-04,-1.3900016956957242
2026-05-05,0.7033375579684458
2026-05-06,1.8796163841946951
2026-05-07,-0.16637157269139272
2026-05-08,0.49188706750455097
2026-05-11,-0.2008117664346895
2026-05-12,-0.5323745026311528
2026-05-13,-0.3931917844281359
2026-05-14,-0.311848721227269
2026-05-15,-1.9212290004000592
2026-05-18,0.07679489025080212
2026-05-19,-1.1578941019586073
2026-05-20,1.2451244072602796
2026-05-21,0.13551440103128223
2026-05-22,-0.10706656459469074
2026-05-26,0.2693759181584445
2026-05-27,-0.549455356842303
2026-05-28,0.7787505451125691
2026-05-29,0.5371490101272159
