Индекс,GLD,TLT
2004-11-18,44.380001068115234,44.16169738769531
2004-11-19,44.779998779296875,43.809242248535156
2004-11-22,44.95000076293945,44.037620544433594
2004-11-23,44.75,44.0921745300293
2004-11-24,45.04999923706055,44.0921745300293
2004-11-26,45.290000915527344,43.804298400878906
2004-11-29,45.400001525878906,43.33769607543945
2004-11-30,45.119998931884766,43.154029846191406
2004-12-01,45.380001068115234,43.08676528930664
2004-12-02,44.95000076293945,42.91230392456055
2004-12-03,45.599998474121094,43.58017349243164
2004-12-06,45.16999816894531,43.72974395751953
2004-12-07,45.11000061035156,43.78451919555664
2004-12-08,44.0099983215332,44.46733856201172
2004-12-09,43.779998779296875,44.173301696777344
2004-12-10,43.439998626708984,44.282936096191406
2004-12-13,43.90999984741211,44.377620697021484
2004-12-14,43.54999923706055,44.552066802978516
2004-12-15,43.9900016784668,44.95579147338867
2004-12-16,43.68000030517578,44.29290008544922
2004-12-17,44.189998626708984,44.23306655883789
2004-12-20,44.34000015258789,44.31285095214844
2004-12-21,44.220001220703125,44.44740295410156
2004-12-22,44.02000045776367,44.29790115356445
2004-12-23,44.27000045776367,44.15333557128906
2004-12-27,44.47999954223633,43.80944061279297
2004-12-28,44.369998931884766,43.77456283569336
2004-12-29,43.65999984741211,43.72974395751953
2004-12-30,43.83000183105469,44.02375030517578
2004-12-31,43.79999923706055,44.30139923095703
2005-01-03,43.02000045776367,44.396507263183594
2005-01-04,42.7400016784668,43.931182861328125
2005-01-05,42.66999816894531,44.166358947753906
2005-01-06,42.150001525878906,44.19637680053711
2005-01-07,41.84000015258789,44.296409606933594
2005-01-10,41.95000076293945,44.36647415161133
2005-01-11,42.209999084472656,44.626609802246094
2005-01-12,42.599998474121094,44.68666458129883
2005-01-13,42.599998474121094,45.11690902709961
2005-01-14,42.31999969482422,45.111873626708984
2005-01-18,42.31999969482422,45.26200485229492
2005-01-19,42.2599983215332,45.39211654663086
2005-01-20,42.25,45.48213195800781
2005-01-21,42.7400016784668,45.532161712646484
2005-01-24,42.77000045776367,45.72726058959961
2005-01-25,42.2400016784668,45.297000885009766
2005-01-26,42.689998626708984,45.38206100463867
2005-01-27,42.619998931884766,45.297000885009766
2005-01-28,42.689998626708984,45.752296447753906
2005-01-31,42.220001220703125,45.882381439208984
2005-02-01,42.099998474121094,45.80955123901367
2005-02-02,42.15999984741211,45.91503143310547
2005-02-03,41.68000030517578,45.8899040222168
2005-02-04,41.470001220703125,46.52764892578125
2005-02-07,41.27000045776367,46.87419891357422
2005-02-08,41.2599983215332,47.14036560058594
2005-02-09,41.310001373291016,47.26591491699219
2005-02-10,41.75,46.62812042236328
2005-02-11,42.08000183105469,46.59797668457031
2005-02-14,42.54999923706055,46.74364471435547
2005-02-15,42.58000183105469,46.50759506225586
2005-02-16,42.52000045776367,46.33182907104492
2005-02-17,42.72999954223633,46.04058837890625
2005-02-18,42.75,45.6287841796875
2005-02-22,43.56999969482422,45.42786407470703
2005-02-23,43.41999816894531,45.578575134277344
2005-02-24,43.33000183105469,45.478111267089844
2005-02-25,43.5,45.69906997680664
2005-02-28,43.529998779296875,45.206932067871094
2005-03-01,43.220001220703125,45.19282913208008
2005-03-02,43.25,45.132362365722656
2005-03-03,42.970001220703125,45.107177734375
2005-03-04,43.380001068115234,45.59585952758789
2005-03-07,43.470001220703125,45.777225494384766
2005-03-08,44.029998779296875,45.343955993652344
2005-03-09,44.02000045776367,44.60343551635742
2005-03-10,44.20000076293945,44.875457763671875
2005-03-11,44.43000030517578,44.548011779785156
2005-03-14,44.029998779296875,44.814979553222656
2005-03-15,44.060001373291016,44.53288269042969
2005-03-16,44.310001373291016,44.804927825927734
2005-03-17,43.81999969482422,44.951026916503906
2005-03-18,43.88999938964844,44.66888427734375
2005-03-21,43.09000015258789,44.542964935302734
2005-03-22,42.650001525878906,44.16511917114258
2005-03-23,42.41999816894531,44.37673568725586
2005-03-24,42.38999938964844,44.46739959716797
2005-03-28,42.540000915527344,44.195343017578125
2005-03-29,42.560001373291016,44.45732116699219
2005-03-30,42.61000061035156,44.67899703979492
2005-03-31,42.81999969482422,45.00139236450195
2005-04-01,42.619998931884766,45.15311813354492
2005-04-04,42.400001525878906,45.142967224121094
2005-04-05,42.45000076293945,45.02668380737305
2005-04-06,42.630001068115234,45.18339157104492
2005-04-07,42.56999969482422,44.819366455078125
2005-04-08,42.689998626708984,44.97614288330078
2005-04-11,42.779998779296875,45.21883773803711
2005-04-12,42.84000015258789,45.63848876953125
2005-04-13,42.900001525878906,45.52726745605469
2005-04-14,42.310001373291016,45.45645523071289
2005-04-15,42.400001525878906,46.05819320678711
2005-04-18,42.689998626708984,46.02276611328125
2005-04-19,43.279998779296875,46.46774673461914
2005-04-20,43.400001525878906,46.35146713256836
2005-04-21,43.189998626708984,45.86602783203125
2005-04-22,43.38999938964844,46.250335693359375
2005-04-25,43.439998626708984,46.38682556152344
2005-04-26,43.63999938964844,46.3160400390625
2005-04-27,43.20000076293945,46.47786331176758
2005-04-28,43.0,46.82167053222656
2005-04-29,43.349998474121094,46.74077606201172
2005-05-02,42.880001068115234,46.730628967285156
2005-05-03,42.7599983215332,46.857486724853516
2005-05-04,42.900001525878906,46.44643783569336
2005-05-05,42.90999984741211,46.55302810668945
2005-05-06,42.52000045776367,46.207950592041016
2005-05-09,42.54999923706055,46.25361633300781
2005-05-10,42.63999938964844,46.583438873291016
2005-05-11,42.689998626708984,46.7255744934082
2005-05-12,42.15999984741211,46.908226013183594
2005-05-13,41.95000076293945,47.090904235839844
2005-05-16,41.880001068115234,47.035072326660156
2005-05-17,41.86000061035156,47.16700744628906
2005-05-18,42.04999923706055,47.48166275024414
2005-05-19,41.97999954223633,47.35988235473633
2005-05-20,41.650001525878906,47.41569519042969
2005-05-23,41.619998931884766,47.78611755371094
2005-05-24,41.72999954223633,47.91804885864258
2005-05-25,41.869998931884766,47.58314514160156
2005-05-26,41.689998626708984,47.56792449951172
2005-05-27,41.880001068115234,47.61867904663086
2005-05-31,41.650001525878906,48.207252502441406
2005-06-01,41.529998779296875,48.797584533691406
2005-06-02,42.099998474121094,48.914703369140625
2005-06-03,42.16999816894531,48.51237869262695
2005-06-06,42.47999954223633,48.76705551147461
2005-06-07,42.380001068115234,49.154136657714844
2005-06-08,42.34000015258789,48.91984176635742
2005-06-09,42.27000045776367,48.87910461425781
2005-06-10,42.619998931884766,48.3289909362793
2005-06-13,42.779998779296875,48.03870391845703
2005-06-14,42.599998474121094,47.72295379638672
2005-06-15,42.7400016784668,47.80952835083008
2005-06-16,43.459999084472656,48.04890060424805
2005-06-17,43.630001068115234,48.0438117980957
2005-06-20,43.65999984741211,47.96229934692383
2005-06-21,43.810001373291016,48.31376266479492
2005-06-22,43.720001220703125,48.89946365356445
2005-06-23,44.02000045776367,48.84856414794922
2005-06-24,43.900001525878906,49.0930061340332
2005-06-27,43.90999984741211,49.2254524230957
2005-06-28,43.45000076293945,48.8892936706543
2005-06-29,43.630001068115234,48.8128547668457
2005-06-30,43.439998626708984,49.25089645385742
2005-07-01,42.70000076293945,48.65391159057617
2005-07-05,42.279998779296875,48.19397735595703
2005-07-06,42.25,48.45973587036133
2005-07-07,42.36000061035156,48.56195068359375
2005-07-08,42.2599983215332,48.36265563964844
2005-07-11,42.540000915527344,48.36265563964844
2005-07-12,42.63999938964844,48.091739654541016
2005-07-13,42.349998474121094,48.02023696899414
2005-07-14,41.900001525878906,47.897552490234375
2005-07-15,42.04999923706055,48.02529525756836
2005-07-18,42.0099983215332,47.66761016845703
2005-07-19,41.88999938964844,47.83622360229492
2005-07-20,42.20000076293945,48.096893310546875
2005-07-21,42.459999084472656,47.442718505859375
2005-07-22,42.45000076293945,47.810665130615234
2005-07-25,42.5099983215332,47.636932373046875
2005-07-26,42.25,47.7136116027832
2005-07-27,42.439998626708984,47.636932373046875
2005-07-28,42.75,48.06111145019531
2005-07-29,42.81999969482422,47.5858154296875
2005-08-01,43.130001068115234,47.40884017944336
2005-08-02,43.13999938964844,47.25495529174805
2005-08-03,43.529998779296875,47.48579406738281
2005-08-04,43.68000030517578,47.38833236694336
2005-08-05,43.599998474121094,47.01901626586914
2005-08-08,43.349998474121094,46.931793212890625
2005-08-09,43.34000015258789,47.106204986572266
2005-08-10,43.650001525878906,47.05488204956055
2005-08-11,44.45000076293945,47.38323211669922
2005-08-12,44.4900016784668,47.86540222167969
2005-08-15,44.130001068115234,47.74229431152344
2005-08-16,44.54999923706055,48.07569885253906
2005-08-17,43.90999984741211,47.757652282714844
2005-08-18,43.83000183105469,48.111576080322266
2005-08-19,43.599998474121094,48.10643768310547
2005-08-22,43.70000076293945,48.05516052246094
2005-08-23,43.7599983215332,48.2757568359375
2005-08-24,43.59000015258789,48.32194137573242
2005-08-25,43.72999954223633,48.47580337524414
2005-08-26,43.61000061035156,48.460418701171875
2005-08-29,43.56999969482422,48.521995544433594
2005-08-30,43.0099983215332,48.82975769042969
2005-08-31,43.400001525878906,49.24016189575195
2005-09-01,44.220001220703125,48.94367218017578
2005-09-02,44.25,48.98480987548828
2005-09-06,44.27000045776367,48.63994216918945
2005-09-07,44.33000183105469,48.181793212890625
2005-09-08,44.599998474121094,48.233280181884766
2005-09-09,44.84000015258789,48.387691497802734
2005-09-12,44.88999938964844,48.053138732910156
2005-09-13,44.560001373291016,48.30531692504883
2005-09-14,44.959999084472656,48.12000274658203
2005-09-15,45.41999816894531,47.723670959472656
2005-09-16,45.81999969482422,47.40964889526367
2005-09-19,46.25,47.5125846862793
2005-09-20,46.22999954223633,47.63613510131836
2005-09-21,47.060001373291016,48.078861236572266
2005-09-22,46.36000061035156,48.032562255859375
2005-09-23,46.279998779296875,47.672157287597656
2005-09-26,46.56999969482422,47.455989837646484
2005-09-27,46.25,47.52286911010742
2005-09-28,46.79999923706055,47.84209442138672
2005-09-29,47.099998474121094,47.6258659362793
2005-09-30,46.70000076293945,47.461097717285156
2005-10-03,46.41999816894531,47.090084075927734
2005-10-04,46.45000076293945,47.24509811401367
2005-10-05,46.36000061035156,47.45181655883789
2005-10-06,47.209999084472656,47.27096939086914
2005-10-07,47.36000061035156,47.46220779418945
2005-10-10,47.369998931884766,47.431182861328125
2005-10-11,47.38999938964844,47.33295822143555
2005-10-12,46.849998474121094,46.873008728027344
2005-10-13,47.02000045776367,46.702491760253906
2005-10-14,46.79999923706055,46.630104064941406
2005-10-17,47.2599983215332,46.61977005004883
2005-10-18,47.0,46.67147445678711
2005-10-19,46.34000015258789,46.692161560058594
2005-10-20,45.97999954223633,46.81615447998047
2005-10-21,46.52000045776367,47.25025939941406
2005-10-24,46.38999938964844,46.88338851928711
2005-10-25,47.060001373291016,46.480247497558594
2005-10-26,46.93000030517578,46.13917922973633
2005-10-27,47.18000030517578,46.30451583862305
2005-10-28,47.220001220703125,46.3097038269043
2005-10-31,46.400001525878906,46.39756393432617
2005-11-01,45.72999954223633,46.344120025634766
2005-11-02,46.130001068115234,46.12607955932617
2005-11-03,45.959999084472656,45.814632415771484
2005-11-04,45.5099983215332,45.74197006225586
2005-11-07,45.77000045776367,45.89766311645508
2005-11-08,45.90999984741211,46.344120025634766
2005-11-09,46.560001373291016,45.866512298583984
2005-11-10,46.47999954223633,46.427146911621094
2005-11-11,46.79999923706055,46.453125
2005-11-14,46.619998931884766,46.105384826660156
2005-11-15,46.65999984741211,46.40639877319336
2005-11-16,47.779998779296875,46.89432144165039
2005-11-17,48.47999954223633,47.00853729248047
2005-11-18,48.459999084472656,46.790504455566406
2005-11-21,48.9900016784668,46.93069839477539
2005-11-22,49.31999969482422,46.99292755126953
2005-11-23,49.150001525878906,46.81127166748047
2005-11-25,49.41999816894531,46.9825553894043
2005-11-28,49.7400016784668,47.21614456176758
2005-11-29,49.79999923706055,46.769771575927734
2005-11-30,49.099998474121094,46.71787643432617
2005-12-01,50.16999816894531,46.644874572753906
2005-12-02,50.31999969482422,46.66046905517578
2005-12-05,50.779998779296875,46.451961517333984
2005-12-06,50.88999938964844,46.9263916015625
2005-12-07,51.31999969482422,46.74912643432617
2005-12-08,51.900001525878906,47.05152130126953
2005-12-09,52.400001525878906,46.68134689331055
2005-12-12,52.560001373291016,46.59274673461914
2005-12-13,51.650001525878906,46.76478958129883
2005-12-14,50.349998474121094,47.24441146850586
2005-12-15,50.2400016784668,47.129669189453125
2005-12-16,50.09000015258789,47.286109924316406
2005-12-19,50.220001220703125,47.333030700683594
2005-12-20,49.040000915527344,47.27568817138672
2005-12-21,49.369998931884766,47.19228744506836
2005-12-22,50.13999938964844,47.567657470703125
2005-12-23,50.119998931884766,47.859588623046875
2005-12-27,50.63999938964844,48.250587463378906
2005-12-28,51.470001220703125,48.116085052490234
2005-12-29,51.470001220703125,48.220767974853516
2005-12-30,51.58000183105469,48.11083984375
2006-01-03,53.119998931884766,48.04801940917969
2006-01-04,53.29999923706055,48.16318130493164
2006-01-05,52.34000015258789,48.105613708496094
2006-01-06,53.720001220703125,48.01658248901367
2006-01-09,54.599998474121094,48.04801940917969
2006-01-10,54.060001373291016,47.66062927246094
2006-01-11,54.529998779296875,47.582088470458984
2006-01-12,54.43000030517578,47.90145492553711
2006-01-13,55.439998626708984,48.17890930175781
2006-01-17,55.2599983215332,48.39352035522461
2006-01-18,54.06999969482422,48.3778190612793
2006-01-19,55.59000015258789,48.23645782470703
2006-01-20,55.20000076293945,48.36210632324219
2006-01-23,55.77000045776367,48.34638977050781
2006-01-24,55.72999954223633,48.11083984375
2006-01-25,56.13999938964844,47.58731460571289
2006-01-26,55.880001068115234,47.38315200805664
2006-01-27,55.630001068115234,47.38315200805664
2006-01-30,56.68000030517578,47.33601760864258
2006-01-31,56.70000076293945,47.46691131591797
2006-02-01,56.70000076293945,47.30457305908203
2006-02-02,56.97999954223633,47.39390182495117
2006-02-03,56.5,47.73011016845703
2006-02-06,56.720001220703125,47.82471466064453
2006-02-07,54.599998474121094,47.59878921508789
2006-02-08,54.83000183105469,47.48841094970703
2006-02-09,56.18000030517578,47.70384979248047
2006-02-10,54.790000915527344,47.44114303588867
2006-02-13,53.720001220703125,47.446380615234375
2006-02-14,54.4900016784668,47.278289794921875
2006-02-15,53.7599983215332,47.39390182495117
2006-02-16,54.52000045776367,47.404388427734375
2006-02-17,54.959999084472656,47.782684326171875
2006-02-21,55.119998931884766,47.70384979248047
2006-02-22,55.34000015258789,48.02961730957031
2006-02-23,54.63999938964844,47.908748626708984
2006-02-24,55.63999938964844,47.835208892822266
2006-02-27,55.220001220703125,47.756378173828125
2006-02-28,56.06999969482422,47.9928092956543
2006-03-01,56.099998474121094,47.702850341796875
2006-03-02,56.7400016784668,47.370697021484375
2006-03-03,56.279998779296875,47.09654998779297
2006-03-06,55.22999954223633,46.68528747558594
2006-03-07,54.95000076293945,46.7169189453125
2006-03-08,53.970001220703125,46.70111846923828
2006-03-09,54.2400016784668,46.7169189453125
2006-03-10,53.83000183105469,46.542945861816406
2006-03-13,54.310001373291016,46.50603103637695
2006-03-14,54.869998931884766,46.817138671875
2006-03-15,55.119998931884766,46.564022064208984
2006-03-16,55.34000015258789,46.985836029052734
2006-03-17,55.119998931884766,46.84345626831055
2006-03-20,55.16999816894531,46.91728973388672
2006-03-21,54.83000183105469,46.67475891113281
2006-03-22,54.75,46.774940490722656
2006-03-23,54.70000076293945,46.627315521240234
2006-03-24,55.709999084472656,46.97002029418945
2006-03-27,56.38999938964844,46.79598617553711
2006-03-28,56.060001373291016,46.35845184326172
2006-03-29,57.06999969482422,46.13700485229492
2006-03-30,58.599998474121094,45.81538391113281
2006-03-31,58.099998474121094,45.799556732177734
2006-04-03,58.470001220703125,45.814388275146484
2006-04-04,58.33000183105469,45.76679229736328
2006-04-05,58.65999984741211,45.83029556274414
2006-04-06,59.279998779296875,45.48100662231445
2006-04-07,58.59000015258789,45.03645706176758
2006-04-10,59.599998474121094,45.1211051940918
2006-04-11,59.0099983215332,45.27989196777344
2006-04-12,59.43000030517578,45.00470733642578
2006-04-13,59.5,44.687164306640625
2006-04-17,61.09000015258789,44.851234436035156
2006-04-18,61.849998474121094,44.93062210083008
2006-04-19,63.75,44.65542221069336
2006-04-20,60.959999084472656,44.61835479736328
2006-04-21,63.20000076293945,44.877685546875
2006-04-24,61.650001525878906,45.057621002197266
2006-04-25,62.779998779296875,44.523094177246094
2006-04-26,63.650001525878906,44.449012756347656
2006-04-27,62.959999084472656,44.50720977783203
2006-04-28,65.08999633789062,44.53895568847656
2006-05-01,65.16000366210938,44.20423889160156
2006-05-02,66.55000305175781,44.3211669921875
2006-05-03,66.45999908447266,44.22553253173828
2006-05-04,67.4800033569336,44.1511344909668
2006-05-05,67.98999786376953,44.416778564453125
2006-05-08,67.55999755859375,44.44332504272461
2006-05-09,69.68000030517578,44.416778564453125
2006-05-10,70.37999725341797,44.49645233154297
2006-05-11,71.02999877929688,44.27861022949219
2006-05-12,71.12000274658203,43.912044525146484
2006-05-15,67.41000366210938,44.08734893798828
2006-05-16,68.61000061035156,44.416778564453125
2006-05-17,68.1500015258789,44.14048385620117
2006-05-18,67.45999908447266,44.74090576171875
2006-05-19,65.58000183105469,44.85776138305664
2006-05-22,65.30000305175781,44.95339584350586
2006-05-23,66.37999725341797,44.92683029174805
2006-05-24,64.05999755859375,44.94805145263672
2006-05-25,64.69999694824219,44.77272415161133
2006-05-26,65.0999984741211,44.74090576171875
2006-05-30,65.11000061035156,44.719608306884766
2006-05-31,64.2300033569336,44.45393371582031
2006-06-01,62.560001373291016,44.65242004394531
2006-06-02,63.5,45.2285041809082
2006-06-05,63.290000915527344,45.169795989990234
2006-06-06,62.54999923706055,45.3831901550293
2006-06-07,62.279998779296875,45.39386749267578
2006-06-08,60.90999984741211,45.4844856262207
2006-06-09,60.45000076293945,45.72454833984375
2006-06-12,60.029998779296875,45.76190185546875
2006-06-13,55.91999816894531,45.79393768310547
2006-06-14,55.619998931884766,45.335166931152344
2006-06-15,57.31999969482422,45.073795318603516
2006-06-16,57.68000030517578,44.97245788574219
2006-06-19,56.36000061035156,44.90846252441406
2006-06-20,57.29999923706055,44.83377456665039
2006-06-21,58.33000183105469,44.84442138671875
2006-06-22,57.72999954223633,44.5883903503418
2006-06-23,57.9900016784668,44.49773025512695
2006-06-26,58.279998779296875,44.4123649597168
2006-06-27,57.68000030517578,44.631038665771484
2006-06-28,57.540000915527344,44.3963623046875
2006-06-29,59.52000045776367,44.54574203491211
2006-06-30,61.22999954223633,44.97779083251953
2006-07-03,62.18000030517578,44.93331527709961
2006-07-05,62.5,44.5745735168457
2006-07-06,63.02000045776367,44.84765625
2006-07-07,62.630001068115234,45.13681411743164
2006-07-10,62.02000045776367,45.179664611816406
2006-07-11,63.810001373291016,45.32424545288086
2006-07-12,64.91999816894531,45.334964752197266
2006-07-13,65.55000305175781,45.51168441772461
2006-07-14,65.8499984741211,45.5384521484375
2006-07-17,63.95000076293945,45.60807418823242
2006-07-18,62.900001525878906,45.21714782714844
2006-07-19,64.02999877929688,45.645545959472656
2006-07-20,62.540000915527344,45.77939987182617
2006-07-21,61.709999084472656,45.69374465942383
2006-07-24,61.13999938964844,45.666954040527344
2006-07-25,61.54999923706055,45.533058166503906
2006-07-26,62.0,45.699100494384766
2006-07-27,62.900001525878906,45.62947082519531
2006-07-28,63.11000061035156,45.89189147949219
2006-07-31,63.15999984741211,45.950775146484375
2006-08-01,64.31999969482422,45.946475982666016
2006-08-02,64.75,46.11848831176758
2006-08-03,64.12000274658203,46.12928009033203
2006-08-04,64.27999877929688,46.408851623535156
2006-08-07,64.5,46.43571472167969
2006-08-08,63.970001220703125,46.33357620239258
2006-08-09,64.62999725341797,46.183040618896484
2006-08-10,63.25,46.113128662109375
2006-08-11,62.709999084472656,45.91423797607422
2006-08-14,62.25,45.83352279663086
2006-08-15,62.0099983215332,46.22069549560547
2006-08-16,62.4900016784668,46.532501220703125
2006-08-17,61.029998779296875,46.51637649536133
2006-08-18,61.040000915527344,46.65077209472656
2006-08-21,62.439998626708984,46.81745910644531
2006-08-22,62.04999923706055,46.83357238769531
2006-08-23,61.83000183105469,46.85507583618164
2006-08-24,61.75,46.94107437133789
2006-08-25,61.77000045776367,47.01099395751953
2006-08-28,61.0,47.053993225097656
2006-08-29,60.939998626708984,47.1185188293457
2006-08-30,61.41999816894531,47.24217987060547
2006-08-31,62.290000915527344,47.35508346557617
2006-09-01,62.13999938964844,47.371280670166016
2006-09-05,63.36000061035156,47.074371337890625
2006-09-06,62.86000061035156,47.009586334228516
2006-09-07,61.25,47.10136413574219
2006-09-08,60.63999938964844,47.13917541503906
2006-09-11,58.5,47.09598922729492
2006-09-12,58.31999969482422,47.333473205566406
2006-09-13,58.619998931884766,47.355125427246094
2006-09-14,57.189998626708984,47.24710464477539
2006-09-15,57.400001525878906,47.20929718017578
2006-09-18,58.22999954223633,47.13377380371094
2006-09-19,56.91999816894531,47.66276931762695
2006-09-20,57.2599983215332,47.732948303222656
2006-09-21,57.95000076293945,48.17011260986328
2006-09-22,58.5,48.40764236450195
2006-09-25,58.5,48.74772262573242
2006-09-26,58.7400016784668,48.54257583618164
2006-09-27,59.810001373291016,48.402278900146484
2006-09-28,59.790000915527344,48.321311950683594
2006-09-29,59.470001220703125,48.261905670166016
2006-10-02,59.150001525878906,48.394161224365234
2006-10-03,57.11000061035156,48.329158782958984
2006-10-04,56.369998931884766,48.68136215209961
2006-10-05,56.91999816894531,48.339969635009766
2006-10-06,56.9900016784668,47.835933685302734
2006-10-09,57.20000076293945,47.96604537963867
2006-10-10,57.0,47.586673736572266
2006-10-11,56.880001068115234,47.445777893066406
2006-10-12,57.4900016784668,47.472869873046875
2006-10-13,58.56999969482422,47.23445510864258
2006-10-16,59.16999816894531,47.445777893066406
2006-10-17,58.650001525878906,47.483726501464844
2006-10-18,58.59000015258789,47.58127212524414
2006-10-19,59.40999984741211,47.494564056396484
2006-10-20,58.779998779296875,47.445777893066406
2006-10-23,57.7599983215332,47.25609588623047
2006-10-24,58.16999816894531,47.25609588623047
2006-10-25,58.7599983215332,47.63005828857422
2006-10-26,59.290000915527344,47.93894577026367
2006-10-27,59.400001525878906,48.161094665527344
2006-10-30,59.900001525878906,48.29659652709961
2006-10-31,60.2400016784668,48.67050552368164
2006-11-01,61.36000061035156,48.93982696533203
2006-11-02,61.91999816894531,48.7385368347168
2006-11-03,62.29999923706055,48.161865234375
2006-11-06,61.88999938964844,48.30332565307617
2006-11-07,62.040000915527344,48.5263786315918
2006-11-08,61.11000061035156,48.700439453125
2006-11-09,62.95000076293945,48.673255920410156
2006-11-10,62.4900016784668,48.885414123535156
2006-11-13,62.189998626708984,48.874542236328125
2006-11-14,61.630001068115234,49.06491470336914
2006-11-15,61.84000015258789,48.87995147705078
2006-11-16,61.310001373291016,48.65692138671875
2006-11-17,61.779998779296875,48.93439865112305
2006-11-20,61.77000045776367,49.01054382324219
2006-11-21,62.27000045776367,49.130210876464844
2006-11-22,62.5,49.21184158325195
2006-11-24,63.5,49.29890060424805
2006-11-27,63.70000076293945,49.47838592529297
2006-11-28,63.56999969482422,49.58176803588867
2006-11-29,63.15999984741211,49.46747970581055
2006-11-30,64.38999938964844,49.793941497802734
2006-12-01,64.12000274658203,49.92064666748047
2006-12-04,64.12000274658203,50.00797653198242
2006-12-05,63.810001373291016,49.7731819152832
2006-12-06,62.689998626708984,49.674861907958984
2006-12-07,62.72999954223633,49.636653900146484
2006-12-08,62.04999923706055,49.276275634765625
2006-12-11,62.56999969482422,49.48923110961914
2006-12-12,62.52000045776367,49.592987060546875
2006-12-13,62.47999954223633,49.15065002441406
2006-12-14,62.119998931884766,48.97045135498047
2006-12-15,61.0,48.99778747558594
2006-12-18,61.040000915527344,49.01413345336914
2006-12-19,61.79999923706055,48.948638916015625
2006-12-20,61.619998931884766,48.94317626953125
2006-12-21,61.380001068115234,49.18893814086914
2006-12-22,61.650001525878906,48.81211853027344
2006-12-26,61.97999954223633,48.959556579589844
2006-12-27,62.220001220703125,48.59956741333008
2006-12-28,62.900001525878906,48.4899787902832
2006-12-29,63.209999084472656,48.45165252685547
2007-01-03,62.279998779296875,48.796791076660156
2007-01-04,61.650001525878906,49.09269714355469
2007-01-05,60.16999816894531,48.87897872924805
2007-01-08,60.47999954223633,48.96669387817383
2007-01-09,60.849998474121094,48.96669387817383
2007-01-10,60.59000015258789,48.74750900268555
2007-01-11,60.630001068115234,48.462589263916016
2007-01-12,62.16999816894531,48.23794937133789
2007-01-16,61.970001220703125,48.342044830322266
2007-01-17,62.63999938964844,48.194114685058594
2007-01-18,62.2599983215332,48.342044830322266
2007-01-19,63.0,48.21053695678711
2007-01-22,62.720001220703125,48.325584411621094
2007-01-23,64.2300033569336,48.007869720458984
2007-01-24,64.33000183105469,48.002357482910156
2007-01-25,64.05999755859375,47.657169342041016
2007-01-26,64.16999816894531,47.618831634521484
2007-01-29,63.77000045776367,47.51472854614258
2007-01-30,64.22000122070312,47.56950378417969
2007-01-31,64.83000183105469,47.96945571899414
2007-02-01,65.22000122070312,47.911685943603516
2007-02-02,64.27999877929688,47.972259521484375
2007-02-05,64.30999755859375,48.03824996948242
2007-02-06,64.79000091552734,48.302310943603516
2007-02-07,64.62999725341797,48.445335388183594
2007-02-08,65.5199966430664,48.48386764526367
2007-02-09,66.12000274658203,48.20877456665039
2007-02-12,65.66999816894531,48.098785400390625
2007-02-13,65.83999633789062,47.99424743652344
2007-02-14,66.37000274658203,48.450870513916016
2007-02-15,66.41000366210938,48.59388732910156
2007-02-16,66.36000061035156,48.764427185058594
2007-02-20,65.30999755859375,48.87446975708008
2007-02-21,67.3499984741211,48.79194259643555
2007-02-22,67.1500015258789,48.52783203125
2007-02-23,67.72000122070312,48.87446975708008
2007-02-26,68.0999984741211,49.19906234741211
2007-02-27,65.41000366210938,49.820701599121094
2007-02-28,66.4800033569336,49.595157623291016
2007-03-01,65.81999969482422,49.563682556152344
2007-03-02,63.709999084472656,49.812164306640625
2007-03-05,62.93000030517578,49.8950309753418
2007-03-06,64.1500015258789,49.745933532714844
2007-03-07,64.30000305175781,49.93918228149414
2007-03-08,64.4800033569336,49.8950309753418
2007-03-09,64.25,49.37039566040039
2007-03-12,64.37000274658203,49.563682556152344
2007-03-13,63.720001220703125,49.861854553222656
2007-03-14,63.939998626708984,49.635440826416016
2007-03-15,63.97999954223633,49.62996292114258
2007-03-16,64.62000274658203,49.61890411376953
2007-03-19,64.73999786376953,49.51397705078125
2007-03-20,65.2699966430664,49.54159164428711
2007-03-21,65.81999969482422,49.563682556152344
2007-03-22,65.76000213623047,49.171600341796875
2007-03-23,65.1500015258789,49.03352737426758
2007-03-26,65.83999633789062,49.094242095947266
2007-03-27,65.69999694824219,49.011444091796875
2007-03-28,66.05000305175781,48.912010192871094
2007-03-29,65.6500015258789,48.84578323364258
2007-03-30,65.73999786376953,48.75189208984375
2007-04-02,65.8499984741211,48.83279800415039
2007-04-03,65.83000183105469,48.771812438964844
2007-04-04,66.80999755859375,48.82168960571289
2007-04-05,66.86000061035156,48.638790130615234
2007-04-09,66.52999877929688,48.31730651855469
2007-04-10,67.16000366210938,48.4614372253418
2007-04-11,67.08000183105469,48.42815017700195
2007-04-12,66.98999786376953,48.439247131347656
2007-04-13,67.83999633789062,48.28959274291992
2007-04-16,68.4000015258789,48.555667877197266
2007-04-17,68.0,48.827293395996094
2007-04-18,68.37999725341797,49.07114791870117
2007-04-19,67.52999877929688,48.987979888916016
2007-04-20,68.69999694824219,48.86049270629883
2007-04-23,68.26000213623047,49.03787612915039
2007-04-24,67.7300033569336,49.22075271606445
2007-04-25,67.88999938964844,49.048988342285156
2007-04-26,66.87000274658203,48.694236755371094
2007-04-27,67.55999755859375,48.68312454223633
2007-04-30,67.08999633789062,49.19309616088867
2007-05-01,66.69000244140625,49.22871017456055
2007-05-02,66.66000366210938,49.20084762573242
2007-05-03,67.48999786376953,49.08958435058594
2007-05-04,68.19000244140625,49.2899284362793
2007-05-07,68.25,49.423397064208984
2007-05-08,67.87999725341797,49.3121337890625
2007-05-09,67.44999694824219,49.11743927001953
2007-05-10,66.0,49.23428726196289
2007-05-11,66.44999694824219,49.06178665161133
2007-05-14,66.27999877929688,48.93386459350586
2007-05-15,66.54000091552734,48.91717529296875
2007-05-16,65.5999984741211,48.88376235961914
2007-05-17,65.05999755859375,48.68351364135742
2007-05-18,65.5199966430664,48.36083221435547
2007-05-21,65.66999816894531,48.5054931640625
2007-05-22,65.19999694824219,48.2551155090332
2007-05-23,65.54000091552734,48.11605453491211
2007-05-24,64.75,48.160560607910156
2007-05-25,64.94000244140625,48.04927062988281
2007-05-29,65.06999969482422,48.04375457763672
2007-05-30,64.72000122070312,48.14387130737305
2007-05-31,65.54000091552734,48.0548210144043
2007-06-01,66.44000244140625,47.80241012573242
2007-06-04,66.54000091552734,48.02024841308594
2007-06-05,66.37000274658203,47.718650817871094
2007-06-06,66.41000366210938,47.6962890625
2007-06-07,65.26000213623047,46.8417854309082
2007-06-08,64.22000122070312,46.80268859863281
2007-06-11,64.69999694824219,46.66862487792969
2007-06-12,64.0999984741211,45.99283981323242
2007-06-13,64.52999877929688,46.54018783569336
2007-06-14,64.5999984741211,46.422935485839844
2007-06-15,64.8499984741211,46.7412223815918
2007-06-18,64.94999694824219,46.64628982543945
2007-06-19,65.4800033569336,47.08198547363281
2007-06-20,64.70999908447266,46.7021369934082
2007-06-21,64.55999755859375,46.4787483215332
2007-06-22,64.77999877929688,46.780364990234375
2007-06-25,64.43000030517578,47.0372428894043
2007-06-26,63.619998931884766,47.04838562011719
2007-06-27,63.66999816894531,47.09310531616211
2007-06-28,64.26000213623047,47.08198547363281
2007-06-29,64.2699966430664,47.567867279052734
2007-07-02,65.0199966430664,47.817901611328125
2007-07-03,64.73999786376953,47.52632522583008
2007-07-05,64.41999816894531,46.99373245239258
2007-07-06,64.95999908447266,46.80310821533203
2007-07-09,65.37999725341797,46.9713249206543
2007-07-10,65.61000061035156,47.767452239990234
2007-07-11,65.44000244140625,47.274105072021484
2007-07-12,66.0199966430664,47.111454010009766
2007-07-13,66.02999877929688,47.24041748046875
2007-07-16,65.81999969482422,47.6945686340332
2007-07-17,65.75,47.59363555908203
2007-07-18,66.62000274658203,47.77303695678711
2007-07-19,67.01000213623047,47.76182556152344
2007-07-20,67.58000183105469,48.19354248046875
2007-07-23,67.47000122070312,48.11504364013672
2007-07-24,67.47000122070312,48.294437408447266
2007-07-25,66.9000015258789,48.38974380493164
2007-07-26,65.6500015258789,48.79341125488281
2007-07-27,65.41000366210938,48.9336051940918
2007-07-30,65.7699966430664,48.79341125488281
2007-07-31,65.79000091552734,49.14665222167969
2007-08-01,65.93000030517578,49.04026794433594
2007-08-02,65.88999938964844,49.164085388183594
2007-08-03,66.69000244140625,49.49053192138672
2007-08-06,66.5199966430664,49.130313873291016
2007-08-07,66.4800033569336,49.0909309387207
2007-08-08,66.7699966430664,48.49430847167969
2007-08-09,65.45999908447266,48.56183624267578
2007-08-10,66.56999969482422,48.44927978515625
2007-08-13,66.26000213623047,48.589988708496094
2007-08-14,66.29000091552734,48.719444274902344
2007-08-15,66.12999725341797,48.5449333190918
2007-08-16,64.68000030517578,49.04590606689453
2007-08-17,65.01000213623047,48.84889221191406
2007-08-20,65.12000274658203,48.87702560424805
2007-08-21,65.06999969482422,49.113433837890625
2007-08-22,65.4000015258789,49.03465270996094
2007-08-23,65.30999755859375,49.20348358154297
2007-08-24,66.11000061035156,49.44548416137695
2007-08-27,65.9800033569336,49.704402923583984
2007-08-28,65.58999633789062,49.788841247558594
2007-08-29,66.06999969482422,49.653743743896484
2007-08-30,65.80000305175781,49.985836029052734
2007-08-31,66.5199966430664,50.02521514892578
2007-09-04,67.44000244140625,50.04895782470703
2007-09-05,67.55999755859375,50.450199127197266
2007-09-06,68.86000061035156,50.320220947265625
2007-09-07,69.38999938964844,51.03233337402344
2007-09-10,69.62000274658203,51.42793655395508
2007-09-11,70.5199966430664,51.38835525512695
2007-09-12,70.45999908447266,51.19620132446289
2007-09-13,70.08000183105469,50.738468170166016
2007-09-14,69.98999786376953,50.8118782043457
2007-09-17,70.97000122070312,51.05488586425781
2007-09-18,71.69999694824219,50.670597076416016
2007-09-19,71.43000030517578,50.2015495300293
2007-09-20,72.72000122070312,49.252105712890625
2007-09-21,72.33999633789062,49.67033386230469
2007-09-24,72.27999877929688,49.81160354614258
2007-09-25,72.33000183105469,49.63637161254883
2007-09-26,72.0,49.681610107421875
2007-09-27,72.69999694824219,50.02631759643555
2007-09-28,73.51000213623047,50.13936996459961
2007-10-01,73.9000015258789,50.42587661743164
2007-10-02,72.3499984741211,50.58476257324219
2007-10-03,71.9000015258789,50.43722152709961
2007-10-04,72.87000274658203,50.6301383972168
2007-10-05,73.4000015258789,50.085487365722656
2007-10-08,72.52999877929688,50.0457649230957
2007-10-09,73.08999633789062,49.983360290527344
2007-10-10,73.36000061035156,50.011695861816406
2007-10-11,73.91000366210938,49.96064376831055
2007-10-12,74.58999633789062,49.71675491333008
2007-10-15,75.13999938964844,49.72804641723633
2007-10-16,75.12000274658203,49.74504470825195
2007-10-17,74.5,50.289703369140625
2007-10-18,76.0,50.567691802978516
2007-10-19,75.69999694824219,51.32231903076172
2007-10-22,74.5999984741211,51.32796096801758
2007-10-23,75.2300033569336,51.2598991394043
2007-10-24,75.5199966430664,51.640045166015625
2007-10-25,76.02999877929688,51.46415710449219
2007-10-26,77.69000244140625,51.34499740600586
2007-10-29,78.12000274658203,51.543556213378906
2007-10-30,77.3499984741211,51.51524353027344
2007-10-31,78.62000274658203,51.04998779296875
2007-11-01,77.93000030517578,51.71327209472656
2007-11-02,79.83000183105469,51.8785400390625
2007-11-05,79.75,51.85573959350586
2007-11-06,81.43000030517578,51.604984283447266
2007-11-07,82.23999786376953,51.69620132446289
2007-11-08,82.2300033569336,51.604984283447266
2007-11-09,82.18000030517578,52.04378890991211
2007-11-12,78.30000305175781,52.231815338134766
2007-11-13,79.12000274658203,52.038055419921875
2007-11-14,80.27999877929688,52.095062255859375
2007-11-15,77.94999694824219,52.58514404296875
2007-11-16,77.75,52.659183502197266
2007-11-19,77.23999786376953,53.00113296508789
2007-11-20,79.47000122070312,52.94411087036133
2007-11-21,79.36000061035156,53.2518310546875
2007-11-23,81.25,53.41136169433594
2007-11-26,81.30000305175781,54.465667724609375
2007-11-27,80.0999984741211,53.94702911376953
2007-11-28,79.56999969482422,53.58238220214844
2007-11-29,78.27999877929688,54.04389953613281
2007-11-30,77.31999969482422,53.78179931640625
2007-12-03,78.27999877929688,54.20859909057617
2007-12-04,79.4000015258789,54.202884674072266
2007-12-05,78.62999725341797,53.55638122558594
2007-12-06,79.37000274658203,53.08725357055664
2007-12-07,78.5999984741211,52.49223709106445
2007-12-10,80.0,52.177581787109375
2007-12-11,78.83999633789062,53.20166015625
2007-12-12,80.48999786376953,52.652435302734375
2007-12-13,78.5,52.08033752441406
2007-12-14,78.5199966430664,51.84003448486328
2007-12-17,78.12999725341797,52.303428649902344
2007-12-18,79.25,52.64101028442383
2007-12-19,79.23999786376953,53.3389892578125
2007-12-20,78.66999816894531,53.22457504272461
2007-12-21,80.0999984741211,52.44645690917969
2007-12-24,80.13999938964844,52.20042419433594
2007-12-26,81.5199966430664,51.74275588989258
2007-12-27,81.55999755859375,52.30683135986328
2007-12-28,83.0,53.12251663208008
2007-12-31,82.45999908447266,53.44419860839844
2008-01-02,84.86000061035156,54.21393585205078
2008-01-03,85.56999969482422,54.13923645019531
2008-01-04,85.12999725341797,54.150733947753906
2008-01-07,84.7699966430664,54.3862419128418
2008-01-08,86.77999877929688,54.32307052612305
2008-01-09,86.55000305175781,54.42646789550781
2008-01-10,88.25,53.691226959228516
2008-01-11,88.58000183105469,54.11050796508789
2008-01-14,89.54000091552734,54.31159210205078
2008-01-15,87.98999786376953,54.92048263549805
2008-01-16,86.69999694824219,54.52409744262695
2008-01-17,86.5,55.23067092895508
2008-01-18,87.41999816894531,54.851531982421875
2008-01-22,88.16999816894531,55.43743133544922
2008-01-23,87.88999938964844,55.31105422973633
2008-01-24,90.08000183105469,54.20245361328125
2008-01-25,90.30000305175781,55.115787506103516
2008-01-28,91.75,54.90899658203125
2008-01-29,91.1500015258789,54.53556823730469
2008-01-30,92.05999755859375,54.1794319152832
2008-01-31,91.4000015258789,54.56430435180664
2008-02-01,89.3499984741211,54.892295837402344
2008-02-04,89.0999984741211,54.32740783691406
2008-02-05,87.68000030517578,54.74241638183594
2008-02-06,88.94999694824219,54.57525634765625
2008-02-07,89.8499984741211,53.39938735961914
2008-02-08,91.0,54.01039123535156
2008-02-11,91.33000183105469,54.23517990112305
2008-02-12,89.33000183105469,53.912437438964844
2008-02-13,89.44000244140625,53.34173583984375
2008-02-14,89.70999908447266,52.557777404785156
2008-02-15,89.1500015258789,52.9612922668457
2008-02-19,91.58000183105469,52.42525863647461
2008-02-20,93.23999786376953,52.78834915161133
2008-02-21,93.25,53.34749221801758
2008-02-22,93.38999938964844,53.042022705078125
2008-02-25,92.73999786376953,52.50017547607422
2008-02-26,93.70999908447266,52.51747131347656
2008-02-27,94.77999877929688,52.563568115234375
2008-02-28,95.98999786376953,53.49738693237305
2008-02-29,96.18000030517578,54.31588363647461
2008-03-03,97.23999786376953,54.175880432128906
2008-03-04,95.18000030517578,53.649410247802734
2008-03-05,97.72000122070312,53.00718688964844
2008-03-06,96.5,53.29069900512695
2008-03-07,96.08999633789062,53.36012649536133
2008-03-10,95.87000274658203,54.14692687988281
2008-03-11,95.98999786376953,53.684085845947266
2008-03-12,97.01000213623047,54.71974563598633
2008-03-13,98.33999633789062,54.29157257080078
2008-03-14,98.70999908447266,54.962703704833984
2008-03-17,99.16999816894531,55.38502883911133
2008-03-18,96.5,55.17100143432617
2008-03-19,93.04000091552734,56.08507537841797
2008-03-20,89.91000366210938,56.223968505859375
2008-03-24,90.0999984741211,55.13629913330078
2008-03-25,92.7300033569336,55.367671966552734
2008-03-26,93.80000305175781,55.13629913330078
2008-03-27,93.45999908447266,54.74863052368164
2008-03-28,91.87999725341797,55.28091049194336
2008-03-31,90.41000366210938,55.47762680053711
2008-04-01,86.86000061035156,54.574745178222656
2008-04-02,89.2699966430664,54.69093322753906
2008-04-03,89.41999816894531,54.81293487548828
2008-04-04,90.25,55.31257247924805
2008-04-07,91.16999816894531,55.02208709716797
2008-04-08,90.3499984741211,54.83039093017578
2008-04-09,92.29000091552734,55.3997688293457
2008-04-10,91.7699966430664,55.21383285522461
2008-04-11,91.30000305175781,55.58574295043945
2008-04-14,91.11000061035156,55.26030731201172
2008-04-15,91.66000366210938,54.574745178222656
2008-04-16,93.2699966430664,54.04016876220703
2008-04-17,92.55999755859375,53.9472541809082
2008-04-18,90.62000274658203,53.900733947753906
2008-04-21,90.25,54.11573028564453
2008-04-22,90.2699966430664,54.30168914794922
2008-04-23,89.22000122070312,54.12153625488281
2008-04-24,87.22000122070312,53.66251754760742
2008-04-25,87.2699966430664,53.34878158569336
2008-04-28,87.69000244140625,53.51144027709961
2008-04-29,85.80999755859375,53.714847564697266
2008-04-30,86.6500015258789,54.098323822021484
2008-05-01,83.98999786376953,54.10176467895508
2008-05-02,84.58000183105469,53.419532775878906
2008-05-05,86.2699966430664,53.419532775878906
2008-05-06,86.62999725341797,53.03465270996094
2008-05-07,85.81999969482422,53.26210403442383
2008-05-08,87.23999786376953,53.740272521972656
2008-05-09,87.41999816894531,53.93849182128906
2008-05-12,86.98999786376953,53.85688018798828
2008-05-13,85.38999938964844,53.267906188964844
2008-05-14,85.19999694824219,53.291229248046875
2008-05-15,87.0,53.77525329589844
2008-05-16,89.0999984741211,53.55365753173828
2008-05-19,89.38999938964844,53.623592376708984
2008-05-20,90.9000015258789,53.903507232666016
2008-05-21,91.95999908447266,53.915184020996094
2008-05-22,90.9800033569336,53.27956771850586
2008-05-23,91.2300033569336,53.51285934448242
2008-05-27,89.36000061035156,53.15131759643555
2008-05-28,89.13999938964844,52.67898941040039
2008-05-29,86.51000213623047,52.29999542236328
2008-05-30,87.44999694824219,52.643985748291016
2008-06-02,87.95999908447266,52.84706115722656
2008-06-03,86.87999725341797,53.22745132446289
2008-06-04,86.6500015258789,52.7534065246582
2008-06-05,86.44999694824219,52.43742752075195
2008-06-06,89.05999755859375,53.11630630493164
2008-06-09,87.98999786376953,53.11630630493164
2008-06-10,85.55000305175781,52.7710075378418
2008-06-11,87.0199966430664,52.64811325073242
2008-06-12,85.5999984741211,52.12138366699219
2008-06-13,85.83000183105469,52.01017379760742
2008-06-16,87.01000213623047,52.02189636230469
2008-06-17,87.25,52.127220153808594
2008-06-18,88.27999877929688,52.56617736816406
2008-06-19,88.41999816894531,52.25600051879883
2008-06-20,88.94999694824219,52.56026077270508
2008-06-23,87.08999633789062,52.67152786254883
2008-06-24,87.47000122070312,53.02263259887695
2008-06-25,87.41999816894531,53.0460319519043
2008-06-26,90.61000061035156,53.403072357177734
2008-06-27,91.47000122070312,54.029232025146484
2008-06-30,91.4000015258789,54.04094696044922
2008-07-01,92.66000366210938,53.91291809082031
2008-07-02,93.16999816894531,54.1948356628418
2008-07-03,92.05999755859375,54.077388763427734
2008-07-07,91.2300033569336,54.32408905029297
2008-07-08,90.86000061035156,54.67646408081055
2008-07-09,91.5,54.91730880737305
2008-07-10,93.52999877929688,54.9113883972168
2008-07-11,95.16000366210938,54.13022994995117
2008-07-14,95.91000366210938,54.605953216552734
2008-07-15,96.16999816894531,54.58838653564453
2008-07-16,94.44000244140625,53.60163497924805
2008-07-17,94.22000122070312,53.325584411621094
2008-07-18,94.16999816894531,53.1258430480957
2008-07-21,95.12000274658203,53.33143615722656
2008-07-22,93.05999755859375,53.06713104248047
2008-07-23,90.56999969482422,52.96140670776367
2008-07-24,91.33000183105469,53.47826385498047
2008-07-25,91.69000244140625,52.94375991821289
2008-07-28,91.7300033569336,53.47826385498047
2008-07-29,90.58999633789062,53.26093292236328
2008-07-30,89.5199966430664,53.31381607055664
2008-07-31,90.08000183105469,53.84245300292969
2008-08-01,89.56999969482422,53.9615364074707
2008-08-04,88.13999938964844,53.837684631347656
2008-08-05,86.08000183105469,53.43685531616211
2008-08-06,86.63999938964844,53.218772888183594
2008-08-07,86.08999633789062,54.085296630859375
2008-08-08,84.43000030517578,54.23265838623047
2008-08-11,81.12999725341797,53.71392059326172
2008-08-12,80.5199966430664,54.2149658203125
2008-08-13,81.55999755859375,54.02635955810547
2008-08-14,79.3499984741211,54.37416076660156
2008-08-15,77.62999725341797,54.845733642578125
2008-08-18,78.80000305175781,55.06386184692383
2008-08-19,80.43000030517578,54.85161590576172
2008-08-20,80.05999755859375,55.004920959472656
2008-08-21,82.30000305175781,54.90470504760742
2008-08-22,81.08000183105469,54.86933135986328
2008-08-25,80.93000030517578,55.41753387451172
2008-08-26,81.2300033569336,55.46464920043945
2008-08-27,81.36000061035156,55.55901336669922
2008-08-28,82.18000030517578,55.564918518066406
2008-08-29,81.70999908447266,55.31735610961914
2008-09-02,79.19999694824219,55.83207321166992
2008-09-03,78.88999938964844,56.068668365478516
2008-09-04,78.38999938964844,56.51834487915039
2008-09-05,78.9800033569336,56.48871994018555
2008-09-08,78.86000061035156,56.725433349609375
2008-09-09,76.48999786376953,57.28748321533203
2008-09-10,74.22000122070312,56.9324836730957
2008-09-11,73.08000183105469,56.90288543701172
2008-09-12,75.55000305175781,56.16929244995117
2008-09-15,77.55999755859375,57.99148178100586
2008-09-16,76.79000091552734,57.97962188720703
2008-09-17,85.45999908447266,58.26958084106445
2008-09-18,82.80000305175781,57.41761016845703
2008-09-19,85.9800033569336,55.59537124633789
2008-09-22,89.18000030517578,55.58948516845703
2008-09-23,88.31999969482422,55.37649154663086
2008-09-24,86.70999908447266,55.61906051635742
2008-09-25,86.44999694824219,55.50661087036133
2008-09-26,86.63999938964844,55.90895462036133
2008-09-29,89.56999969482422,57.53593444824219
2008-09-30,85.06999969482422,56.133792877197266
2008-10-01,85.97000122070312,56.839969635009766
2008-10-02,82.33000183105469,57.29691696166992
2008-10-03,82.58999633789062,57.8013916015625
2008-10-06,84.27999877929688,58.85176467895508
2008-10-07,87.2699966430664,58.6737060546875
2008-10-08,89.41999816894531,57.83103942871094
2008-10-09,89.9000015258789,57.34439468383789
2008-10-10,83.22000122070312,56.94084548950195
2008-10-13,81.98999786376953,56.210941314697266
2008-10-14,82.19999694824219,55.84891128540039
2008-10-15,83.30999755859375,56.38299560546875
2008-10-16,79.29000091552734,56.09220886230469
2008-10-17,77.20999908447266,55.70646667480469
2008-10-20,78.5,56.151546478271484
2008-10-21,76.02999877929688,56.448272705078125
2008-10-22,71.70999908447266,57.59364700317383
2008-10-23,70.6500015258789,58.02090072631836
2008-10-24,72.20999908447266,57.4037971496582
2008-10-27,72.18000030517578,57.445316314697266
2008-10-28,73.79000091552734,56.60855484008789
2008-10-29,74.0,56.32369613647461
2008-10-30,72.70999908447266,55.81332015991211
2008-10-31,71.33999633789062,55.08933639526367
2008-11-03,71.0999984741211,55.238258361816406
2008-11-04,75.4800033569336,56.27507019042969
2008-11-05,72.80000305175781,56.94230651855469
2008-11-06,72.22000122070312,56.5312385559082
2008-11-07,72.5,56.16177749633789
2008-11-10,73.58000183105469,56.43589401245117
2008-11-11,72.05000305175781,56.602691650390625
2008-11-12,70.0,56.96611022949219
2008-11-13,72.1500015258789,55.60170364379883
2008-11-14,73.30000305175781,56.70397186279297
2008-11-17,72.6500015258789,56.954227447509766
2008-11-18,72.51000213623047,57.68708038330078
2008-11-19,72.26000213623047,59.16474151611328
2008-11-20,73.44999694824219,62.22124099731445
2008-11-21,78.8499984741211,61.32154846191406
2008-11-24,80.91000366210938,60.3623046875
2008-11-25,80.87000274658203,62.13786315917969
2008-11-26,80.37999725341797,62.22124099731445
2008-11-28,80.30999755859375,62.9898681640625
2008-12-01,75.6500015258789,65.402099609375
2008-12-02,76.94999694824219,65.65319061279297
2008-12-03,76.18000030517578,65.83850860595703
2008-12-04,75.5,67.1357650756836
2008-12-05,74.5199966430664,66.04773712158203
2008-12-08,76.19999694824219,65.90425872802734
2008-12-09,76.33000183105469,67.2075424194336
2008-12-10,79.75,67.04613494873047
2008-12-11,80.6500015258789,67.1776123046875
2008-12-12,80.80999755859375,67.1776123046875
2008-12-15,82.5999984741211,67.94282531738281
2008-12-16,84.45999908447266,69.6227798461914
2008-12-17,85.43000030517578,71.5118637084961
2008-12-18,83.87000274658203,73.01237487792969
2008-12-19,82.62999725341797,73.09012603759766
2008-12-22,83.45999908447266,72.52819061279297
2008-12-23,82.62999725341797,72.4325180053711
2008-12-24,83.45999908447266,72.27708435058594
2008-12-26,85.5999984741211,72.51620483398438
2008-12-29,86.3499984741211,72.42918395996094
2008-12-30,85.9000015258789,73.11908721923828
2008-12-31,86.5199966430664,71.58938598632812
2009-01-02,86.2300033569336,69.79000854492188
2009-01-05,84.4800033569336,67.99050903320312
2009-01-06,85.12999725341797,67.30667114257812
2009-01-07,82.75,67.57061767578125
2009-01-08,84.45999908447266,67.51664733886719
2009-01-09,83.91999816894531,67.61860656738281
2009-01-12,80.76000213623047,68.3204574584961
2009-01-13,80.87999725341797,68.39236450195312
2009-01-14,79.79000091552734,69.52005004882812
2009-01-15,80.38999938964844,69.63407135009766
2009-01-16,82.70999908447266,68.56031799316406
2009-01-20,84.5199966430664,68.54832458496094
2009-01-21,84.1500015258789,66.38292694091797
2009-01-22,84.58000183105469,65.1053466796875
2009-01-23,88.52999877929688,64.59549713134766
2009-01-26,88.94999694824219,64.03160858154297
2009-01-27,88.37999725341797,65.5372085571289
2009-01-28,87.41999816894531,63.899696350097656
2009-01-29,89.5,62.43014144897461
2009-01-30,91.30999755859375,62.23215866088867
2009-02-02,88.83999633789062,63.389957427978516
2009-02-03,88.47000122070312,61.88032150268555
2009-02-04,89.18000030517578,61.66374206542969
2009-02-05,90.12000274658203,61.71786880493164
2009-02-06,89.58999633789062,61.52541732788086
2009-02-09,88.31999969482422,61.72386169433594
2009-02-10,90.20999908447266,63.0651969909668
2009-02-11,92.29000091552734,63.883235931396484
2009-02-12,93.16999816894531,63.2817268371582
2009-02-13,92.55000305175781,61.597564697265625
2009-02-17,95.44999694824219,63.516319274902344
2009-02-18,96.91000366210938,62.975013732910156
2009-02-19,95.7699966430664,61.90431594848633
2009-02-20,97.80000305175781,62.505828857421875
2009-02-23,97.7300033569336,63.083251953125
2009-02-24,94.7300033569336,63.017059326171875
2009-02-25,93.1500015258789,62.2893180847168
2009-02-26,93.05999755859375,61.633705139160156
2009-02-27,92.62999725341797,61.27876663208008
2009-03-02,90.93000030517578,62.2933235168457
2009-03-03,90.04000091552734,61.877140045166016
2009-03-04,88.98999786376953,61.5936164855957
2009-03-05,91.98999786376953,63.30656433105469
2009-03-06,92.29000091552734,62.8843994140625
2009-03-09,90.56999969482422,62.516510009765625
2009-03-10,88.13999938964844,61.31626892089844
2009-03-11,89.22000122070312,61.97966766357422
2009-03-12,91.0999984741211,62.27521896362305
2009-03-13,91.30000305175781,61.96161651611328
2009-03-16,90.80000305175781,60.98447036743164
2009-03-17,90.04000091552734,60.652706146240234
2009-03-18,93.08999633789062,62.9506721496582
2009-03-19,94.3499984741211,63.02914047241211
2009-03-20,93.58999633789062,62.679359436035156
2009-03-23,92.08000183105469,62.136497497558594
2009-03-24,90.94999694824219,62.7275276184082
2009-03-25,91.9800033569336,61.88320541381836
2009-03-26,91.93000030517578,62.600894927978516
2009-03-27,90.69000244140625,63.06532287597656
2009-03-30,89.9800033569336,63.30656433105469
2009-03-31,90.27999877929688,63.75895309448242
2009-04-01,91.02999877929688,64.34085845947266
2009-04-02,88.80000305175781,63.554527282714844
2009-04-03,87.58999633789062,62.25402069091797
2009-04-06,85.2699966430664,61.987857818603516
2009-04-07,86.73999786376953,62.1451416015625
2009-04-08,86.61000061035156,62.695613861083984
2009-04-09,86.30999755859375,61.909217834472656
2009-04-13,87.87999725341797,62.47783279418945
2009-04-14,87.37000274658203,62.80442428588867
2009-04-15,87.5,62.695613861083984
2009-04-16,85.80999755859375,62.199607849121094
2009-04-17,85.22000122070312,61.51605987548828
2009-04-20,86.94999694824219,62.447593688964844
2009-04-21,86.88999938964844,61.83060073852539
2009-04-22,87.37999725341797,61.45561218261719
2009-04-23,88.80000305175781,61.44950866699219
2009-04-24,89.72000122070312,60.83259582519531
2009-04-27,89.01000213623047,61.0926513671875
2009-04-28,87.75,60.09461975097656
2009-04-29,88.33000183105469,59.56232833862305
2009-04-30,87.2699966430664,59.32640075683594
2009-05-01,86.94999694824219,58.91807174682617
2009-05-04,88.63999938964844,59.11223220825195
2009-05-05,88.25,59.03939437866211
2009-05-06,89.54000091552734,58.89988708496094
2009-05-07,89.44000244140625,57.46194839477539
2009-05-08,89.9800033569336,57.60152816772461
2009-05-11,89.69000244140625,58.42060852050781
2009-05-12,90.69999694824219,58.63291931152344
2009-05-13,91.08999633789062,59.270023345947266
2009-05-14,91.02999877929688,59.50055694580078
2009-05-15,91.55000305175781,59.48234939575195
2009-05-18,90.36000061035156,58.56013870239258
2009-05-19,90.95999908447266,58.250694274902344
2009-05-20,92.25,58.863521575927734
2009-05-21,93.8499984741211,57.383113861083984
2009-05-22,94.1500015258789,56.74604415893555
2009-05-26,93.76000213623047,55.89059066772461
2009-05-27,93.44999694824219,54.90164566040039
2009-05-28,94.23999786376953,55.69645690917969
2009-05-29,96.19999694824219,57.134342193603516
2009-06-01,95.7300033569336,55.44526290893555
2009-06-02,96.36000061035156,55.74350357055664
2009-06-03,94.41000366210938,56.266944885253906
2009-06-04,96.2300033569336,55.104373931884766
2009-06-05,93.70999908447266,54.68438720703125
2009-06-08,93.55999755859375,54.54436111450195
2009-06-09,93.83000183105469,54.538360595703125
2009-06-10,93.86000061035156,53.68003845214844
2009-06-11,93.69999694824219,54.27656555175781
2009-06-12,92.16999816894531,54.763511657714844
2009-06-15,91.0999984741211,55.256568908691406
2009-06-16,91.93000030517578,56.21827697753906
2009-06-17,92.3499984741211,55.90177536010742
2009-06-18,91.61000061035156,55.055694580078125
2009-06-19,91.9000015258789,55.810462951660156
2009-06-22,90.54000091552734,56.352210998535156
2009-06-23,90.91999816894531,57.01568603515625
2009-06-24,91.44999694824219,56.44355010986328
2009-06-25,92.30999755859375,57.47825241088867
2009-06-26,92.29000091552734,57.575660705566406
2009-06-29,92.04000091552734,57.66086959838867
2009-06-30,91.18000030517578,57.56351089477539
2009-07-01,92.38999938964844,57.449317932128906
2009-07-02,91.25,57.58361053466797
2009-07-06,90.76000213623047,57.4737434387207
2009-07-07,90.70999908447266,57.85840606689453
2009-07-08,89.2699966430664,58.92705154418945
2009-07-09,89.51000213623047,58.224822998046875
2009-07-10,89.58000183105469,58.76217269897461
2009-07-13,90.19000244140625,58.43246078491211
2009-07-14,90.80999755859375,57.46152877807617
2009-07-15,92.23999786376953,55.9837760925293
2009-07-16,91.9800033569336,56.5882568359375
2009-07-17,91.93000030517578,55.715057373046875
2009-07-20,93.27999877929688,56.008182525634766
2009-07-21,93.12999725341797,57.12565994262695
2009-07-22,93.44000244140625,56.61268615722656
2009-07-23,93.26000213623047,55.57460021972656
2009-07-24,93.41000366210938,55.84328079223633
2009-07-27,93.70999908447266,55.2021369934082
2009-07-28,92.11000061035156,55.69063949584961
2009-07-29,91.19999694824219,55.99592208862305
2009-07-30,91.62000274658203,56.789794921875
2009-07-31,93.3499984741211,57.89501190185547
2009-08-03,93.87000274658203,57.01768112182617
2009-08-04,94.68000030517578,56.564273834228516
2009-08-05,94.77999877929688,55.71878433227539
2009-08-06,94.5999984741211,55.90869903564453
2009-08-07,93.75,55.44303894042969
2009-08-10,92.93000030517578,56.135398864746094
2009-08-11,92.79000091552734,56.78485107421875
2009-08-12,92.94999694824219,56.17827606201172
2009-08-13,93.72000122070312,56.97476577758789
2009-08-14,93.0,57.195377349853516
2009-08-17,91.61000061035156,58.04086685180664
2009-08-18,92.05999755859375,57.70390701293945
2009-08-19,92.52999877929688,58.181758880615234
2009-08-20,92.2699966430664,58.65968704223633
2009-08-21,93.6500015258789,57.45269012451172
2009-08-24,92.33999633789062,58.49427032470703
2009-08-25,92.76000213623047,58.82515335083008
2009-08-26,92.79000091552734,59.09471893310547
2009-08-27,93.19000244140625,58.861907958984375
2009-08-28,93.87000274658203,59.131492614746094
2009-08-31,93.4000015258789,59.1866340637207
2009-09-01,93.9000015258789,59.043392181396484
2009-09-02,96.19000244140625,59.90393829345703
2009-09-03,97.45999908447266,59.53517532348633
2009-09-04,97.52999877929688,58.52095413208008
2009-09-08,97.43000030517578,58.109127044677734
2009-09-09,97.08000183105469,58.04155349731445
2009-09-10,97.69999694824219,59.11101531982422
2009-09-11,98.77999877929688,59.436832427978516
2009-09-14,97.95999908447266,58.8466911315918
2009-09-15,98.9000015258789,58.54554748535156
2009-09-16,99.91000366210938,58.65001678466797
2009-09-17,99.33999633789062,59.38763427734375
2009-09-18,98.66999816894531,58.85899353027344
2009-09-21,98.36000061035156,58.99423599243164
2009-09-22,99.66999816894531,59.117156982421875
2009-09-23,98.83000183105469,59.295433044433594
2009-09-24,97.55000305175781,59.467533111572266
2009-09-25,97.0,60.22357177734375
2009-09-28,97.05000305175781,60.75211715698242
2009-09-29,97.43000030517578,60.696834564208984
2009-09-30,98.8499984741211,60.64149475097656
2009-10-01,97.88999938964844,61.47206497192383
2009-10-02,98.37000274658203,61.04658889770508
2009-10-05,99.81999969482422,61.052757263183594
2009-10-06,102.27999877929688,60.4484977722168
2009-10-07,102.36000061035156,61.157623291015625
2009-10-08,103.63999938964844,60.51632308959961
2009-10-09,102.83999633789062,59.12908935546875
2009-10-12,103.55999755859375,59.2215690612793
2009-10-13,104.26000213623047,59.52981948852539
2009-10-14,104.18000030517578,58.64812469482422
2009-10-15,102.86000061035156,58.37686538696289
2009-10-16,103.18000030517578,58.85161590576172
2009-10-19,104.2300033569336,59.31401824951172
2009-10-20,103.41999816894531,59.63461685180664
2009-10-21,103.75,59.27705001831055
2009-10-22,103.91999816894531,58.987220764160156
2009-10-23,103.48999786376953,58.54331970214844
2009-10-26,101.86000061035156,57.784889221191406
2009-10-27,101.8499984741211,58.57419204711914
2009-10-28,100.7300033569336,58.85161590576172
2009-10-29,102.69000244140625,58.21036911010742
2009-10-30,102.52999877929688,59.05507278442383
2009-11-02,103.94999694824219,58.79399871826172
2009-11-03,106.45999908447266,58.20644760131836
2009-11-04,107.0999984741211,57.67441177368164
2009-11-05,106.9800033569336,57.67441177368164
2009-11-06,107.43000030517578,57.730133056640625
2009-11-09,108.19000244140625,57.79816436767578
2009-11-10,108.38999938964844,57.69300079345703
2009-11-11,109.5999984741211,57.9342155456543
2009-11-12,108.20999908447266,57.829097747802734
2009-11-13,109.73999786376953,58.09505844116211
2009-11-16,111.62999725341797,58.775474548339844
2009-11-17,111.97000122070312,59.09092712402344
2009-11-18,112.25,58.74453353881836
2009-11-19,112.30000305175781,58.849693298339844
2009-11-20,112.94000244140625,58.837318420410156
2009-11-23,114.29000091552734,58.76313400268555
2009-11-24,114.7300033569336,59.13427734375
2009-11-25,116.62000274658203,59.40640640258789
2009-11-27,115.05999755859375,59.62910461425781
2009-11-30,115.63999938964844,59.771339416503906
2009-12-01,117.37999725341797,59.105594635009766
2009-12-02,119.18000030517578,59.15517807006836
2009-12-03,118.69999694824219,58.54085922241211
2009-12-04,113.75,57.92031478881836
2009-12-07,113.11000061035156,57.994789123535156
2009-12-08,110.94999694824219,58.08168029785156
2009-12-09,110.83999633789062,57.814823150634766
2009-12-10,110.81999969482422,57.1508674621582
2009-12-11,109.31999969482422,57.14461898803711
2009-12-14,110.23999786376953,57.212913513183594
2009-12-15,110.20999908447266,56.95849609375
2009-12-16,111.58999633789062,56.890262603759766
2009-12-17,107.33999633789062,57.82722854614258
2009-12-18,108.94999694824219,57.57904052734375
2009-12-21,106.94999694824219,56.55513381958008
2009-12-22,106.16999816894531,56.238685607910156
2009-12-23,106.55000305175781,56.25111389160156
2009-12-24,108.36000061035156,55.667781829833984
2009-12-28,108.55000305175781,55.51264572143555
2009-12-29,107.47000122070312,55.87884521484375
2009-12-30,106.93000030517578,56.246307373046875
2009-12-31,107.30999755859375,55.97843551635742
2010-01-04,109.80000305175781,55.92866134643555
2010-01-05,109.69999694824219,56.28987121582031
2010-01-06,111.51000213623047,55.53632736206055
2010-01-07,110.81999969482422,55.62971878051758
2010-01-08,111.37000274658203,55.6048583984375
2010-01-11,112.8499984741211,55.29967498779297
2010-01-12,110.48999786376953,56.246307373046875
2010-01-13,111.54000091552734,55.59236526489258
2010-01-14,112.02999877929688,56.370792388916016
2010-01-15,110.86000061035156,56.71955108642578
2010-01-19,111.5199966430664,56.55762481689453
2010-01-20,108.94000244140625,57.13053894042969
2010-01-21,107.37000274658203,57.392112731933594
2010-01-22,107.16999816894531,57.292476654052734
2010-01-25,107.4800033569336,57.03090286254883
2010-01-26,107.55999755859375,57.049617767333984
2010-01-27,106.52999877929688,57.018463134765625
2010-01-28,106.4800033569336,56.98731994628906
2010-01-29,105.95999908447266,57.48554229736328
2010-02-01,108.3499984741211,56.96370315551758
2010-02-02,109.12999725341797,57.126155853271484
2010-02-03,108.69999694824219,56.46371841430664
2010-02-04,104.37000274658203,57.35740280151367
2010-02-05,104.68000030517578,57.482398986816406
2010-02-08,104.04000091552734,57.55739974975586
2010-02-09,105.41000366210938,56.98242950439453
2010-02-10,105.12000274658203,56.43873596191406
2010-02-11,107.12999725341797,56.132503509521484
2010-02-12,107.04000091552734,56.36376190185547
2010-02-16,109.62000274658203,56.4699821472168
2010-02-17,109.25,55.82627868652344
2010-02-18,109.9800033569336,55.60130310058594
2010-02-19,109.47000122070312,55.90126419067383
2010-02-22,109.06999969482422,55.67007064819336
2010-02-23,107.88999938964844,56.53874588012695
2010-02-24,107.36000061035156,56.67620849609375
2010-02-25,108.30999755859375,56.99493408203125
2010-02-26,109.43000030517578,57.288639068603516
2010-03-01,109.43000030517578,57.26361846923828
2010-03-02,111.0199966430664,57.18836975097656
2010-03-03,111.62999725341797,57.04417037963867
2010-03-04,110.83000183105469,57.345069885253906
2010-03-05,110.80999755859375,56.5927619934082
2010-03-08,109.87999725341797,56.29810333251953
2010-03-09,109.72000122070312,56.31063461303711
2010-03-10,108.47000122070312,56.166446685791016
2010-03-11,108.5999984741211,56.373313903808594
2010-03-12,107.94999694824219,56.724403381347656
2010-03-15,108.36000061035156,56.649173736572266
2010-03-16,110.4000015258789,57.10057067871094
2010-03-17,109.58999633789062,57.345069885253906
2010-03-18,110.33999633789062,57.15705108642578
2010-03-19,108.27999877929688,57.21343994140625
2010-03-22,107.75,57.27614212036133
2010-03-23,108.31999969482422,57.00654220581055
2010-03-24,106.30000305175781,55.965816497802734
2010-03-25,106.77999877929688,55.6085090637207
2010-03-26,108.58999633789062,55.765228271484375
2010-03-29,108.75,55.55205154418945
2010-03-30,107.97000122070312,55.72763442993164
2010-03-31,108.94999694824219,56.110015869140625
2010-04-01,110.26000213623047,55.972835540771484
2010-04-05,110.88999938964844,55.04157257080078
2010-04-06,111.02999877929688,55.12964630126953
2010-04-07,112.48999786376953,55.83442306518555
2010-04-08,112.6500015258789,55.859596252441406
2010-04-09,113.63999938964844,55.99171829223633
2010-04-12,113.01000213623047,56.287498474121094
2010-04-13,112.69000244140625,56.46995544433594
2010-04-14,113.02999877929688,56.07351303100586
2010-04-15,113.6500015258789,56.13642120361328
2010-04-16,111.23999786376953,56.54548263549805
2010-04-19,111.1500015258789,56.407039642333984
2010-04-20,111.45999908447266,56.60844421386719
2010-04-21,112.30999755859375,57.07402801513672
2010-04-22,111.83999633789062,56.90415954589844
2010-04-23,113.19000244140625,56.70276641845703
2010-04-26,112.75,56.76569366455078
2010-04-27,114.62999725341797,57.564918518066406
2010-04-28,114.30999755859375,57.07402801513672
2010-04-29,114.27999877929688,57.31317901611328
2010-04-30,115.36000061035156,57.973915100097656
2010-05-03,115.7300033569336,57.89809799194336
2010-05-04,114.87000274658203,58.940032958984375
2010-05-05,115.08999633789062,59.28739547729492
2010-05-06,118.48999786376953,61.11851501464844
2010-05-07,118.2699966430664,60.35449981689453
2010-05-10,117.56999969482422,59.104183197021484
2010-05-11,120.66000366210938,58.9526481628418
2010-05-12,121.4000015258789,58.50429916381836
2010-05-13,120.55999755859375,58.88956069946289
2010-05-14,120.37000274658203,59.91245651245117
2010-05-17,119.36000061035156,59.691471099853516
2010-05-18,119.48999786376953,60.60708236694336
2010-05-19,116.62999725341797,60.809139251708984
2010-05-20,115.83999633789062,62.09092712402344
2010-05-21,115.22000122070312,62.154117584228516
2010-05-24,116.83999633789062,61.93946075439453
2010-05-25,117.36000061035156,62.24250793457031
2010-05-26,118.47000122070312,62.06570053100586
2010-05-27,118.69000244140625,60.65755844116211
2010-05-28,118.87999725341797,60.9354248046875
2010-06-01,119.91000366210938,61.36368942260742
2010-06-02,119.77999877929688,60.78085708618164
2010-06-03,117.95999908447266,60.337284088134766
2010-06-04,119.19000244140625,61.95933151245117
2010-06-07,121.48999786376953,62.43450164794922
2010-06-08,121.0,62.124080657958984
2010-06-09,120.55999755859375,62.05435562133789
2010-06-10,118.97000122070312,60.945533752441406
2010-06-11,120.01000213623047,61.71855163574219
2010-06-14,119.5999984741211,61.40177536010742
2010-06-15,120.98999786376953,61.1483268737793
2010-06-16,120.33000183105469,61.496822357177734
2010-06-17,121.9000015258789,61.99734115600586
2010-06-18,122.83000183105469,61.89598846435547
2010-06-21,120.38999938964844,61.71855163574219
2010-06-22,121.44999694824219,62.45347213745117
2010-06-23,120.94999694824219,62.87807083129883
2010-06-24,121.30000305175781,62.50420379638672
2010-06-25,122.76000213623047,62.757598876953125
2010-06-28,121.08999633789062,63.34690856933594
2010-06-29,121.2699966430664,64.03752899169922
2010-06-30,121.68000030517578,64.46834564208984
2010-07-01,117.04000091552734,64.57003021240234
2010-07-02,118.48999786376953,64.05525970458984
2010-07-06,116.51000213623047,64.58275604248047
2010-07-07,117.7300033569336,63.826499938964844
2010-07-08,117.20999908447266,63.419761657714844
2010-07-09,118.36000061035156,63.057518005371094
2010-07-12,117.33999633789062,63.03207778930664
2010-07-13,118.36000061035156,62.491825103759766
2010-07-14,118.30000305175781,63.12102127075195
2010-07-15,118.2300033569336,63.75021743774414
2010-07-16,116.66999816894531,64.06163024902344
2010-07-19,115.7300033569336,63.6676025390625
2010-07-20,116.6500015258789,63.7629508972168
2010-07-21,115.8499984741211,64.84333801269531
2010-07-22,116.86000061035156,64.09339141845703
2010-07-23,116.08999633789062,63.41337203979492
2010-07-26,115.5199966430664,63.30536651611328
2010-07-27,113.51000213623047,62.69520568847656
2010-07-28,113.77999877929688,62.89860916137695
2010-07-29,114.29000091552734,62.879512786865234
2010-07-30,115.48999786376953,63.858253479003906
2010-08-02,115.54000091552734,62.96181106567383
2010-08-03,115.98999786376953,63.32521438598633
2010-08-04,116.72000122070312,62.84064483642578
2010-08-05,116.9800033569336,63.13395309448242
2010-08-06,117.83999633789062,63.82255935668945
2010-08-09,117.4000015258789,63.5866584777832
2010-08-10,117.7300033569336,63.720542907714844
2010-08-11,117.33999633789062,64.57485961914062
2010-08-12,118.7699966430664,64.4155044555664
2010-08-13,118.73999786376953,65.21891021728516
2010-08-16,119.7300033569336,66.85113525390625
2010-08-17,119.75,66.46856689453125
2010-08-18,120.22000122070312,66.64704132080078
2010-08-19,120.38999938964844,67.68632507324219
2010-08-20,119.97000122070312,67.60984802246094
2010-08-23,119.77999877929688,67.62255859375
2010-08-24,120.36000061035156,68.70648193359375
2010-08-25,121.36000061035156,68.48335266113281
2010-08-26,120.95999908447266,69.12726593017578
2010-08-27,121.01000213623047,67.16986846923828
2010-08-30,120.91000366210938,68.45777893066406
2010-08-31,122.08000183105469,69.2165298461914
2010-09-01,121.69000244140625,67.7853775024414
2010-09-02,122.29000091552734,67.06912994384766
2010-09-03,121.86000061035156,66.23784637451172
2010-09-07,122.69999694824219,67.593505859375
2010-09-08,122.70999908447266,67.05634307861328
2010-09-09,121.55999755859375,65.73262786865234
2010-09-10,121.7300033569336,65.43204498291016
2010-09-13,121.62000274658203,65.7518081665039
2010-09-14,124.0199966430664,66.38489532470703
2010-09-15,123.94000244140625,65.40007781982422
2010-09-16,124.62999725341797,64.75423431396484
2010-09-17,124.54000091552734,65.01644897460938
2010-09-20,124.87000274658203,65.3936538696289
2010-09-21,126.01000213623047,66.30177307128906
2010-09-22,126.19999694824219,66.89646911621094
2010-09-23,126.30000305175781,67.08834075927734
2010-09-24,126.69000244140625,66.18667602539062
2010-09-27,126.72000122070312,67.33773803710938
2010-09-28,127.8499984741211,67.79817962646484
2010-09-29,127.94999694824219,67.51676940917969
2010-09-30,127.91000366210938,67.4720230102539
2010-10-01,128.91000366210938,67.14598083496094
2010-10-04,128.4600067138672,67.31925201416016
2010-10-05,130.99000549316406,66.91485595703125
2010-10-06,131.80999755859375,67.7557373046875
2010-10-07,130.3699951171875,67.19087219238281
2010-10-08,131.66000366210938,66.89561462402344
2010-10-11,132.2899932861328,66.908447265625
2010-10-12,131.9600067138672,66.24732971191406
2010-10-13,134.07000732421875,66.1446533203125
2010-10-14,134.75,65.15617370605469
2010-10-15,133.67999267578125,64.36022186279297
2010-10-18,134.27999877929688,64.88016510009766
2010-10-19,130.11000061035156,65.27171325683594
2010-10-20,131.32000732421875,65.41287231445312
2010-10-21,129.47000122070312,64.6362075805664
2010-10-22,129.72999572753906,65.07270050048828
2010-10-25,130.85000610351562,65.2588882446289
2010-10-26,130.8800048828125,64.25115966796875
2010-10-27,129.52000427246094,63.68632507324219
2010-10-28,131.24000549316406,63.85956573486328
2010-10-29,132.6199951171875,64.45654296875
2010-11-01,131.9199981689453,64.17898559570312
2010-11-02,132.49000549316406,65.02252197265625
2010-11-03,131.57000732421875,63.696075439453125
2010-11-04,136.02999877929688,64.19189453125
2010-11-05,136.3800048828125,63.09078598022461
2010-11-08,137.77999877929688,63.37411117553711
2010-11-09,135.58999633789062,61.976783752441406
2010-11-10,137.24000549316406,62.06055450439453
2010-11-11,137.66000366210938,62.02830123901367
2010-11-12,133.69000244140625,61.693477630615234
2010-11-15,132.4199981689453,60.40562438964844
2010-11-16,130.97000122070312,61.905914306640625
2010-11-17,130.3800048828125,61.564720153808594
2010-11-18,132.08999633789062,61.815834045410156
2010-11-19,132.1999969482422,62.19575500488281
2010-11-22,133.47999572753906,62.459720611572266
2010-11-23,134.41000366210938,62.768802642822266
2010-11-24,134.17999267578125,61.6484489440918
2010-11-26,133.11000061035156,62.50483322143555
2010-11-29,133.50999450683594,63.03924560546875
2010-11-30,135.4199981689453,63.36769104003906
2010-12-01,135.3800048828125,61.95907211303711
2010-12-02,135.1999969482422,61.79753875732422
2010-12-03,138.07000732421875,61.31290817260742
2010-12-06,139.11000061035156,62.178749084472656
2010-12-07,136.5,60.8476676940918
2010-12-08,134.7899932861328,60.25969696044922
2010-12-09,135.3699951171875,60.55690383911133
2010-12-10,135.41000366210938,60.188655853271484
2010-12-13,136.0500030517578,60.41477584838867
2010-12-14,136.17999267578125,59.53600311279297
2010-12-15,134.6999969482422,58.76061248779297
2010-12-16,133.80999755859375,59.167694091796875
2010-12-17,134.1999969482422,60.246761322021484
2010-12-20,135.11000061035156,60.18214797973633
2010-12-21,135.32000732421875,60.602176666259766
2010-12-22,135.0500030517578,60.16920471191406
2010-12-23,134.66000366210938,60.04646682739258
2010-12-27,135.02000427246094,60.582759857177734
2010-12-28,137.22000122070312,59.39626693725586
2010-12-29,137.7100067138672,60.40123748779297
2010-12-30,137.02999877929688,60.355857849121094
2010-12-31,138.72000122070312,61.02367401123047
2011-01-03,138.0,60.563297271728516
2011-01-04,134.75,60.634620666503906
2011-01-05,134.3699951171875,59.29899215698242
2011-01-06,133.8300018310547,59.5583381652832
2011-01-07,133.5800018310547,59.87605667114258
2011-01-10,134.1199951171875,60.200199127197266
2011-01-11,134.91000366210938,59.86306381225586
2011-01-12,135.4600067138672,59.39626693725586
2011-01-13,134.0500030517578,59.92796325683594
2011-01-14,132.69000244140625,59.545413970947266
2011-01-18,133.42999267578125,59.26660919189453
2011-01-19,133.72000122070312,59.69450378417969
2011-01-20,131.1999969482422,58.87107467651367
2011-01-21,131.02999877929688,59.33793640136719
2011-01-24,130.36000061035156,59.363834381103516
2011-01-25,130.10000610351562,59.92796325683594
2011-01-26,131.16000366210938,59.020198822021484
2011-01-27,127.93000030517578,59.28604507446289
2011-01-28,130.27999877929688,59.59724044799805
2011-01-31,129.8699951171875,59.14341354370117
2011-02-01,130.8000030517578,58.85060501098633
2011-02-02,130.4499969482422,58.863643646240234
2011-02-03,132.1999969482422,58.375606536865234
2011-02-04,131.66000366210938,57.78353500366211
2011-02-07,131.67999267578125,58.08287811279297
2011-02-08,133.13999938964844,57.54933166503906
2011-02-09,133.07000732421875,58.05033874511719
2011-02-10,132.85000610351562,57.38016891479492
2011-02-11,132.32000732421875,58.206459045410156
2011-02-14,132.9499969482422,58.24553298950195
2011-02-15,133.97000122070312,58.50575256347656
2011-02-16,134.10000610351562,58.31706619262695
2011-02-17,135.0399932861328,58.408199310302734
2011-02-18,135.41000366210938,58.22598648071289
2011-02-22,136.2899932861328,59.0978889465332
2011-02-23,137.50999450683594,59.31255340576172
2011-02-24,136.47999572753906,59.68994903564453
2011-02-25,137.3800048828125,60.041316986083984
2011-02-28,137.66000366210938,60.119354248046875
2011-03-01,140.02999877929688,60.29366683959961
2011-03-02,139.9199981689453,59.36675262451172
2011-03-03,138.08999633789062,58.78581237792969
2011-03-04,139.35000610351562,59.27536392211914
2011-03-07,139.72000122070312,58.896812438964844
2011-03-08,139.36000061035156,58.53777313232422
2011-03-09,139.41000366210938,59.105690002441406
2011-03-10,137.77000427246094,60.09784698486328
2011-03-11,138.22000122070312,59.758392333984375
2011-03-14,138.86000061035156,59.7322883605957
2011-03-15,136.27000427246094,60.62651824951172
2011-03-16,136.24000549316406,61.311920166015625
2011-03-17,136.97000122070312,60.84194564819336
2011-03-18,138.3699951171875,61.005157470703125
2011-03-21,139.13999938964844,60.6461296081543
2011-03-22,139.0500030517578,60.8485107421875
2011-03-23,140.33999633789062,60.770164489746094
2011-03-24,139.22000122070312,60.31321716308594
2011-03-25,139.25999450683594,60.163089752197266
2011-03-28,138.5399932861328,60.24797439575195
2011-03-29,138.2100067138672,59.78447341918945
2011-03-30,138.6699981689453,60.26097106933594
2011-03-31,139.86000061035156,60.13701248168945
2011-04-01,139.1999969482422,60.42931365966797
2011-04-04,139.83999633789062,60.49489974975586
2011-04-05,142.0500030517578,60.252376556396484
2011-04-06,142.3800048828125,59.347774505615234
2011-04-07,142.50999450683594,59.22977828979492
2011-04-08,143.66000366210938,58.915157318115234
2011-04-11,142.63999938964844,58.96765899658203
2011-04-12,141.61000061035156,59.60342025756836
2011-04-13,141.89999389648438,59.97705078125
2011-04-14,143.80999755859375,59.931148529052734
2011-04-15,145.0500030517578,60.743988037109375
2011-04-18,145.92999267578125,60.88161849975586
2011-04-19,145.92999267578125,61.143829345703125
2011-04-20,146.5,60.75053405761719
2011-04-21,146.74000549316406,60.69806671142578
2011-04-25,146.8699951171875,60.927494049072266
2011-04-26,146.3800048828125,61.51749038696289
2011-04-27,149.1999969482422,60.888214111328125
2011-04-28,149.82000732421875,61.3535270690918
2011-04-29,152.3699951171875,61.54368591308594
2011-05-02,150.41000366210938,61.64242935180664
2011-05-03,149.8800048828125,61.99125671386719
2011-05-04,147.72999572753906,62.267799377441406
2011-05-05,143.47000122070312,62.8602409362793
2011-05-06,145.3000030517578,62.58378982543945
2011-05-09,147.3800048828125,62.51790237426758
2011-05-10,147.89999389648438,62.070274353027344
2011-05-11,146.5399932861328,62.4257698059082
2011-05-12,146.58999633789062,62.03080749511719
2011-05-13,145.6300048828125,62.590354919433594
2011-05-16,145.3699951171875,62.939239501953125
2011-05-17,144.74000549316406,63.584346771240234
2011-05-18,145.60000610351562,62.74173355102539
2011-05-19,145.64999389648438,62.715415954589844
2011-05-20,147.49000549316406,62.74834060668945
2011-05-23,147.8300018310547,63.05116653442383
2011-05-24,148.58999633789062,63.28813171386719
2011-05-25,148.5800018310547,62.991912841796875
2011-05-26,148.22000122070312,63.53171920776367
2011-05-27,149.6999969482422,63.50539016723633
2011-05-31,149.63999938964844,63.650211334228516
2011-06-01,149.91000366210938,64.51043701171875
2011-06-02,149.5,63.281551361083984
2011-06-03,150.22000122070312,63.64490509033203
2011-06-06,150.47999572753906,63.16259002685547
2011-06-07,150.4199981689453,63.45338821411133
2011-06-08,149.80999755859375,63.94879913330078
2011-06-09,150.55999755859375,63.69120788574219
2011-06-10,149.24000549316406,64.1800537109375
2011-06-13,147.77000427246094,63.85633850097656
2011-06-14,148.6699981689453,62.8917121887207
2011-06-15,149.1199951171875,64.03475952148438
2011-06-16,148.97000122070312,64.32543182373047
2011-06-17,149.94000244140625,64.02151489257812
2011-06-20,150.02999877929688,64.10079193115234
2011-06-21,150.75999450683594,63.81669235229492
2011-06-22,150.99000549316406,63.85633850097656
2011-06-23,148.33999633789062,64.34524536132812
2011-06-24,146.25999450683594,64.07440185546875
2011-06-27,145.72999572753906,63.19565200805664
2011-06-28,146.24000549316406,62.68687438964844
2011-06-29,147.17999267578125,62.27062225341797
2011-06-30,146.0,62.17155456542969
2011-07-01,144.92999267578125,62.072086334228516
2011-07-05,147.6300048828125,62.21126937866211
2011-07-06,148.91000366210938,62.529571533203125
2011-07-07,149.14999389648438,62.343929290771484
2011-07-08,150.25,63.225624084472656
2011-07-11,151.58999633789062,64.17366790771484
2011-07-12,152.77000427246094,64.39244079589844
2011-07-13,154.13999938964844,64.57145690917969
2011-07-14,154.5399932861328,63.64992141723633
2011-07-15,155.1999969482422,63.755985260009766
2011-07-18,156.57000732421875,63.13947677612305
2011-07-19,154.66000366210938,64.45210266113281
2011-07-20,156.02000427246094,63.689727783203125
2011-07-21,154.8300018310547,63.19912338256836
2011-07-22,156.1199951171875,63.676475524902344
2011-07-25,157.33999633789062,62.98037338256836
2011-07-26,157.77000427246094,63.411293029785156
2011-07-27,157.19000244140625,63.41789627075195
2011-07-28,157.32000732421875,63.656578063964844
2011-07-29,158.2899932861328,64.91614532470703
2011-08-01,157.72000122070312,65.57137298583984
2011-08-02,161.52000427246094,67.54024505615234
2011-08-03,161.49000549316406,67.67326354980469
2011-08-04,160.63999938964844,70.08114624023438
2011-08-05,161.75,68.0590591430664
2011-08-08,167.1199951171875,70.20751190185547
2011-08-09,168.61000061035156,70.42037963867188
2011-08-10,174.5800018310547,72.51560974121094
2011-08-11,170.75,68.85726165771484
2011-08-12,169.97000122070312,70.22083282470703
2011-08-15,171.8000030517578,69.50912475585938
2011-08-16,173.9199981689453,70.65987396240234
2011-08-17,174.4199981689453,71.89701843261719
2011-08-18,177.72000122070312,73.37371063232422
2011-08-19,179.9499969482422,73.96564483642578
2011-08-22,184.58999633789062,73.7793960571289
2011-08-23,177.6699981689453,72.76171112060547
2011-08-24,171.64999389648438,70.693115234375
2011-08-25,172.36000061035156,71.4580078125
2011-08-26,177.47000122070312,72.1630859375
2011-08-29,173.88999938964844,71.16535186767578
2011-08-30,179.10000610351562,72.30945587158203
2011-08-31,177.72000122070312,71.19197082519531
2011-09-01,177.8699951171875,72.70108795166016
2011-09-02,183.24000549316406,75.0628662109375
2011-09-06,182.89999389648438,75.84346771240234
2011-09-07,177.0800018310547,74.39572143554688
2011-09-08,181.80999755859375,75.0628662109375
2011-09-09,180.6999969482422,75.86345672607422
2011-09-12,176.6699981689453,75.94345092773438
2011-09-13,178.5399932861328,74.86270904541016
2011-09-14,177.2100067138672,75.49647521972656
2011-09-15,174.39999389648438,74.3423080444336
2011-09-16,176.02999877929688,74.88272857666016
2011-09-19,173.30999755859375,76.31044006347656
2011-09-20,175.77999877929688,76.63067626953125
2011-09-21,173.58999633789062,79.1659164428711
2011-09-22,169.0500030517578,82.14146423339844
2011-09-23,159.8000030517578,80.6136703491211
2011-09-26,157.5800018310547,79.31940460205078
2011-09-27,160.6300048828125,78.1051025390625
2011-09-28,156.22000122070312,78.07845306396484
2011-09-29,157.6999969482422,78.61881256103516
2011-09-30,158.05999755859375,80.59363555908203
2011-10-03,160.9600067138672,82.81161499023438
2011-10-04,157.63999938964844,81.76153564453125
2011-10-05,159.4600067138672,81.17293548583984
2011-10-06,160.49000549316406,79.67464447021484
2011-10-07,159.17999267578125,79.08605194091797
2011-10-10,163.27000427246094,77.96908569335938
2011-10-11,162.10000610351562,77.70816802978516
2011-10-12,163.25999450683594,76.57781982421875
2011-10-13,162.3000030517578,77.34031677246094
2011-10-14,163.39999389648438,76.21664428710938
2011-10-17,162.6199951171875,77.53424072265625
2011-10-18,161.83999633789062,77.05276489257812
2011-10-19,159.8699951171875,77.02596282958984
2011-10-20,157.77000427246094,76.47746276855469
2011-10-21,159.52000427246094,75.66812133789062
2011-10-24,161.02000427246094,75.79521942138672
2011-10-25,165.58999633789062,77.7215805053711
2011-10-26,167.39999389648438,76.36375427246094
2011-10-27,169.5500030517578,73.77532196044922
2011-10-28,169.6199951171875,74.55118560791016
2011-10-31,167.33999633789062,77.50753784179688
2011-11-01,167.3800048828125,80.10204315185547
2011-11-02,169.05999755859375,79.10285186767578
2011-11-03,171.72000122070312,78.01654052734375
2011-11-04,170.85000610351562,78.11038208007812
2011-11-07,174.97999572753906,78.60664367675781
2011-11-08,173.52999877929688,77.60078430175781
2011-11-09,172.07000732421875,79.21016693115234
2011-11-10,171.13999938964844,78.02989959716797
2011-11-11,173.9600067138672,77.55380249023438
2011-11-14,173.1999969482422,78.80108642578125
2011-11-15,173.36000061035156,78.69379425048828
2011-11-16,171.50999450683594,79.41134643554688
2011-11-17,167.10000610351562,80.04840087890625
2011-11-18,167.6199951171875,80.02826690673828
2011-11-21,163.5,80.50442504882812
2011-11-22,165.30999755859375,81.40299987792969
2011-11-23,164.8300018310547,82.20104217529297
2011-11-25,163.39999389648438,81.00736236572266
2011-11-28,166.6300048828125,80.9671401977539
2011-11-29,166.8800048828125,80.30323791503906
2011-11-30,170.1300048828125,79.04923248291016
2011-12-01,169.6300048828125,78.652587890625
2011-12-02,169.82000732421875,79.75511932373047
2011-12-05,167.32000732421875,79.5937271118164
2011-12-06,168.17999267578125,78.83411407470703
2011-12-07,169.39999389648438,79.11642456054688
2011-12-08,165.97999572753906,80.10467529296875
2011-12-09,166.39999389648438,78.4576644897461
2011-12-12,161.99000549316406,79.33157348632812
2011-12-13,158.4499969482422,80.0710220336914
2011-12-14,152.88999938964844,81.58360290527344
2011-12-15,152.3300018310547,81.28108978271484
2011-12-16,155.22999572753906,82.22893524169922
2011-12-19,154.8699951171875,83.27091979980469
2011-12-20,156.97999572753906,81.19374084472656
2011-12-21,157.16000366210938,80.06436920166016
2011-12-22,156.0399932861328,80.40042877197266
2011-12-23,156.30999755859375,79.50631713867188
2011-12-27,154.91000366210938,79.88400268554688
2011-12-28,151.02999877929688,81.36100769042969
2011-12-29,150.33999633789062,81.50935363769531
2011-12-30,151.99000549316406,81.77239990234375
2012-01-03,155.9199981689453,80.54488372802734
2012-01-04,156.7100067138672,79.5873031616211
2012-01-05,157.77999877929688,79.44566345214844
2012-01-06,157.1999969482422,80.07284545898438
2012-01-09,156.5,79.93124389648438
2012-01-10,158.63999938964844,79.79631805419922
2012-01-11,159.6699981689453,80.83492279052734
2012-01-12,160.3800048828125,80.72030639648438
2012-01-13,159.25999450683594,81.52287292480469
2012-01-17,160.5,81.9005126953125
2012-01-18,161.60000610351562,80.90911865234375
2012-01-19,161.22000122070312,79.79631805419922
2012-01-20,162.07000732421875,78.89266967773438
2012-01-23,163.16000366210938,78.3935546875
2012-01-24,162.00999450683594,78.53520202636719
2012-01-25,166.4199981689453,78.34635925292969
2012-01-26,167.27000427246094,79.38494873046875
2012-01-27,168.97000122070312,79.63446807861328
2012-01-30,168.02999877929688,80.5719223022461
2012-01-31,169.30999755859375,81.5025863647461
2012-02-01,169.55999755859375,80.56901550292969
2012-02-02,171.0500030517578,80.53518676757812
2012-02-03,167.63999938964844,78.80460357666016
2012-02-06,167.17999267578125,79.58879089355469
2012-02-07,169.6999969482422,78.60171508789062
2012-02-08,168.5,78.66259765625
2012-02-09,168.02000427246094,78.074462890625
2012-02-10,167.13999938964844,79.0885238647461
2012-02-13,167.50999450683594,79.18993377685547
2012-02-14,167.1199951171875,79.60906219482422
2012-02-15,168.11000061035156,79.46708679199219
2012-02-16,168.0,78.83159637451172
2012-02-17,167.35000610351562,78.81136322021484
2012-02-21,171.02000427246094,77.93927764892578
2012-02-22,172.94000244140625,78.91950225830078
2012-02-23,173.02000427246094,78.91950225830078
2012-02-24,172.22999572753906,79.43330383300781
2012-02-27,171.6999969482422,80.13638305664062
2012-02-28,173.49000549316406,79.87272644042969
2012-02-29,164.2899932861328,79.38597869873047
2012-03-01,166.61000061035156,78.63862609863281
2012-03-02,166.33999633789062,79.37714385986328
2012-03-05,165.64999389648438,78.74702453613281
2012-03-06,162.6999969482422,79.702392578125
2012-03-07,163.6300048828125,79.21453857421875
2012-03-08,165.27999877929688,78.42176055908203
2012-03-09,166.3800048828125,78.57763671875
2012-03-12,165.07000732421875,78.5640640258789
2012-03-13,162.3000030517578,77.18180847167969
2012-03-14,159.57000732421875,75.23722076416016
2012-03-15,161.0800018310547,75.35237884521484
2012-03-16,161.3000030517578,75.50146484375
2012-03-19,161.58999633789062,74.60031127929688
2012-03-20,160.1300048828125,74.89844512939453
2012-03-21,160.2100067138672,75.74539947509766
2012-03-22,159.57000732421875,75.98931121826172
2012-03-23,161.52999877929688,76.70755004882812
2012-03-26,164.39999389648438,76.31452941894531
2012-03-27,163.24000549316406,76.8633804321289
2012-03-28,161.50999450683594,76.75498962402344
2012-03-29,161.27999877929688,77.3309097290039
2012-03-30,162.1199951171875,76.02315521240234
2012-04-02,162.94000244140625,76.44437408447266
2012-04-03,159.88999938964844,75.11968231201172
2012-04-04,157.2100067138672,76.15222930908203
2012-04-05,158.30999755859375,76.70252990722656
2012-04-09,159.3699951171875,78.4959487915039
2012-04-10,161.10000610351562,79.3858642578125
2012-04-11,161.07000732421875,78.43476867675781
2012-04-12,162.6999969482422,78.10873413085938
2012-04-13,160.85000610351562,79.37223052978516
2012-04-16,160.4600067138672,79.25679016113281
2012-04-17,160.25,79.20924377441406
2012-04-18,159.30999755859375,79.44019317626953
2012-04-19,159.42999267578125,79.51496124267578
2012-04-20,159.5399932861328,79.52848052978516
2012-04-23,159.07000732421875,80.10591125488281
2012-04-24,159.3000030517578,79.54206848144531
2012-04-25,159.6199951171875,79.13448333740234
2012-04-26,161.02999877929688,79.6099853515625
2012-04-27,161.3800048828125,79.677978515625
2012-04-30,161.8800048828125,79.69835662841797
2012-05-01,161.32000732421875,79.28499603271484
2012-05-02,160.58999633789062,79.84339141845703
2012-05-03,158.97000122070312,79.82292938232422
2012-05-04,159.47000122070312,80.44947814941406
2012-05-07,159.0800018310547,80.46305084228516
2012-05-08,156.0,80.89205169677734
2012-05-09,154.47000122070312,80.94657897949219
2012-05-10,154.77000427246094,80.7082290649414
2012-05-11,153.55999755859375,81.37557220458984
2012-05-14,151.3300018310547,82.51277923583984
2012-05-15,149.74000549316406,82.84642791748047
2012-05-16,149.4600067138672,83.08479309082031
2012-05-17,152.8000030517578,84.55567169189453
2012-05-18,154.5500030517578,84.57608795166016
2012-05-21,154.64999389648438,84.39905548095703
2012-05-22,152.0800018310547,83.45929718017578
2012-05-23,151.6199951171875,84.03813171386719
2012-05-24,151.41000366210938,83.71808624267578
2012-05-25,152.67999267578125,84.03132629394531
2012-05-29,151.02000427246094,83.7725601196289
2012-05-30,151.91000366210938,85.89717864990234
2012-05-31,151.6199951171875,86.8914566040039
2012-06-01,157.5,88.95423126220703
2012-06-04,157.32000732421875,88.25138854980469
2012-06-05,157.13999938964844,87.07089233398438
2012-06-06,157.2100067138672,85.33081817626953
2012-06-07,154.5,85.46041107177734
2012-06-08,154.72999572753906,85.44001007080078
2012-06-11,155.36000061035156,85.82894897460938
2012-06-12,156.4600067138672,85.04420471191406
2012-06-13,157.1199951171875,85.88350677490234
2012-06-14,157.75,85.77433776855469
2012-06-15,157.83999633789062,86.25204467773438
2012-06-18,157.92999267578125,86.71601104736328
2012-06-19,157.16000366210938,85.58328247070312
2012-06-20,155.97000122070312,86.0063247680664
2012-06-21,152.02000427246094,86.46355438232422
2012-06-22,152.63999938964844,85.31029510498047
2012-06-25,153.75999450683594,86.55227661132812
2012-06-26,152.6199951171875,86.21109008789062
2012-06-27,152.8300018310547,86.3475112915039
2012-06-28,151.0500030517578,86.55908203125
2012-06-29,155.19000244140625,85.43314361572266
2012-07-02,155.08999633789062,86.31462860107422
2012-07-03,157.4600067138672,85.65130615234375
2012-07-05,155.67999267578125,86.08897399902344
2012-07-06,153.7100067138672,86.88904571533203
2012-07-09,154.0399932861328,87.65494537353516
2012-07-10,152.14999389648438,87.8327865600586
2012-07-11,152.99000549316406,87.94217681884766
2012-07-12,152.58999633789062,88.56443786621094
2012-07-13,154.13999938964844,88.33198547363281
2012-07-16,154.2100067138672,88.74224090576172
2012-07-17,153.47000122070312,88.0447006225586
2012-07-18,153.0500030517578,88.09264373779297
2012-07-19,153.3800048828125,87.86695098876953
2012-07-20,153.6699981689453,88.94058227539062
2012-07-23,153.02999877929688,89.4398193359375
2012-07-24,153.52000427246094,90.1441421508789
2012-07-25,155.6699981689453,90.37670135498047
2012-07-26,156.77000427246094,89.54920959472656
2012-07-27,157.5399932861328,87.86009216308594
2012-07-30,157.42999267578125,88.51658630371094
2012-07-31,156.49000549316406,88.69437408447266
2012-08-01,155.13999938964844,88.25103759765625
2012-08-02,154.1300048828125,88.75125122070312
2012-08-03,155.5500030517578,87.31906127929688
2012-08-06,156.3000030517578,87.35330200195312
2012-08-07,156.27999877929688,86.22941589355469
2012-08-08,156.47999572753906,85.77033233642578
2012-08-09,156.99000549316406,85.70861053466797
2012-08-10,157.17999267578125,86.14036560058594
2012-08-13,155.99000549316406,85.99645233154297
2012-08-14,155.1300048828125,84.83145141601562
2012-08-15,155.6300048828125,83.6390380859375
2012-08-16,156.55999755859375,82.92636108398438
2012-08-17,156.72000122070312,83.3306655883789
2012-08-20,157.25999450683594,83.50202178955078
2012-08-21,158.8300018310547,83.87201690673828
2012-08-22,160.5399932861328,85.25631713867188
2012-08-23,161.88999938964844,85.61270141601562
2012-08-24,161.97000122070312,85.53045654296875
2012-08-27,161.36000061035156,86.03071594238281
2012-08-28,161.63999938964844,86.23626708984375
2012-08-29,160.58999633789062,85.859375
2012-08-30,160.52000427246094,86.30479431152344
2012-08-31,164.22000122070312,87.52466583251953
2012-09-04,164.47999572753906,87.43669891357422
2012-09-05,164.30999755859375,87.02468872070312
2012-09-06,164.88999938964844,85.5756607055664
2012-09-07,168.44000244140625,85.17730712890625
2012-09-10,167.2899932861328,85.38339233398438
2012-09-11,167.89999389648438,84.8476333618164
2012-09-12,167.9199981689453,83.79011535644531
2012-09-13,171.30999755859375,83.4604263305664
2012-09-14,171.8000030517578,81.24229431152344
2012-09-17,170.39999389648438,82.21745300292969
2012-09-18,171.72000122070312,82.6295166015625
2012-09-19,171.74000549316406,83.17204284667969
2012-09-20,171.47000122070312,83.37809753417969
2012-09-21,171.9600067138672,83.4742202758789
2012-09-24,171.0500030517578,84.1266098022461
2012-09-25,170.77000427246094,84.95756530761719
2012-09-26,169.80999755859375,85.87092590332031
2012-09-27,172.33999633789062,85.25973510742188
2012-09-28,171.88999938964844,85.30780792236328
2012-10-01,172.2899932861328,85.62433624267578
2012-10-02,172.10000610351562,85.50740814208984
2012-10-03,172.41000366210938,85.534912109375
2012-10-04,173.61000061035156,84.46821594238281
2012-10-05,172.6199951171875,83.37403869628906
2012-10-08,172.0500030517578,84.07600402832031
2012-10-09,170.99000549316406,83.9245376586914
2012-10-10,170.83999633789062,84.51641845703125
2012-10-11,171.32000732421875,85.101318359375
2012-10-12,170.05999755859375,85.3146743774414
2012-10-15,168.35000610351562,85.12199401855469
2012-10-16,169.4199981689453,83.94519805908203
2012-10-17,169.5399932861328,83.1675796508789
2012-10-18,168.7899932861328,82.65828704833984
2012-10-19,166.97000122070312,83.7800064086914
2012-10-22,167.5800018310547,83.24325561523438
2012-10-23,165.42999267578125,84.4338150024414
2012-10-24,164.86000061035156,83.6010971069336
2012-10-25,166.02000427246094,83.1744155883789
2012-10-26,165.92999267578125,84.3993911743164
2012-10-31,166.8300018310547,84.89488220214844
2012-11-01,166.07000732421875,84.19984436035156
2012-11-02,162.60000610351562,84.13787841796875
2012-11-05,163.22999572753906,84.61272430419922
2012-11-06,166.3000030517578,83.8144760131836
2012-11-07,166.49000549316406,85.33533477783203
2012-11-08,167.99000549316406,86.60160827636719
2012-11-09,167.82000732421875,86.69796752929688
2012-11-12,167.4499969482422,86.84247589111328
2012-11-13,167.10000610351562,87.13150024414062
2012-11-14,167.13999938964844,87.21414184570312
2012-11-15,166.08999633789062,87.04202270507812
2012-11-16,165.8800048828125,86.96633911132812
2012-11-19,167.8699951171875,86.47776794433594
2012-11-20,167.38999938964844,85.610595703125
2012-11-21,167.55999755859375,85.5625
2012-11-23,169.61000061035156,85.47984313964844
2012-11-26,169.42999267578125,85.88582611083984
2012-11-27,168.7100067138672,86.2231216430664
2012-11-28,166.5500030517578,86.0992431640625
2012-11-29,167.17999267578125,86.1130142211914
2012-11-30,166.0500030517578,85.87899017333984
2012-12-03,166.1300048828125,85.95833587646484
2012-12-04,164.4199981689453,86.4547348022461
2012-12-05,164.1199951171875,86.41337585449219
2012-12-06,164.5,86.59957885742188
2012-12-07,165.16000366210938,85.79969787597656
2012-12-10,165.8000030517578,86.17896270751953
2012-12-11,165.64999389648438,85.5239028930664
2012-12-12,165.77000427246094,84.531005859375
2012-12-13,164.3699951171875,84.59300994873047
2012-12-14,164.1300048828125,85.22736358642578
2012-12-17,164.44000244140625,83.95171356201172
2012-12-18,162.0800018310547,83.09671783447266
2012-12-19,161.69000244140625,83.37249755859375
2012-12-20,159.72999572753906,83.38626098632812
2012-12-21,160.3300018310547,84.2965316772461
2012-12-24,160.6199951171875,84.14480590820312
2012-12-26,160.77999877929688,84.44750213623047
2012-12-27,161.16000366210938,84.7308349609375
2012-12-28,160.5399932861328,85.21456909179688
2012-12-31,162.02000427246094,83.74262237548828
2013-01-02,163.1699981689453,82.62307739257812
2013-01-03,161.1999969482422,81.5035400390625
2013-01-04,160.44000244140625,81.82145690917969
2013-01-07,159.42999267578125,81.85603332519531
2013-01-08,160.55999755859375,82.3950424194336
2013-01-09,160.49000549316406,82.31902313232422
2013-01-10,161.97999572753906,82.0909652709961
2013-01-11,161.05999755859375,82.82350158691406
2013-01-14,161.5399932861328,82.59545135498047
2013-01-15,162.55999755859375,82.9754867553711
2013-01-16,162.64999389648438,83.14830780029297
2013-01-17,163.35000610351562,82.31902313232422
2013-01-18,163.08999633789062,82.95478820800781
2013-01-22,163.6699981689453,83.11373901367188
2013-01-23,163.2100067138672,82.98931884765625
2013-01-24,161.4199981689453,82.6990737915039
2013-01-25,160.64999389648438,81.56576538085938
2013-01-28,160.2899932861328,81.26859283447266
2013-01-29,160.99000549316406,80.81941986083984
2013-01-30,162.19000244140625,80.68120574951172
2013-01-31,161.1999969482422,81.07511901855469
2013-02-01,161.4499969482422,80.0223388671875
2013-02-04,162.0,81.04743194580078
2013-02-05,161.9600067138672,80.32711791992188
2013-02-06,162.38999938964844,80.98506164550781
2013-02-07,161.83999633789062,80.80500793457031
2013-02-08,161.57000732421875,81.11663818359375
2013-02-11,159.6999969482422,81.05433654785156
2013-02-12,159.88999938964844,80.85347747802734
2013-02-13,159.0500030517578,80.1955337524414
2013-02-14,158.35000610351562,80.9227523803711
2013-02-15,155.75999450683594,80.68727111816406
2013-02-19,155.3300018310547,80.28555297851562
2013-02-20,151.44000244140625,80.52798461914062
2013-02-21,152.6199951171875,80.99893188476562
2013-02-22,152.97000122070312,81.05433654785156
2013-02-25,154.33999633789062,82.6473388671875
2013-02-26,156.22000122070312,82.16944885253906
2013-02-27,154.57000732421875,81.9270248413086
2013-02-28,153.0,82.07938385009766
2013-03-01,152.44000244140625,82.5263900756836
2013-03-04,152.3000030517578,82.08905029296875
2013-03-05,152.3800048828125,81.85311889648438
2013-03-06,153.22999572753906,81.11045837402344
2013-03-07,152.69000244140625,80.48574829101562
2013-03-08,152.7100067138672,79.64590454101562
2013-03-11,152.99000549316406,79.72228240966797
2013-03-12,154.19000244140625,80.29839324951172
2013-03-13,153.66000366210938,80.21502685546875
2013-03-14,153.67999267578125,79.9721450805664
2013-03-15,154.0,80.34696197509766
2013-03-18,155.3800048828125,80.95771789550781
2013-03-19,156.0800018310547,81.50606536865234
2013-03-20,155.3699951171875,80.59681701660156
2013-03-21,156.25,81.37422943115234
2013-03-22,155.5500030517578,81.4366683959961
2013-03-25,155.24000549316406,81.36030578613281
2013-03-26,154.72000122070312,81.45748901367188
2013-03-27,155.36000061035156,82.15155029296875
2013-03-28,154.4499969482422,81.7350845336914
2013-04-01,154.6699981689453,82.35074615478516
2013-04-02,152.42999267578125,82.0168228149414
2013-04-03,150.72999572753906,82.7541732788086
2013-04-04,150.2899932861328,83.7418441772461
2013-04-05,152.80999755859375,85.43218231201172
2013-04-08,152.16000366210938,84.77831268310547
2013-04-09,153.33999633789062,84.56964111328125
2013-04-10,150.75,83.40800476074219
2013-04-11,151.0500030517578,83.56800079345703
2013-04-12,143.9499969482422,84.81306457519531
2013-04-15,131.30999755859375,85.55042266845703
2013-04-16,132.8000030517578,84.84789276123047
2013-04-17,132.8699951171875,85.41129302978516
2013-04-18,134.3000030517578,85.61997985839844
2013-04-19,135.47000122070312,85.43915557861328
2013-04-22,137.89999389648438,85.50176239013672
2013-04-23,136.8800048828125,85.2026138305664
2013-04-24,138.3699951171875,85.41828918457031
2013-04-25,141.6300048828125,85.04959106445312
2013-04-26,140.91000366210938,85.82861328125
2013-04-29,142.3000030517578,85.51567077636719
2013-04-30,142.77000427246094,85.56438446044922
2013-05-01,141.11000061035156,86.44332885742188
2013-05-02,141.9199981689453,86.33179473876953
2013-05-03,142.08999633789062,84.2963638305664
2013-05-06,142.14999389648438,84.0872573852539
2013-05-07,140.3800048828125,83.75963592529297
2013-05-08,142.4600067138672,83.89202117919922
2013-05-09,140.80999755859375,83.67597198486328
2013-05-10,139.60000610351562,82.77674102783203
2013-05-13,138.42999267578125,82.14241790771484
2013-05-14,137.80999755859375,81.25019836425781
2013-05-15,134.6300048828125,81.79388427734375
2013-05-16,134.08999633789062,82.64431762695312
2013-05-17,131.07000732421875,81.5987319946289
2013-05-20,135.1199951171875,81.50112915039062
2013-05-21,132.8800048828125,82.14241790771484
2013-05-22,131.94000244140625,80.92256927490234
2013-05-23,134.61000061035156,81.30598449707031
2013-05-24,133.75999450683594,81.4174575805664
2013-05-28,133.49000549316406,79.35414123535156
2013-05-29,134.8300018310547,80.24644470214844
2013-05-30,136.6999969482422,80.05125427246094
2013-05-31,133.9199981689453,79.77935028076172
2013-06-03,136.50999450683594,80.2021255493164
2013-06-04,135.22999572753906,79.46144104003906
2013-06-05,135.52000427246094,80.55843353271484
2013-06-06,136.52999877929688,80.50959014892578
2013-06-07,133.27999877929688,79.07015991210938
2013-06-10,133.94000244140625,78.69281768798828
2013-06-11,133.25,79.62915802001953
2013-06-12,134.25,78.49018859863281
2013-06-13,133.74000549316406,79.71995544433594
2013-06-14,134.42999267578125,79.53129577636719
2013-06-17,133.77000427246094,79.11209106445312
2013-06-18,132.1300048828125,79.15400695800781
2013-06-19,130.58999633789062,78.33646392822266
2013-06-20,123.5999984741211,77.0507583618164
2013-06-21,125.05000305175781,75.74413299560547
2013-06-24,123.93000030517578,76.05858612060547
2013-06-25,123.47000122070312,75.38077545166016
2013-06-26,118.27999877929688,75.869873046875
2013-06-27,115.94000244140625,76.64546203613281
2013-06-28,119.11000061035156,77.1695785522461
2013-07-01,121.12999725341797,77.3250732421875
2013-07-02,120.05000305175781,77.2760238647461
2013-07-03,120.73999786376953,77.04487609863281
2013-07-05,118.08999633789062,74.41862487792969
2013-07-08,119.51000213623047,75.13996124267578
2013-07-09,120.62000274658203,75.21698760986328
2013-07-10,120.94999694824219,74.62869262695312
2013-07-11,124.23999786376953,75.5041275024414
2013-07-12,124.12999725341797,75.44104766845703
2013-07-15,124.18000030517578,75.84028625488281
2013-07-16,124.88999938964844,76.09941864013672
2013-07-17,123.31999969482422,76.23949432373047
2013-07-18,124.01000213623047,75.28706359863281
2013-07-19,125.11000061035156,76.47757720947266
2013-07-22,128.83999633789062,76.58966064453125
2013-07-23,129.7100067138672,76.26750183105469
2013-07-24,127.4800033569336,75.30101776123047
2013-07-25,128.6699981689453,75.27304077148438
2013-07-26,128.77999877929688,75.73526763916016
2013-07-29,128.47000122070312,75.1819839477539
2013-07-30,128.1199951171875,75.15398406982422
2013-07-31,127.95999908447266,75.42713928222656
2013-08-01,126.61000061035156,73.97373962402344
2013-08-02,126.36000061035156,74.78816986083984
2013-08-05,125.69999694824219,74.21245574951172
2013-08-06,123.97000122070312,74.43008422851562
2013-08-07,124.1500015258789,74.98473358154297
2013-08-08,126.86000061035156,75.18834686279297
2013-08-09,126.86000061035156,75.3077163696289
2013-08-12,129.1300048828125,74.79519653320312
2013-08-13,127.73999786376953,73.71397399902344
2013-08-14,129.0,73.82633972167969
2013-08-15,131.69000244140625,72.82933807373047
2013-08-16,132.5800018310547,72.5765380859375
2013-08-19,132.00999450683594,71.94465637207031
2013-08-20,132.4499969482422,72.49927520751953
2013-08-21,132.07000732421875,71.7059555053711
2013-08-22,132.80999755859375,72.43612670898438
2013-08-23,134.89999389648438,73.22250366210938
2013-08-26,135.4499969482422,73.58755493164062
2013-08-27,136.75,74.51437377929688
2013-08-28,136.7100067138672,73.91057586669922
2013-08-29,135.8699951171875,74.50030517578125
2013-08-30,134.6199951171875,74.41609954833984
2013-09-03,136.4199981689453,73.36647033691406
2013-09-04,134.66000366210938,73.20454406738281
2013-09-05,132.1999969482422,72.18376922607422
2013-09-06,134.14999389648438,72.5428695678711
2013-09-09,133.91000366210938,72.57807159423828
2013-09-10,131.74000549316406,72.07117462158203
2013-09-11,131.6999969482422,72.71176147460938
2013-09-12,127.66999816894531,72.61323547363281
2013-09-13,127.81999969482422,72.89480590820312
2013-09-16,126.44999694824219,72.40914154052734
2013-09-17,126.5,73.0074234008789
2013-09-18,132.00999450683594,73.90851593017578
2013-09-19,131.75,73.47209167480469
2013-09-20,127.95999908447266,73.85924530029297
2013-09-23,127.55000305175781,74.40127563476562
2013-09-24,127.66000366210938,75.20381164550781
2013-09-25,128.7899932861328,75.35868072509766
2013-09-26,127.79000091552734,74.8306655883789
2013-09-27,128.97000122070312,75.01374053955078
2013-09-30,128.17999267578125,74.901123046875
2013-10-01,124.58999633789062,74.67383575439453
2013-10-02,127.05999755859375,74.78681945800781
2013-10-03,127.18000030517578,74.66676330566406
2013-10-04,126.52999877929688,74.61028289794922
2013-10-07,127.63999938964844,74.91378021240234
2013-10-08,127.4000015258789,74.93492889404297
2013-10-09,126.11000061035156,74.33505249023438
2013-10-10,124.2699966430664,74.45503997802734
2013-10-11,122.5999984741211,74.4338150024414
2013-10-14,122.83000183105469,73.83389282226562
2013-10-15,123.7300033569336,73.78453826904297
2013-10-16,123.54000091552734,74.7091064453125
2013-10-17,127.41999816894531,75.38671875
2013-10-18,126.8499984741211,75.54901885986328
2013-10-21,126.9800033569336,75.3090591430664
2013-10-22,129.33999633789062,76.14896392822266
2013-10-23,128.69000244140625,76.44538879394531
2013-10-24,129.89999389648438,76.14896392822266
2013-10-25,130.4600067138672,76.43126678466797
2013-10-28,130.55999755859375,76.1701431274414
2013-10-29,129.77000427246094,76.26893615722656
2013-10-30,129.60000610351562,75.81016540527344
2013-10-31,127.73999786376953,75.97249603271484
2013-11-01,126.94999694824219,75.15016174316406
2013-11-04,126.80999755859375,75.22090911865234
2013-11-05,126.55999755859375,74.3221206665039
2013-11-06,127.19999694824219,74.3575439453125
2013-11-07,126.16000366210938,74.98738861083984
2013-11-08,124.27999877929688,73.18278503417969
2013-11-11,123.87000274658203,72.90677642822266
2013-11-12,122.44999694824219,73.24646759033203
2013-11-13,122.8499984741211,73.5153579711914
2013-11-14,124.2699966430664,73.96832275390625
2013-11-15,124.31999969482422,74.1169204711914
2013-11-18,122.9000015258789,74.56279754638672
2013-11-19,122.94999694824219,73.99661254882812
2013-11-20,120.12000274658203,72.73690032958984
2013-11-21,119.94000244140625,72.85725402832031
2013-11-22,119.91999816894531,73.53660583496094
2013-11-25,120.45999908447266,73.74889373779297
2013-11-26,119.81999969482422,74.02489471435547
2013-11-27,119.45999908447266,73.89757537841797
2013-11-29,120.69999694824219,73.91876220703125
2013-12-02,117.58000183105469,73.34383392333984
2013-12-03,117.95999908447266,73.61356353759766
2013-12-04,119.95999908447266,72.9108657836914
2013-12-05,118.30000305175781,72.70499420166016
2013-12-06,118.55000305175781,73.05282592773438
2013-12-09,119.72000122070312,73.2231674194336
2013-12-10,121.81999969482422,73.74839782714844
2013-12-11,120.86000061035156,73.18057250976562
2013-12-12,118.29000091552734,72.90371704101562
2013-12-13,119.37999725341797,73.25860595703125
2013-12-16,119.69000244140625,72.9889144897461
2013-12-17,118.6500015258789,73.31544494628906
2013-12-18,117.61000061035156,72.94635009765625
2013-12-19,114.81999969482422,72.8753662109375
2013-12-20,115.94000244140625,73.99683380126953
2013-12-23,115.56999969482422,73.57806396484375
2013-12-24,116.0999984741211,72.9889144897461
2013-12-26,116.73999786376953,72.70763397216797
2013-12-27,117.12000274658203,72.50113677978516
2013-12-30,115.38999938964844,72.9996109008789
2013-12-31,116.12000274658203,72.53672790527344
2014-01-02,118.0,72.7574462890625
2014-01-03,119.29000091552734,72.7574462890625
2014-01-06,119.5,73.06369018554688
2014-01-07,118.81999969482422,73.24885559082031
2014-01-08,118.12000274658203,73.0494613647461
2014-01-09,118.45999908447266,73.47673797607422
2014-01-10,120.26000213623047,74.3526382446289
2014-01-13,121.0199966430664,74.72296905517578
2014-01-14,119.88999938964844,74.381103515625
2014-01-15,119.66000366210938,74.30281066894531
2014-01-16,119.79000091552734,74.80126953125
2014-01-17,120.93000030517578,75.11458587646484
2014-01-21,119.69999694824219,75.17159271240234
2014-01-22,119.19000244140625,74.98639678955078
2014-01-23,121.79000091552734,76.04749298095703
2014-01-24,122.29000091552734,76.53883361816406
2014-01-27,120.95999908447266,76.00479125976562
2014-01-28,120.94999694824219,76.18994903564453
2014-01-29,122.47000122070312,76.81655883789062
2014-01-30,119.7699966430664,76.59581756591797
2014-01-31,120.08999633789062,77.10855865478516
2014-02-03,121.31999969482422,78.04806518554688
2014-02-04,120.98999786376953,77.21992492675781
2014-02-05,121.29000091552734,76.5059814453125
2014-02-06,121.23999786376953,76.17756652832031
2014-02-07,122.16999816894531,76.24181365966797
2014-02-10,122.91999816894531,76.45597839355469
2014-02-11,124.36000061035156,76.01334381103516
2014-02-12,124.43000030517578,75.62068176269531
2014-02-13,125.48999786376953,76.0490493774414
2014-02-14,127.1500015258789,76.0918960571289
2014-02-18,127.4000015258789,76.26324462890625
2014-02-19,126.2699966430664,75.94197082519531
2014-02-20,127.5999984741211,75.75636291503906
2014-02-21,127.58000183105469,76.15617370605469
2014-02-24,128.99000549316406,75.96341705322266
2014-02-25,129.2100067138672,76.64161682128906
2014-02-26,128.11000061035156,77.04855346679688
2014-02-27,128.1999969482422,77.46978759765625
2014-02-28,127.62000274658203,77.51261901855469
2014-03-03,130.2899932861328,78.03008270263672
2014-03-04,128.67999267578125,76.85638427734375
2014-03-05,128.88999938964844,77.02098846435547
2014-03-06,130.1699981689453,76.26235961914062
2014-03-07,129.08999633789062,75.78286743164062
2014-03-10,129.1300048828125,75.89019775390625
2014-03-11,129.86000061035156,76.09060668945312
2014-03-12,131.75999450683594,76.62020874023438
2014-03-13,132.2100067138672,77.65078735351562
2014-03-14,133.10000610351562,77.66508483886719
2014-03-17,131.63999938964844,77.08539581298828
2014-03-18,130.6199951171875,77.36448669433594
2014-03-19,128.08999633789062,76.76331329345703
2014-03-20,127.86000061035156,76.62735748291016
2014-03-21,128.47000122070312,77.45753479003906
2014-03-24,126.18000030517578,78.00860595703125
2014-03-25,126.41000366210938,77.7151870727539
2014-03-26,125.41000366210938,78.32354736328125
2014-03-27,124.58999633789062,78.71717071533203
2014-03-28,124.55999755859375,78.27342224121094
2014-03-31,123.61000061035156,78.08016204833984
2014-04-01,123.38999938964844,77.41289520263672
2014-04-02,124.31999969482422,76.96800994873047
2014-04-03,123.91999816894531,77.3052749633789
2014-04-04,125.56999969482422,77.82186126708984
2014-04-07,124.91000366210938,78.28825378417969
2014-04-08,126.08999633789062,78.47481536865234
2014-04-09,126.31999969482422,78.08735656738281
2014-04-10,127.01000213623047,78.8120346069336
2014-04-11,126.93000030517578,79.45062255859375
2014-04-14,127.8499984741211,79.24254608154297
2014-04-15,125.48999786376953,79.73763275146484
2014-04-16,125.54000091552734,79.83814239501953
2014-04-17,124.75,78.96269226074219
2014-04-21,124.23999786376953,78.89815521240234
2014-04-22,123.77999877929688,79.16361999511719
2014-04-23,123.76000213623047,79.6156234741211
2014-04-24,124.55999755859375,79.76638793945312
2014-04-25,125.43000030517578,79.88111114501953
2014-04-28,124.87999725341797,79.49366760253906
2014-04-29,124.86000061035156,79.38607025146484
2014-04-30,124.22000122070312,79.71611785888672
2014-05-01,123.80000305175781,80.5713119506836
2014-05-02,125.05999755859375,81.06756591796875
2014-05-05,126.22000122070312,80.5784912109375
2014-05-06,125.9800033569336,80.90218353271484
2014-05-07,124.16999816894531,80.61449432373047
2014-05-08,124.16999816894531,80.2691879272461
2014-05-09,124.0999984741211,80.01031494140625
2014-05-12,124.94000244140625,79.68663024902344
2014-05-13,124.5999984741211,80.37708282470703
2014-05-14,125.80999755859375,81.24739837646484
2014-05-15,124.7699966430664,81.89472961425781
2014-05-16,124.5,81.66458892822266
2014-05-19,124.58000183105469,81.06038665771484
2014-05-20,124.69000244140625,81.240234375
2014-05-21,124.38999938964844,80.74393463134766
2014-05-22,124.66999816894531,80.62882995605469
2014-05-23,124.51000213623047,81.06038665771484
2014-05-27,121.8499984741211,81.53511810302734
2014-05-28,121.19999694824219,82.54210662841797
2014-05-29,120.94000244140625,82.10333251953125
2014-05-30,120.43000030517578,82.0673828125
2014-06-02,119.69999694824219,81.45726776123047
2014-06-03,120.01000213623047,80.45498657226562
2014-06-04,119.76000213623047,80.43331146240234
2014-06-05,120.66000366210938,80.4693832397461
2014-06-06,120.61000061035156,80.4693832397461
2014-06-09,120.6500015258789,80.35401153564453
2014-06-10,121.38999938964844,80.05834197998047
2014-06-11,121.41000366210938,80.20254516601562
2014-06-12,122.63999938964844,80.91648864746094
2014-06-13,122.95999908447266,80.8731689453125
2014-06-16,122.41999816894531,81.07510375976562
2014-06-17,122.27999877929688,80.43331146240234
2014-06-18,122.66999816894531,81.05347442626953
2014-06-19,126.94000244140625,80.01506805419922
2014-06-20,126.5,80.62083435058594
2014-06-23,126.8499984741211,80.36844635009766
2014-06-24,126.9800033569336,81.18327331542969
2014-06-25,126.98999786376953,81.39241027832031
2014-06-26,126.7300033569336,81.78181457519531
2014-06-27,126.66000366210938,81.65921020507812
2014-06-30,128.0399932861328,81.8611068725586
2014-07-01,127.69999694824219,81.17572021484375
2014-07-02,127.69999694824219,80.30821990966797
2014-07-03,127.16000366210938,80.01903533935547
2014-07-07,127.0199966430664,80.60460662841797
2014-07-08,127.06999969482422,81.50833129882812
2014-07-09,127.83999633789062,81.5733642578125
2014-07-10,128.5399932861328,81.59510803222656
2014-07-11,128.77999877929688,82.11560821533203
2014-07-14,125.72000122070312,81.76136779785156
2014-07-15,124.52999877929688,81.59510803222656
2014-07-16,124.97000122070312,82.02885437011719
2014-07-17,127.08999633789062,83.06275177001953
2014-07-18,126.12999725341797,82.79523468017578
2014-07-21,126.33999633789062,83.20732116699219
2014-07-22,125.73999786376953,83.38082122802734
2014-07-23,125.62000274658203,83.27239990234375
2014-07-24,124.3499984741211,82.650634765625
2014-07-25,125.79000091552734,83.62664031982422
2014-07-28,125.58000183105469,83.51097869873047
2014-07-29,125.19999694824219,83.81462097167969
2014-07-30,124.83000183105469,82.650634765625
2014-07-31,123.38999938964844,82.40480041503906
2014-08-01,124.37999725341797,83.0427017211914
2014-08-04,123.98999786376953,82.82525634765625
2014-08-05,123.87000274658203,83.09344482421875
2014-08-06,125.66999816894531,83.14419555664062
2014-08-07,126.18000030517578,83.91981506347656
2014-08-08,126.19000244140625,83.73857879638672
2014-08-11,125.95999908447266,83.73136138916016
2014-08-12,125.98999786376953,83.18766784667969
2014-08-13,126.19999694824219,83.73136138916016
2014-08-14,126.30999755859375,84.40548706054688
2014-08-15,125.4800033569336,85.32612609863281
2014-08-18,124.95999908447266,84.47802734375
2014-08-19,124.68000030517578,84.21700286865234
2014-08-20,124.22000122070312,84.07928466796875
2014-08-21,122.87999725341797,84.55048370361328
2014-08-22,123.19000244140625,85.0216293334961
2014-08-25,122.73999786376953,85.34060668945312
2014-08-26,123.3499984741211,85.06510925292969
2014-08-27,123.31999969482422,85.79004669189453
2014-08-28,124.0,86.23943328857422
2014-08-29,123.86000061035156,86.29743194580078
2014-09-02,121.6500015258789,84.80878448486328
2014-09-03,122.1500015258789,85.28101348876953
2014-09-04,121.4800033569336,84.24207305908203
2014-09-05,122.05999755859375,84.08220672607422
2014-09-08,120.7300033569336,84.11852264404297
2014-09-09,120.87000274658203,84.05318450927734
2014-09-10,120.26000213623047,83.5228042602539
2014-09-11,119.47000122070312,83.24674224853516
2014-09-12,118.37999725341797,82.37484741210938
2014-09-15,118.63999938964844,82.49838256835938
2014-09-16,118.83000183105469,82.1641616821289
2014-09-17,117.54000091552734,81.95348358154297
2014-09-18,117.77999877929688,82.21503448486328
2014-09-19,117.08999633789062,83.26123046875
2014-09-22,116.8499984741211,83.36292266845703
2014-09-23,117.5999984741211,83.8787841796875
2014-09-24,117.05000305175781,83.41378784179688
2014-09-25,117.38999938964844,84.40190124511719
2014-09-26,117.05999755859375,84.27838134765625
2014-09-29,117.02999877929688,84.95407104492188
2014-09-30,116.20999908447266,84.47457122802734
2014-10-01,116.7699966430664,86.11262512207031
2014-10-02,116.73999786376953,85.3624038696289
2014-10-03,114.61000061035156,85.7265625
2014-10-06,116.02999877929688,85.7776107788086
2014-10-07,116.36000061035156,86.93566131591797
2014-10-08,117.47000122070312,86.95750427246094
2014-10-09,117.63999938964844,86.57875061035156
2014-10-10,117.58999633789062,87.4382095336914
2014-10-13,118.5199966430664,87.96987915039062
2014-10-14,118.58999633789062,88.54533386230469
2014-10-15,118.98999786376953,89.24453735351562
2014-10-16,119.22000122070312,88.67646789550781
2014-10-17,118.98999786376953,88.18114471435547
2014-10-20,119.80000305175781,88.5015869140625
2014-10-21,120.0199966430664,87.79508209228516
2014-10-22,119.33999633789062,87.88973236083984
2014-10-23,118.5199966430664,87.11046600341797
2014-10-24,118.3499984741211,87.19786071777344
2014-10-27,118.05999755859375,87.35808563232422
2014-10-28,118.0999984741211,86.81184387207031
2014-10-29,116.41000366210938,87.00846862792969
2014-10-30,115.19000244140625,87.08130645751953
2014-10-31,112.66000366210938,86.85551452636719
2014-11-03,112.1500015258789,86.85551452636719
2014-11-04,112.22000122070312,87.12566375732422
2014-11-05,109.79000091552734,87.00154876708984
2014-11-06,109.87999725341797,86.43938446044922
2014-11-07,112.97000122070312,87.43231964111328
2014-11-10,110.45999908447266,86.62916564941406
2014-11-11,112.04000091552734,86.6875991821289
2014-11-12,111.5,86.61456298828125
2014-11-13,111.66999816894531,86.81902313232422
2014-11-14,114.47000122070312,87.24247741699219
2014-11-17,114.05000305175781,87.0234603881836
2014-11-18,115.05000305175781,87.26439666748047
2014-11-19,113.68000030517578,86.70951843261719
2014-11-20,114.86000061035156,87.16217041015625
2014-11-21,115.38999938964844,87.68785858154297
2014-11-24,115.11000061035156,87.76082611083984
2014-11-25,115.37999725341797,88.49098205566406
2014-11-26,115.16000366210938,88.73194122314453
2014-11-28,112.11000061035156,89.43285369873047
2014-12-01,116.58000183105469,88.91108703613281
2014-12-02,115.13999938964844,88.04763793945312
2014-12-03,116.33000183105469,88.39154815673828
2014-12-04,115.87999725341797,89.13063049316406
2014-12-05,114.43000030517578,88.6110610961914
2014-12-08,115.77999877929688,89.69407653808594
2014-12-09,118.19000244140625,90.15514373779297
2014-12-10,117.95999908447266,90.81371307373047
2014-12-11,117.69000244140625,91.1869125366211
2014-12-12,117.41000366210938,92.4236068725586
2014-12-15,114.38999938964844,92.23334503173828
2014-12-16,114.94999694824219,93.37495422363281
2014-12-17,114.2699966430664,92.53341674804688
2014-12-18,115.1500015258789,90.88687133789062
2014-12-19,114.7699966430664,92.10900115966797
2014-12-22,112.55000305175781,92.23334503173828
2014-12-23,112.73999786376953,90.4039306640625
2014-12-24,112.7699966430664,90.89595794677734
2014-12-26,114.83000183105469,91.23332977294922
2014-12-29,113.66999816894531,91.91531372070312
2014-12-30,115.19999694824219,92.16468048095703
2014-12-31,113.58000183105469,92.34064483642578
2015-01-02,114.08000183105469,93.36729431152344
2015-01-05,115.80000305175781,94.83394622802734
2015-01-06,117.12000274658203,96.54258728027344
2015-01-07,116.43000030517578,96.35196685791016
2015-01-08,115.94000244140625,95.07598114013672
2015-01-09,117.26000213623047,96.11729431152344
2015-01-12,118.55999755859375,96.66727447509766
2015-01-13,118.16000366210938,96.66727447509766
2015-01-14,117.97000122070312,97.40065002441406
2015-01-15,120.94000244140625,98.93327331542969
2015-01-16,122.5199966430664,97.6718978881836
2015-01-20,124.19999694824219,98.96989440917969
2015-01-21,124.2300033569336,97.82594299316406
2015-01-22,125.2300033569336,97.47393798828125
2015-01-23,124.2300033569336,98.83060455322266
2015-01-26,122.98999786376953,98.52989196777344
2015-01-27,124.4000015258789,98.68401336669922
2015-01-28,123.41999816894531,100.29727935791016
2015-01-29,120.76000213623047,99.63726043701172
2015-01-30,123.44999694824219,101.40453338623047
2015-02-02,122.41999816894531,101.02172088623047
2015-02-03,121.05000305175781,98.88346099853516
2015-02-04,121.58000183105469,99.0524673461914
2015-02-05,121.79000091552734,97.96493530273438
2015-02-06,118.63999938964844,96.23077392578125
2015-02-09,119.16999816894531,96.07648468017578
2015-02-10,118.47000122070312,95.31227111816406
2015-02-11,117.06999969482422,95.48860931396484
2015-02-12,117.33999633789062,95.17266845703125
2015-02-13,117.9800033569336,94.19537353515625
2015-02-17,116.01000213623047,92.77714538574219
2015-02-18,116.33999633789062,93.32831573486328
2015-02-19,115.94000244140625,92.71102905273438
2015-02-20,115.27999877929688,92.98291778564453
2015-02-23,115.43000030517578,94.04837036132812
2015-02-24,115.26000213623047,95.28292846679688
2015-02-25,115.69999694824219,95.69436645507812
2015-02-26,116.06999969482422,94.38640594482422
2015-02-27,116.16000366210938,95.17997741699219
2015-03-02,115.68000030517578,93.40711975097656
2015-03-03,115.47000122070312,93.06843566894531
2015-03-04,115.11000061035156,93.097900390625
2015-03-05,115.0,92.9800796508789
2015-03-06,111.86000061035156,90.92596435546875
2015-03-09,111.97000122070312,91.76530456542969
2015-03-10,111.41999816894531,92.97272491455078
2015-03-11,110.75,93.65005493164062
2015-03-12,110.72000122070312,93.58380889892578
2015-03-13,110.87999725341797,93.29671478271484
2015-03-16,110.80999755859375,94.19488525390625
2015-03-17,110.20999908447266,94.97533416748047
2015-03-18,112.37000274658203,96.80857849121094
2015-03-19,112.29000091552734,96.31531524658203
2015-03-20,113.56999969482422,96.82330322265625
2015-03-23,114.29000091552734,96.70551300048828
2015-03-24,114.56999969482422,97.64049530029297
2015-03-25,114.7300033569336,96.81593322753906
2015-03-26,115.4800033569336,95.30662536621094
2015-03-27,115.05999755859375,96.4919662475586
2015-03-30,113.75,96.01342010498047
2015-03-31,113.66000366210938,96.21955108642578
2015-04-01,115.5999984741211,97.48339080810547
2015-04-02,115.27999877929688,96.45048522949219
2015-04-06,116.69000244140625,95.91193389892578
2015-04-07,116.11000061035156,96.71611022949219
2015-04-08,115.47000122070312,96.74557495117188
2015-04-09,114.66999816894531,95.49137115478516
2015-04-10,115.97000122070312,95.63153839111328
2015-04-13,115.13999938964844,95.76434326171875
2015-04-14,114.44000244140625,96.4430923461914
2015-04-15,115.43000030517578,96.36196899414062
2015-04-16,115.02999877929688,95.88236236572266
2015-04-17,115.5999984741211,96.98170471191406
2015-04-20,114.72000122070312,96.12584686279297
2015-04-21,115.37999725341797,95.69060516357422
2015-04-22,113.83000183105469,94.22982788085938
2015-04-23,114.66000366210938,94.63555145263672
2015-04-24,113.05000305175781,95.22574615478516
2015-04-27,115.33000183105469,95.22574615478516
2015-04-28,116.33000183105469,93.91252899169922
2015-04-29,115.51000213623047,92.76158142089844
2015-04-30,113.47000122070312,92.92388153076172
2015-05-01,113.08000183105469,91.67296600341797
2015-05-04,114.0999984741211,90.80803680419922
2015-05-05,114.41999816894531,90.68232727050781
2015-05-06,114.36000061035156,89.12979125976562
2015-05-07,113.41999816894531,90.3274917602539
2015-05-08,113.97000122070312,90.57147216796875
2015-05-11,113.52999877929688,88.36832427978516
2015-05-12,114.5,88.5975112915039
2015-05-13,116.55000305175781,87.8878173828125
2015-05-14,117.18000030517578,88.12439727783203
2015-05-15,117.52999877929688,89.89128112792969
2015-05-18,117.5199966430664,88.38311004638672
2015-05-19,115.88999938964844,87.59945678710938
2015-05-20,116.08000183105469,87.74734497070312
2015-05-21,115.69000244140625,88.97457885742188
2015-05-22,115.5999984741211,89.01151275634766
2015-05-26,113.91000366210938,90.53448486328125
2015-05-27,113.88999938964844,90.7414779663086
2015-05-28,114.0199966430664,90.5196762084961
2015-05-29,114.0999984741211,90.71929931640625
2015-06-01,114.0,89.74429321289062
2015-06-02,114.45999908447266,88.49215698242188
2015-06-03,113.63999938964844,87.0696792602539
2015-06-04,112.83999633789062,88.20326232910156
2015-06-05,112.23999786376953,87.12891387939453
2015-06-08,112.56999969482422,87.03265380859375
2015-06-09,112.81999969482422,86.34362030029297
2015-06-10,113.77999877929688,85.58788299560547
2015-06-11,113.26000213623047,87.38822937011719
2015-06-12,113.2300033569336,87.38822937011719
2015-06-15,113.7300033569336,87.52900695800781
2015-06-16,113.31999969482422,88.21806335449219
2015-06-17,113.8499984741211,87.53644561767578
2015-06-18,115.31999969482422,87.10671997070312
2015-06-19,115.12000274658203,88.22551727294922
2015-06-22,113.63999938964844,86.42509460449219
2015-06-23,112.88999938964844,85.90641784667969
2015-06-24,112.58999633789062,86.64733123779297
2015-06-25,112.44000244140625,86.34362030029297
2015-06-26,112.55999755859375,85.37301635742188
2015-06-29,113.06999969482422,87.63272857666016
2015-06-30,112.37000274658203,87.02527618408203
2015-07-01,111.9800033569336,85.8505859375
2015-07-02,111.76000213623047,86.13267517089844
2015-07-06,112.05999755859375,87.72915649414062
2015-07-07,110.76000213623047,88.5533218383789
2015-07-08,111.08999633789062,89.31815338134766
2015-07-09,111.36000061035156,87.5583267211914
2015-07-10,111.48999786376953,86.16983032226562
2015-07-13,110.98999786376953,85.90251159667969
2015-07-14,110.73999786376953,86.1846694946289
2015-07-15,110.16000366210938,87.09795379638672
2015-07-16,109.76000213623047,87.69942474365234
2015-07-17,108.6500015258789,88.15239715576172
2015-07-20,105.69999694824219,87.7811050415039
2015-07-21,105.37000274658203,88.25630187988281
2015-07-22,104.80000305175781,88.80580139160156
2015-07-23,104.33000183105469,89.91216278076172
2015-07-24,105.3499984741211,90.13497161865234
2015-07-27,104.86000061035156,90.61754608154297
2015-07-28,105.0199966430664,89.9566879272461
2015-07-29,105.16999816894531,89.62257385253906
2015-07-30,104.2699966430664,90.31311798095703
2015-07-31,104.93000030517578,90.9813461303711
2015-08-03,104.0999984741211,91.9391098022461
2015-08-04,104.30999755859375,91.20982360839844
2015-08-05,103.93000030517578,90.52518463134766
2015-08-06,104.38999938964844,91.32892608642578
2015-08-07,104.6500015258789,92.52698516845703
2015-08-10,105.72000122070312,91.3809814453125
2015-08-11,106.26000213623047,92.83208465576172
2015-08-12,107.75,92.32608032226562
2015-08-13,106.86000061035156,92.02835083007812
2015-08-14,106.8499984741211,92.24420166015625
2015-08-17,107.12999725341797,92.6609115600586
2015-08-18,107.11000061035156,91.931640625
2015-08-19,108.55000305175781,92.83951568603516
2015-08-20,110.44000244140625,93.77711486816406
2015-08-21,111.12999725341797,94.0599365234375
2015-08-24,110.52999877929688,94.0301513671875
2015-08-25,109.16000366210938,92.51952362060547
2015-08-26,107.66999816894531,90.73355102539062
2015-08-27,107.7300033569336,90.78567504882812
2015-08-28,108.69999694824219,91.05360412597656
2015-08-31,108.81999969482422,90.35404205322266
2015-09-01,109.19999694824219,91.00509643554688
2015-09-02,108.62000274658203,90.22205352783203
2015-09-03,107.83999633789062,90.66205596923828
2015-09-04,107.48999786376953,91.4898681640625
2015-09-08,107.5199966430664,90.1400375366211
2015-09-09,106.12999725341797,90.57257080078125
2015-09-10,106.37999725341797,89.9610595703125
2015-09-11,106.16000366210938,90.52783203125
2015-09-14,106.22000122070312,90.66952514648438
2015-09-15,105.9000015258789,88.93191528320312
2015-09-16,107.30999755859375,88.59632110595703
2015-09-17,108.41000366210938,89.67768859863281
2015-09-18,109.20999908447266,91.05730438232422
2015-09-21,108.52999877929688,89.57327270507812
2015-09-22,107.79000091552734,90.81864929199219
2015-09-23,108.22000122070312,90.81120300292969
2015-09-24,110.48999786376953,91.4301986694336
2015-09-25,109.80999755859375,90.63967895507812
2015-09-28,108.41999816894531,92.19088745117188
2015-09-29,107.9800033569336,92.45185852050781
2015-09-30,106.86000061035156,92.13117980957031
2015-10-01,106.7300033569336,92.5242919921875
2015-10-02,108.98999786376953,93.08477783203125
2015-10-05,108.7699966430664,91.82183837890625
2015-10-06,109.86000061035156,92.21788787841797
2015-10-07,109.69999694824219,91.91152954101562
2015-10-08,109.13999938964844,91.14176940917969
2015-10-09,110.87000274658203,91.38092803955078
2015-10-12,111.30999755859375,92.07591247558594
2015-10-13,111.86000061035156,92.23280334472656
2015-10-14,113.80999755859375,93.03993225097656
2015-10-15,113.29000091552734,92.58411407470703
2015-10-16,112.48999786376953,92.61397552490234
2015-10-19,112.0199966430664,92.35991668701172
2015-10-20,112.7300033569336,91.79192352294922
2015-10-21,111.7300033569336,92.70362854003906
2015-10-22,111.69000244140625,92.86053466796875
2015-10-23,111.5,92.06843566894531
2015-10-26,111.43000030517578,92.68124389648438
2015-10-27,111.68000030517578,92.91289520263672
2015-10-28,110.77999877929688,92.53924560546875
2015-10-29,109.72000122070312,91.06707000732422
2015-10-30,109.30000305175781,91.75458526611328
2015-11-02,108.58999633789062,91.33293151855469
2015-11-03,106.9800033569336,90.58394622802734
2015-11-04,105.97000122070312,90.6888427734375
2015-11-05,105.63999938964844,90.44917297363281
2015-11-06,104.0999984741211,89.1235122680664
2015-11-09,104.4000015258789,88.62175750732422
2015-11-10,104.18000030517578,88.88389587402344
2015-11-11,103.83000183105469,88.69669342041016
2015-11-12,103.8499984741211,89.1235122680664
2015-11-13,103.55999755859375,89.63279724121094
2015-11-16,103.70999908447266,89.55044555664062
2015-11-17,102.33999633789062,89.70022583007812
2015-11-18,102.43000030517578,89.8874740600586
2015-11-19,103.55999755859375,90.48664093017578
2015-11-20,103.08999633789062,90.20954132080078
2015-11-23,102.26000213623047,90.48664093017578
2015-11-24,102.94000244140625,90.4791488647461
2015-11-25,102.45999908447266,90.6888427734375
2015-11-27,101.25,90.5989761352539
2015-11-30,101.91999816894531,90.95844268798828
2015-12-01,102.27999877929688,92.18704986572266
2015-12-02,100.69000244140625,92.21709442138672
2015-12-03,101.76000213623047,89.71035766601562
2015-12-04,104.0199966430664,90.49835968017578
2015-12-07,102.66999816894531,91.37650299072266
2015-12-08,102.83999633789062,91.42154693603516
2015-12-09,102.63999938964844,91.323974609375
2015-12-10,102.55000305175781,91.44401550292969
2015-12-11,103.11000061035156,92.8850326538086
2015-12-14,101.79000091552734,91.68421173095703
2015-12-15,101.5199966430664,91.14384460449219
2015-12-16,102.75,90.94869995117188
2015-12-17,100.5,91.9769058227539
2015-12-18,102.04000091552734,92.48728942871094
2015-12-21,103.1500015258789,92.46472930908203
2015-12-22,102.61000061035156,91.79680633544922
2015-12-23,102.30999755859375,91.1063232421875
2015-12-24,103.05000305175781,91.62830352783203
2015-12-28,102.2699966430664,91.8990249633789
2015-12-29,102.19999694824219,90.37225341796875
2015-12-30,101.41999816894531,90.28202819824219
2015-12-31,101.45999908447266,90.68817138671875
2016-01-04,102.88999938964844,91.34249114990234
2016-01-05,103.18000030517578,90.97393798828125
2016-01-06,104.66999816894531,92.19982147216797
2016-01-07,106.1500015258789,92.36532592773438
2016-01-08,105.68000030517578,92.77896881103516
2016-01-11,104.73999786376953,91.7636489868164
2016-01-12,104.20999908447266,93.08731079101562
2016-01-13,104.72000122070312,94.00491333007812
2016-01-14,103.0199966430664,93.12490844726562
2016-01-15,104.08000183105469,94.5765151977539
2016-01-19,103.9800033569336,94.28314971923828
2016-01-20,105.37000274658203,95.27593231201172
2016-01-21,105.48999786376953,94.62914276123047
2016-01-22,105.0,94.26811218261719
2016-01-25,106.08000183105469,94.779541015625
2016-01-26,107.29000091552734,94.82466888427734
2016-01-27,107.69000244140625,94.80209350585938
2016-01-28,106.54000091552734,94.9374771118164
2016-01-29,106.94999694824219,95.74225616455078
2016-02-01,108.05000305175781,95.4491195678711
2016-02-02,108.08999633789062,97.2198715209961
2016-02-03,109.25,96.41364288330078
2016-02-04,110.56999969482422,96.88082122802734
2016-02-05,112.31999969482422,96.99385833740234
2016-02-08,113.83000183105469,99.08116149902344
2016-02-09,113.58000183105469,99.18663024902344
2016-02-10,114.45999908447266,100.06065368652344
2016-02-11,119.05999755859375,100.76146697998047
2016-02-12,118.36000061035156,99.08869934082031
2016-02-16,114.7699966430664,98.04127502441406
2016-02-17,115.4800033569336,97.43841552734375
2016-02-18,118.29000091552734,98.63655853271484
2016-02-19,117.58000183105469,98.71937561035156
2016-02-22,115.48999786376953,98.66665649414062
2016-02-23,117.22000122070312,99.06608581542969
2016-02-24,117.61000061035156,98.8701400756836
2016-02-25,117.91999816894531,99.22425842285156
2016-02-26,117.11000061035156,98.26730346679688
2016-02-29,118.63999938964844,98.69679260253906
2016-03-01,117.7699966430664,96.95887756347656
2016-03-02,118.68000030517578,97.35901641845703
2016-03-03,120.7300033569336,97.7138442993164
2016-03-04,120.54000091552734,97.08719635009766
2016-03-07,121.13999938964844,97.05702209472656
2016-03-08,120.58000183105469,98.12909698486328
2016-03-09,119.58000183105469,97.53266906738281
2016-03-10,121.5,97.13256072998047
2016-03-11,119.41000366210938,96.15113067626953
2016-03-14,117.87000274658203,96.45309448242188
2016-03-15,117.95999908447266,96.54366302490234
2016-03-16,120.58999633789062,96.83052062988281
2016-03-17,120.12999725341797,97.23070526123047
2016-03-18,119.80000305175781,97.43451690673828
2016-03-21,118.95999908447266,96.68717193603516
2016-03-22,119.30999755859375,96.66443634033203
2016-03-23,116.61000061035156,97.75919342041016
2016-03-24,116.33000183105469,97.79690551757812
2016-03-28,116.5999984741211,97.92526245117188
2016-03-29,118.76000213623047,98.95201873779297
2016-03-30,117.0999984741211,97.91014099121094
2016-03-31,117.63999938964844,98.60470581054688
2016-04-01,116.93000030517578,98.8619155883789
2016-04-04,116.1500015258789,98.92247009277344
2016-04-05,117.66000366210938,100.00431060791016
2016-04-06,116.94000244140625,99.27799987792969
2016-04-07,118.61000061035156,100.50354766845703
2016-04-08,118.43000030517578,99.86808776855469
2016-04-11,120.02999877929688,99.73947143554688
2016-04-12,120.05000305175781,99.05107116699219
2016-04-13,118.7699966430664,99.39910125732422
2016-04-14,117.11000061035156,98.92247009277344
2016-04-15,117.91999816894531,99.76974487304688
2016-04-18,117.73999786376953,99.3385238647461
2016-04-19,119.58000183105469,99.02835845947266
2016-04-20,118.97000122070312,97.9389419555664
2016-04-21,119.41999816894531,97.3564453125
2016-04-22,117.88999938964844,97.10677337646484
2016-04-25,118.2300033569336,96.70585632324219
2016-04-26,118.69999694824219,96.26702880859375
2016-04-27,119.04000091552734,97.22789764404297
2016-04-28,121.29000091552734,97.62881469726562
2016-04-29,123.6500015258789,97.87842559814453
2016-05-02,123.23999786376953,96.89299774169922
2016-05-03,122.95999908447266,98.1134262084961
2016-05-04,122.20999908447266,98.65160369873047
2016-05-05,122.06999969482422,99.31111145019531
2016-05-06,123.18000030517578,98.88665008544922
2016-05-09,120.6500015258789,99.1974105834961
2016-05-10,120.9800033569336,99.20500946044922
2016-05-11,122.12000274658203,99.76597595214844
2016-05-12,121.16000366210938,99.31111145019531
2016-05-13,121.70999908447266,100.27391052246094
2016-05-16,121.80000305175781,99.40972900390625
2016-05-17,122.22000122070312,99.5765151977539
2016-05-18,120.0999984741211,98.15892791748047
2016-05-19,119.87000274658203,98.58345031738281
2016-05-20,119.70999908447266,98.65919494628906
2016-05-23,119.37000274658203,98.87905883789062
2016-05-24,117.30000305175781,98.43944549560547
2016-05-25,116.9800033569336,98.06794738769531
2016-05-26,116.58000183105469,98.57583618164062
2016-05-27,115.62000274658203,98.43180847167969
2016-05-31,116.05999755859375,98.6667709350586
2016-06-01,115.94000244140625,99.06706237792969
2016-06-02,115.66999816894531,99.78115844726562
2016-06-03,118.87999725341797,101.20161437988281
2016-06-06,118.91999816894531,100.4495620727539
2016-06-07,118.81999969482422,100.6926498413086
2016-06-08,120.58000183105469,101.23197937011719
2016-06-09,121.25,101.88523864746094
2016-06-10,121.73999786376953,102.37899780273438
2016-06-13,122.63999938964844,102.83476257324219
2016-06-14,122.7699966430664,102.75877380371094
2016-06-15,123.68000030517578,103.15380859375
2016-06-16,122.37999725341797,103.65512084960938
2016-06-17,123.94999694824219,103.00941467285156
2016-06-20,123.20999908447266,101.90803527832031
2016-06-21,120.83999633789062,101.43704986572266
2016-06-22,120.9000015258789,101.60417938232422
2016-06-23,120.11000061035156,100.4420394897461
2016-06-24,126.0,103.1385498046875
2016-06-27,126.68000030517578,105.71365356445312
2016-06-28,125.31999969482422,105.93396759033203
2016-06-29,125.83999633789062,105.12113189697266
2016-06-30,126.47000122070312,105.50852966308594
2016-07-01,128.41000366210938,106.97346496582031
2016-07-05,129.47000122070312,108.31281280517578
2016-07-06,130.22999572753906,108.48786926269531
2016-07-07,129.74000549316406,108.48023986816406
2016-07-08,130.52000427246094,109.27931213378906
2016-07-11,129.2899932861328,108.32041931152344
2016-07-12,127.1500015258789,106.53968811035156
2016-07-13,128.32000732421875,107.79534149169922
2016-07-14,127.33000183105469,106.2276611328125
2016-07-15,126.83999633789062,105.31446075439453
2016-07-18,127.04000091552734,105.21554565429688
2016-07-19,127.20999908447266,105.80912017822266
2016-07-20,125.38999938964844,105.23078155517578
2016-07-21,127.30000305175781,105.44384002685547
2016-07-22,126.3499984741211,105.62645721435547
2016-07-25,125.47000122070312,105.55036926269531
2016-07-26,126.0,105.71785736083984
2016-07-27,128.02999877929688,107.03433227539062
2016-07-28,127.66000366210938,106.83646392822266
2016-07-29,128.97999572753906,107.72689056396484
2016-08-01,129.22000122070312,106.55884552001953
2016-08-02,130.27000427246094,105.46106719970703
2016-08-03,129.64999389648438,105.52198028564453
2016-08-04,129.8699951171875,106.31488037109375
2016-08-05,127.55000305175781,105.20943450927734
2016-08-08,127.44000244140625,105.40764617919922
2016-08-09,127.95999908447266,106.4444808959961
2016-08-10,128.55999755859375,106.85620880126953
2016-08-11,127.66999816894531,105.90320587158203
2016-08-12,127.4000015258789,106.79517364501953
2016-08-15,127.83999633789062,105.78887939453125
2016-08-16,128.47000122070312,105.5067367553711
2016-08-17,128.5,106.1395263671875
2016-08-18,129.11000061035156,106.30723571777344
2016-08-19,127.97000122070312,105.75078582763672
2016-08-22,127.77999877929688,106.6426773071289
2016-08-23,127.76000213623047,106.75712585449219
2016-08-24,126.33999633789062,106.5055160522461
2016-08-25,126.2300033569336,106.10144805908203
2016-08-26,126.05000305175781,105.48394775390625
2016-08-29,126.30000305175781,106.89433288574219
2016-08-30,125.02999877929688,106.48262023925781
2016-08-31,124.77999877929688,106.63511657714844
2016-09-01,125.29000091552734,106.75267791748047
2016-09-02,126.56999969482422,105.88204956054688
2016-09-06,128.7100067138672,106.65339660644531
2016-09-07,128.27000427246094,106.57707214355469
2016-09-08,127.58999633789062,105.24043273925781
2016-09-09,126.75,103.50668334960938
2016-09-12,126.58999633789062,103.56014251708984
2016-09-13,125.75,102.38400268554688
2016-09-14,126.18000030517578,102.53673553466797
2016-09-15,125.37000274658203,102.09365844726562
2016-09-16,125.05999755859375,102.91854095458984
2016-09-19,125.31999969482422,102.58251190185547
2016-09-20,125.44000244140625,102.94152069091797
2016-09-21,127.2699966430664,103.77407836914062
2016-09-22,127.56999969482422,104.59888458251953
2016-09-23,127.6500015258789,104.49964904785156
2016-09-26,127.55000305175781,105.16410064697266
2016-09-27,126.62000274658203,105.93550109863281
2016-09-28,126.22000122070312,105.70635223388672
2016-09-29,126.06999969482422,105.97371673583984
2016-09-30,125.63999938964844,105.0265884399414
2016-10-03,125.31999969482422,104.6799545288086
2016-10-04,120.97000122070312,103.45573425292969
2016-10-05,120.77999877929688,102.97366333007812
2016-10-06,119.66000366210938,102.39984130859375
2016-10-07,119.73999786376953,102.4687271118164
2016-10-10,120.16000366210938,101.86428833007812
2016-10-11,119.55000305175781,101.63469696044922
2016-10-12,119.73999786376953,101.73419952392578
2016-10-13,120.02999877929688,102.11675262451172
2016-10-14,119.36000061035156,100.6859130859375
2016-10-17,119.68000030517578,101.32860565185547
2016-10-18,120.41999816894531,101.65765380859375
2016-10-19,121.11000061035156,101.74180603027344
2016-10-20,120.73999786376953,101.84896087646484
2016-10-21,120.83000183105469,102.00196838378906
2016-10-24,120.55999755859375,101.55818939208984
2016-10-25,121.47000122070312,101.82597351074219
2016-10-26,120.79000091552734,101.1373291015625
2016-10-27,121.01000213623047,100.0355453491211
2016-10-28,121.58000183105469,99.81363677978516
2016-10-31,121.94000244140625,100.42575073242188
2016-11-01,122.7300033569336,100.43344116210938
2016-11-02,123.63999938964844,100.87039184570312
2016-11-03,124.30000305175781,100.09614562988281
2016-11-04,124.38999938964844,100.9930419921875
2016-11-07,122.1500015258789,100.1344223022461
2016-11-08,121.63999938964844,99.7281265258789
2016-11-09,121.55999755859375,95.49649810791016
2016-11-10,119.75,94.08589935302734
2016-11-11,117.0999984741211,93.55695343017578
2016-11-14,116.11000061035156,92.997314453125
2016-11-15,117.12000274658203,93.4572525024414
2016-11-16,116.7699966430664,94.30056762695312
2016-11-17,116.16999816894531,92.91299438476562
2016-11-18,115.1500015258789,92.64469909667969
2016-11-21,115.58000183105469,92.87467956542969
2016-11-22,115.54000091552734,92.84402465820312
2016-11-23,113.25,92.48370361328125
2016-11-25,112.61000061035156,92.62173461914062
2016-11-28,113.80000305175781,93.30398559570312
2016-11-29,113.2699966430664,93.69497680664062
2016-11-30,111.75,92.17707061767578
2016-12-01,111.54000091552734,91.20379638671875
2016-12-02,112.13999938964844,91.87208557128906
2016-12-05,111.54000091552734,91.77223205566406
2016-12-06,111.43000030517578,91.7031021118164
2016-12-07,111.83000183105469,92.48668670654297
2016-12-08,111.56999969482422,91.39582061767578
2016-12-09,110.4000015258789,90.25898742675781
2016-12-12,110.81999969482422,90.42791748046875
2016-12-13,110.44999694824219,90.75054931640625
2016-12-14,108.83000183105469,89.73661804199219
2016-12-15,107.33999633789062,90.1898193359375
2016-12-16,108.05000305175781,89.98238372802734
2016-12-19,108.58999633789062,90.95030975341797
2016-12-20,107.79000091552734,90.49710845947266
2016-12-21,107.8499984741211,90.89653015136719
2016-12-22,107.58999633789062,90.73400115966797
2016-12-23,107.93000030517578,90.91887664794922
2016-12-27,108.55999755859375,90.62615203857422
2016-12-28,108.86000061035156,91.2885513305664
2016-12-29,110.29000091552734,91.61200714111328
2016-12-30,109.61000061035156,91.75065612792969
2017-01-03,110.47000122070312,92.14344024658203
2017-01-04,110.86000061035156,92.49773406982422
2017-01-05,112.58000183105469,93.94561767578125
2017-01-06,111.75,93.08301544189453
2017-01-09,112.66999816894531,93.83013916015625
2017-01-10,113.1500015258789,93.76850891113281
2017-01-11,113.5,94.08428955078125
2017-01-12,113.91000366210938,93.8763427734375
2017-01-13,114.20999908447266,93.42961883544922
2017-01-17,115.8499984741211,94.40770721435547
2017-01-18,114.87000274658203,93.19855499267578
2017-01-19,114.7699966430664,92.55934143066406
2017-01-20,115.05000305175781,92.37449645996094
2017-01-23,115.79000091552734,93.29866790771484
2017-01-24,115.2699966430664,92.6594467163086
2017-01-25,114.31999969482422,91.49650573730469
2017-01-26,113.26000213623047,91.80455017089844
2017-01-27,113.48999786376953,92.13573455810547
2017-01-30,113.97000122070312,91.85848999023438
2017-01-31,115.55000305175781,92.49773406982422
2017-02-01,115.19999694824219,91.92578887939453
2017-02-02,115.83999633789062,91.88720703125
2017-02-03,116.12999725341797,91.84857177734375
2017-02-06,117.69999694824219,92.40431213378906
2017-02-07,117.45999908447266,93.08357238769531
2017-02-08,118.19000244140625,94.34934997558594
2017-02-09,117.29000091552734,93.26107025146484
2017-02-10,117.5999984741211,93.20706176757812
2017-02-13,116.80000305175781,92.91372680664062
2017-02-14,116.93000030517578,92.24224090576172
2017-02-15,117.44999694824219,91.81770324707031
2017-02-16,118.08000183105469,92.31941986083984
2017-02-17,117.68000030517578,92.8674087524414
2017-02-21,117.75,92.70536804199219
2017-02-22,117.91000366210938,92.85968017578125
2017-02-23,118.94000244140625,93.13758850097656
2017-02-24,119.69999694824219,94.17182922363281
2017-02-27,119.12000274658203,93.61610412597656
2017-02-28,119.2300033569336,93.96341705322266
2017-03-01,119.05999755859375,92.38896942138672
2017-03-02,117.58000183105469,92.056396484375
2017-03-03,117.51000213623047,92.29617309570312
2017-03-06,116.72000122070312,91.85535430908203
2017-03-07,115.77999877929688,91.57695007324219
2017-03-08,115.05999755859375,91.08203887939453
2017-03-09,114.47000122070312,90.35508728027344
2017-03-10,114.72000122070312,90.67218780517578
2017-03-13,114.73999786376953,90.09989166259766
2017-03-14,114.12000274658203,90.53301239013672
2017-03-15,116.25,91.6387939453125
2017-03-16,116.7300033569336,91.17485046386719
2017-03-17,116.98999786376953,91.74710845947266
2017-03-20,117.51000213623047,92.14146423339844
2017-03-21,118.54000091552734,92.90707397460938
2017-03-22,118.83000183105469,93.27826690673828
2017-03-23,118.66999816894531,93.14681243896484
2017-03-24,118.86000061035156,93.47932434082031
2017-03-27,119.52999877929688,93.9046630859375
2017-03-28,119.04000091552734,93.27826690673828
2017-03-29,119.33000183105469,93.83504486083984
2017-03-30,118.47000122070312,93.07721710205078
2017-03-31,118.72000122070312,93.34786224365234
2017-04-03,119.3499984741211,94.28943634033203
2017-04-04,119.62000274658203,93.7779541015625
2017-04-05,119.62000274658203,94.064697265625
2017-04-06,119.18000030517578,93.92523956298828
2017-04-07,119.45999908447266,93.54547119140625
2017-04-10,119.45999908447266,93.97946166992188
2017-04-11,121.19000244140625,94.87068939208984
2017-04-12,122.0199966430664,95.3899154663086
2017-04-13,122.5999984741211,95.68437194824219
2017-04-17,122.23999786376953,95.3899154663086
2017-04-18,122.81999969482422,96.6375961303711
2017-04-19,121.7300033569336,96.11061096191406
2017-04-20,121.95999908447266,95.73861694335938
2017-04-21,122.30999755859375,95.73861694335938
2017-04-24,121.4800033569336,95.26588439941406
2017-04-25,120.25,94.11892700195312
2017-04-26,120.83999633789062,94.6381607055664
2017-04-27,120.38999938964844,94.60719299316406
2017-04-28,120.7699966430664,94.81639862060547
2017-05-01,119.66999816894531,94.02821350097656
2017-05-02,119.6500015258789,94.5096435546875
2017-05-03,117.9800033569336,94.57183074951172
2017-05-04,116.79000091552734,94.10587310791016
2017-05-05,117.01000213623047,94.19129943847656
2017-05-08,116.75,93.67872619628906
2017-05-09,116.05000305175781,93.67096710205078
2017-05-10,116.04000091552734,93.56222534179688
2017-05-11,116.5,93.56222534179688
2017-05-12,116.83000183105469,94.26891326904297
2017-05-15,117.13999938964844,94.01263427734375
2017-05-16,117.6500015258789,94.36213684082031
2017-05-17,119.79000091552734,95.73666381835938
2017-05-18,118.80999755859375,95.84539794921875
2017-05-19,119.4000015258789,96.07061767578125
2017-05-22,119.9000015258789,95.8065414428711
2017-05-23,119.13999938964844,95.16200256347656
2017-05-24,119.61000061035156,95.69781494140625
2017-05-25,119.4800033569336,95.72891235351562
2017-05-26,120.54000091552734,95.89196014404297
2017-05-30,120.13999938964844,96.3656997680664
2017-05-31,120.62000274658203,96.60643005371094
2017-06-01,120.72000122070312,96.61653900146484
2017-06-02,121.61000061035156,97.76057434082031
2017-06-05,121.7300033569336,97.15353393554688
2017-06-06,123.0999984741211,97.68270874023438
2017-06-07,122.44999694824219,97.2158203125
2017-06-08,121.6500015258789,96.95899963378906
2017-06-09,120.54000091552734,96.81114196777344
2017-06-12,120.36000061035156,96.77998352050781
2017-06-13,120.4800033569336,96.7955551147461
2017-06-14,119.81999969482422,98.28972625732422
2017-06-15,119.31999969482422,98.13407135009766
2017-06-16,119.33999633789062,98.32866668701172
2017-06-19,118.43000030517578,98.18855285644531
2017-06-20,118.18000030517578,99.06793212890625
2017-06-21,118.5199966430664,99.27031707763672
2017-06-22,118.91999816894531,99.48822021484375
2017-06-23,119.43000030517578,99.44149017333984
2017-06-26,118.36000061035156,99.81503295898438
2017-06-27,118.80999755859375,98.74890899658203
2017-06-28,118.9000015258789,98.42205047607422
2017-06-29,118.31999969482422,97.59713745117188
2017-06-30,118.0199966430664,97.37142181396484
2017-07-03,116.08999633789062,97.05793762207031
2017-07-05,116.5199966430664,97.08134460449219
2017-07-06,116.47000122070312,96.27812957763672
2017-07-07,115.27999877929688,95.70101165771484
2017-07-10,115.47000122070312,95.8414077758789
2017-07-11,115.62000274658203,96.005126953125
2017-07-12,116.02999877929688,96.66802215576172
2017-07-13,115.81999969482422,96.05976867675781
2017-07-14,116.7699966430664,96.17672729492188
2017-07-17,117.29000091552734,96.44190979003906
2017-07-18,118.11000061035156,97.28407287597656
2017-07-19,118.08000183105469,97.3230972290039
2017-07-20,118.23999786376953,97.60381317138672
2017-07-21,119.26000213623047,98.01716613769531
2017-07-24,119.30999755859375,97.6350326538086
2017-07-25,118.91999816894531,96.36390686035156
2017-07-26,119.87999725341797,96.51992797851562
2017-07-27,119.79000091552734,96.04415130615234
2017-07-28,120.69000244140625,96.61344146728516
2017-07-31,120.75,96.73043060302734
2017-08-01,120.6500015258789,97.40958404541016
2017-08-02,120.4000015258789,97.4642562866211
2017-08-03,120.58999633789062,98.47240447998047
2017-08-04,119.6500015258789,97.63623046875
2017-08-07,119.51000213623047,97.74563598632812
2017-08-08,119.86000061035156,97.3939437866211
2017-08-09,121.30999755859375,97.92533874511719
2017-08-10,122.20999908447266,98.76156616210938
2017-08-11,122.79000091552734,98.80850219726562
2017-08-14,121.91999816894531,98.300537109375
2017-08-15,120.9800033569336,97.88628387451172
2017-08-16,121.87000274658203,98.24578857421875
2017-08-17,122.48999786376953,98.98045349121094
2017-08-18,122.30000305175781,98.95700073242188
2017-08-21,122.76000213623047,99.19927215576172
2017-08-22,122.20999908447266,98.81631469726562
2017-08-23,122.66999816894531,99.4884262084961
2017-08-24,122.29000091552734,99.12110900878906
2017-08-25,122.73999786376953,99.50403594970703
2017-08-28,124.69000244140625,99.4415283203125
2017-08-29,124.41999816894531,99.761962890625
2017-08-30,124.36000061035156,99.73065948486328
2017-08-31,125.81999969482422,100.02769470214844
2017-09-01,126.05999755859375,99.26253509521484
2017-09-05,127.45999908447266,100.83663940429688
2017-09-06,126.80999755859375,100.21798706054688
2017-09-07,128.1300048828125,101.24385833740234
2017-09-08,127.97000122070312,101.02459716796875
2017-09-11,126.19000244140625,99.8185806274414
2017-09-12,126.55999755859375,99.29387664794922
2017-09-13,125.61000061035156,98.90232849121094
2017-09-14,126.16000366210938,99.30951690673828
2017-09-15,125.52999877929688,99.34870147705078
2017-09-18,124.36000061035156,98.77701568603516
2017-09-19,124.62000274658203,98.53421020507812
2017-09-20,123.62000274658203,98.60470581054688
2017-09-21,122.68000030517578,98.54994201660156
2017-09-22,123.23999786376953,98.83182525634766
2017-09-25,124.52999877929688,99.45050048828125
2017-09-26,123.13999938964844,99.2704086303711
2017-09-27,121.9800033569336,97.77458953857422
2017-09-28,122.20999908447266,97.4848403930664
2017-09-29,121.58000183105469,97.70411682128906
2017-10-02,120.7699966430664,97.52517700195312
2017-10-03,120.83000183105469,97.61936950683594
2017-10-04,121.16999816894531,97.627197265625
2017-10-05,120.5199966430664,97.25838470458984
2017-10-06,121.08999633789062,96.98372650146484
2017-10-09,122.08000183105469,97.28980255126953
2017-10-10,122.4000015258789,97.44669342041016
2017-10-11,122.79000091552734,97.63504791259766
2017-10-12,122.88999938964844,98.05095672607422
2017-10-13,123.81999969482422,98.7572021484375
2017-10-16,122.97000122070312,98.68656158447266
2017-10-17,122.12999725341797,98.81212615966797
2017-10-18,121.66999816894531,98.16085052490234
2017-10-19,122.38999938964844,98.33344268798828
2017-10-20,121.61000061035156,97.28980255126953
2017-10-23,121.80000305175781,97.46240997314453
2017-10-24,121.33000183105469,96.85816192626953
2017-10-25,121.3499984741211,96.39517211914062
2017-10-26,120.33000183105469,96.07345581054688
2017-10-27,120.9000015258789,96.70909881591797
2017-10-30,121.12999725341797,97.63504791259766
2017-10-31,120.66999816894531,97.66643524169922
2017-11-01,121.11000061035156,98.10128784179688
2017-11-02,121.19000244140625,98.53386688232422
2017-11-03,120.62000274658203,98.80120086669922
2017-11-06,121.6500015258789,99.17079162597656
2017-11-07,121.20999908447266,99.58757019042969
2017-11-08,121.62999725341797,99.3674087524414
2017-11-09,122.12999725341797,99.08425903320312
2017-11-10,121.12999725341797,97.59015655517578
2017-11-13,121.30999755859375,97.7946548461914
2017-11-14,121.55999755859375,98.45516967773438
2017-11-15,121.41000366210938,99.52468872070312
2017-11-16,121.4000015258789,98.65966796875
2017-11-17,122.86000061035156,99.39099884033203
2017-11-20,121.30999755859375,99.35160827636719
2017-11-21,121.51000213623047,99.66621398925781
2017-11-22,122.62999725341797,99.98863983154297
2017-11-24,122.31999969482422,99.71341705322266
2017-11-27,122.83000183105469,99.57183837890625
2017-11-28,122.80999755859375,99.70553588867188
2017-11-29,122.04000091552734,98.72254943847656
2017-11-30,121.0999984741211,98.39226531982422
2017-12-01,121.58999633789062,99.72006225585938
2017-12-04,121.18000030517578,99.7673110961914
2017-12-05,120.31999969482422,100.26373291015625
2017-12-06,120.06999969482422,100.61046600341797
2017-12-07,118.48999786376953,99.82244873046875
2017-12-08,118.4800033569336,99.83036804199219
2017-12-11,118.01000213623047,99.62545013427734
2017-12-12,118.1500015258789,99.58605194091797
2017-12-13,119.16999816894531,100.33467102050781
2017-12-14,118.93000030517578,100.76020812988281
2017-12-15,119.18000030517578,101.13838958740234
2017-12-18,119.7300033569336,100.21649169921875
2017-12-19,119.81999969482422,98.91627502441406
2017-12-20,120.13999938964844,97.82102966308594
2017-12-21,120.30999755859375,98.39112854003906
2017-12-22,120.94000244140625,98.5253677368164
2017-12-26,121.7699966430664,98.81751251220703
2017-12-27,122.2300033569336,100.10468292236328
2017-12-28,122.8499984741211,100.01779174804688
2017-12-29,123.6500015258789,100.17573547363281
2018-01-02,125.1500015258789,99.09394836425781
2018-01-03,124.81999969482422,99.56769561767578
2018-01-04,125.45999908447266,99.5518798828125
2018-01-05,125.33000183105469,99.26763916015625
2018-01-08,125.30999755859375,99.2044677734375
2018-01-09,124.7300033569336,97.87783813476562
2018-01-10,125.02999877929688,97.75940704345703
2018-01-11,125.44000244140625,98.162109375
2018-01-12,126.95999908447266,98.32794952392578
2018-01-16,127.16999816894531,98.7385482788086
2018-01-17,126.13999938964844,98.60431671142578
2018-01-18,125.86000061035156,97.68832397460938
2018-01-19,126.41999816894531,97.17505645751953
2018-01-22,126.6500015258789,97.26982879638672
2018-01-23,127.27999877929688,97.68832397460938
2018-01-24,128.8300018310547,97.15923309326172
2018-01-25,127.97000122070312,97.95683288574219
2018-01-26,128.07000732421875,97.59352111816406
2018-01-29,127.3499984741211,96.91446685791016
2018-01-30,126.80000305175781,96.34590148925781
2018-01-31,127.6500015258789,96.91446685791016
2018-02-01,128.07000732421875,95.5099105834961
2018-02-02,126.38999938964844,94.62364959716797
2018-02-05,126.70999908447266,95.517822265625
2018-02-06,125.37999725341797,94.9243392944336
2018-02-07,124.79000091552734,94.02225494384766
2018-02-08,124.9800033569336,93.91939544677734
2018-02-09,124.7699966430664,93.32591247558594
2018-02-12,125.37000274658203,93.73737335205078
2018-02-13,126.08000183105469,94.15674591064453
2018-02-14,128.22999572753906,93.11227416992188
2018-02-15,128.3800048828125,93.42881774902344
2018-02-16,127.95999908447266,93.9351806640625
2018-02-20,126.23999786376953,93.52373504638672
2018-02-21,125.66000366210938,92.37632751464844
2018-02-22,126.30000305175781,92.6533432006836
2018-02-23,126.13999938964844,93.47628021240234
2018-02-26,126.44999694824219,93.50789642333984
2018-02-27,125.12999725341797,93.37339782714844
2018-02-28,125.0,93.96685791015625
2018-03-01,124.72000122070312,94.60831451416016
2018-03-02,125.38999938964844,93.83921813964844
2018-03-05,125.18000030517578,93.58549499511719
2018-03-06,126.52999877929688,93.67269134521484
2018-03-07,125.72000122070312,93.56966400146484
2018-03-08,125.41999816894531,94.10880279541016
2018-03-09,125.54000091552734,93.49030303955078
2018-03-12,125.54000091552734,94.02948760986328
2018-03-13,125.77999877929688,94.50519561767578
2018-03-14,125.69999694824219,95.33776092529297
2018-03-15,124.9000015258789,95.33776092529297
2018-03-16,124.5999984741211,94.99684143066406
2018-03-19,124.87000274658203,94.69554901123047
2018-03-20,124.30999755859375,94.31494903564453
2018-03-21,126.4800033569336,94.41802215576172
2018-03-22,125.9800033569336,95.35365295410156
2018-03-23,127.61000061035156,95.28227233886719
2018-03-26,128.27999877929688,94.91752624511719
2018-03-27,127.48999786376953,95.93248748779297
2018-03-28,125.7300033569336,96.18618774414062
2018-03-29,125.79000091552734,96.65396881103516
2018-04-02,127.26000213623047,96.84469604492188
2018-04-03,126.30000305175781,96.09780883789062
2018-04-04,126.44999694824219,95.89910888671875
2018-04-05,125.80000305175781,95.18399047851562
2018-04-06,126.38999938964844,96.22489929199219
2018-04-09,126.81999969482422,96.38384246826172
2018-04-10,127.12000274658203,96.2090072631836
2018-04-11,128.11000061035156,96.5506820678711
2018-04-12,126.62000274658203,95.84353637695312
2018-04-13,127.44999694824219,96.06597137451172
2018-04-16,127.62999725341797,96.09780883789062
2018-04-17,127.75,96.36002349853516
2018-04-18,127.8499984741211,95.58922576904297
2018-04-19,127.5999984741211,94.81055450439453
2018-04-20,126.62999725341797,94.12720489501953
2018-04-23,125.62000274658203,94.1510238647461
2018-04-24,126.2300033569336,93.72193908691406
2018-04-25,125.41000366210938,93.09418487548828
2018-04-26,124.97000122070312,93.74577331542969
2018-04-27,125.5,94.46885681152344
2018-04-30,124.58999633789062,94.6357192993164
2018-05-01,123.70999908447266,94.29486083984375
2018-05-02,123.6500015258789,94.19139862060547
2018-05-03,124.27999877929688,94.6134033203125
2018-05-04,124.54000091552734,94.75674438476562
2018-05-07,124.56999969482422,94.6054916381836
2018-05-08,124.58999633789062,94.51787567138672
2018-05-09,124.33000183105469,93.95244598388672
2018-05-10,125.18000030517578,94.70901489257812
2018-05-11,125.0,94.9478759765625
2018-05-14,124.48999786376953,94.44619750976562
2018-05-15,122.4800033569336,93.37113952636719
2018-05-16,122.29000091552734,93.01277160644531
2018-05-17,122.36000061035156,92.54300689697266
2018-05-18,122.41000366210938,93.33927917480469
2018-05-21,122.4800033569336,93.38709259033203
2018-05-22,122.41000366210938,93.24372863769531
2018-05-23,122.54000091552734,93.92063903808594
2018-05-24,123.58999633789062,94.66918182373047
2018-05-25,123.20999908447266,95.25847625732422
2018-05-29,123.19000244140625,97.34485626220703
2018-05-30,123.37000274658203,96.69193267822266
2018-05-31,123.0999984741211,96.53263092041016
2018-06-01,122.48999786376953,96.02253723144531
2018-06-04,122.37000274658203,95.32816314697266
2018-06-05,122.8499984741211,95.55162048339844
2018-06-06,122.91999816894531,94.77739715576172
2018-06-07,122.86000061035156,95.69530487060547
2018-06-08,123.01000213623047,95.40794372558594
2018-06-11,123.2300033569336,95.23235321044922
2018-06-12,122.81999969482422,95.25630187988281
2018-06-13,123.19000244140625,95.20841217041016
2018-06-14,123.37999725341797,95.99858856201172
2018-06-15,121.33999633789062,96.08641052246094
2018-06-18,121.11000061035156,95.99858856201172
2018-06-19,120.80000305175781,96.55738067626953
2018-06-20,120.26000213623047,95.71127319335938
2018-06-21,120.05000305175781,96.21411895751953
2018-06-22,120.33999633789062,96.20613098144531
2018-06-25,119.88999938964844,96.42172241210938
2018-06-26,119.26000213623047,96.55738067626953
2018-06-27,118.58000183105469,97.46732330322266
2018-06-28,118.22000122070312,97.49127960205078
2018-06-29,118.6500015258789,97.156005859375
2018-07-02,117.45999908447266,97.08000946044922
2018-07-03,118.6500015258789,97.5999984741211
2018-07-05,119.05000305175781,97.87995910644531
2018-07-06,118.86000061035156,98.20001220703125
2018-07-09,119.1500015258789,97.56803131103516
2018-07-10,118.93000030517578,97.55997467041016
2018-07-11,117.63999938964844,97.9360122680664
2018-07-12,118.12999725341797,97.92801666259766
2018-07-13,117.61000061035156,98.17601776123047
2018-07-16,117.55000305175781,97.76798248291016
2018-07-17,116.27999877929688,97.58401489257812
2018-07-18,116.30999755859375,97.19197845458984
2018-07-19,115.80999755859375,97.80799865722656
2018-07-20,116.55999755859375,96.6080093383789
2018-07-23,116.0,95.4159927368164
2018-07-24,116.04000091552734,95.74403381347656
2018-07-25,116.68000030517578,95.59199523925781
2018-07-26,115.7699966430664,95.40801239013672
2018-07-27,115.83000183105469,95.56797790527344
2018-07-30,115.6500015258789,95.23998260498047
2018-07-31,115.98999786376953,95.76001739501953
2018-08-01,115.13999938964844,94.97986602783203
2018-08-02,114.5199966430664,95.11618041992188
2018-08-03,114.91999816894531,95.58921813964844
2018-08-06,114.33000183105469,95.64532470703125
2018-08-07,114.58999633789062,95.14823150634766
2018-08-08,114.91000366210938,95.24444580078125
2018-08-09,114.73999786376953,96.04622650146484
2018-08-10,114.69000244140625,96.7437973022461
2018-08-13,112.95999908447266,96.54337310791016
2018-08-14,113.06999969482422,96.32687377929688
2018-08-15,111.19000244140625,96.88807678222656
2018-08-16,111.0999984741211,96.88009643554688
2018-08-17,112.12999725341797,97.00039672851562
2018-08-20,112.69000244140625,97.64981079101562
2018-08-21,113.0199966430664,97.3210678100586
2018-08-22,113.2699966430664,97.70596313476562
2018-08-23,112.19999694824219,97.85828399658203
2018-08-24,114.16000366210938,98.05073547363281
2018-08-27,114.58999633789062,97.48941802978516
2018-08-28,113.68000030517578,96.9041748046875
2018-08-29,114.19999694824219,97.0324478149414
2018-08-30,113.63999938964844,97.2408676147461
2018-08-31,113.51000213623047,97.01641082763672
2018-09-04,112.93000030517578,96.45548248291016
2018-09-05,113.31999969482422,96.19832611083984
2018-09-06,113.54000091552734,96.55194854736328
2018-09-07,113.2300033569336,95.73225402832031
2018-09-10,113.1500015258789,96.08584594726562
2018-09-11,113.22000122070312,95.35453796386719
2018-09-12,114.16999816894531,95.5795669555664
2018-09-13,113.76000213623047,95.72421264648438
2018-09-14,113.0199966430664,95.26620483398438
2018-09-17,113.61000061035156,95.26620483398438
2018-09-18,113.44000244140625,94.26971435546875
2018-09-19,113.87999725341797,93.70723724365234
2018-09-20,114.2699966430664,94.14115142822266
2018-09-21,113.48999786376953,94.1009750366211
2018-09-24,113.47000122070312,93.85990142822266
2018-09-25,113.6500015258789,93.76345825195312
2018-09-26,113.05000305175781,94.42240142822266
2018-09-27,112.05000305175781,94.4866943359375
2018-09-28,112.76000213623047,94.23757934570312
2018-10-01,112.56999969482422,93.54574584960938
2018-10-02,113.87000274658203,94.11756134033203
2018-10-03,113.41999816894531,92.48265075683594
2018-10-04,113.4800033569336,91.83031463623047
2018-10-05,113.80000305175781,91.04100036621094
2018-10-08,112.54000091552734,90.73494720458984
2018-10-09,112.5999984741211,91.65306854248047
2018-10-10,112.87999725341797,91.40341186523438
2018-10-11,115.77999877929688,92.51484680175781
2018-10-12,115.2300033569336,92.1927261352539
2018-10-15,116.0,92.15242767333984
2018-10-16,115.80000305175781,92.36180114746094
2018-10-17,115.79000091552734,91.8141860961914
2018-10-18,115.91999816894531,91.78194427490234
2018-10-19,116.01000213623047,91.58058166503906
2018-10-22,115.70999908447266,91.45980072021484
2018-10-23,116.38999938964844,91.74974060058594
2018-10-24,116.66000366210938,92.44236755371094
2018-10-25,116.4000015258789,92.05571746826172
2018-10-26,116.7699966430664,92.61146545410156
2018-10-29,116.30999755859375,92.40210723876953
2018-10-30,115.80000305175781,91.94305419921875
2018-10-31,115.1500015258789,91.47590637207031
2018-11-01,116.62999725341797,91.56066131591797
2018-11-02,116.6500015258789,90.4223403930664
2018-11-05,116.37000274658203,90.77752685546875
2018-11-06,116.04000091552734,90.72102355957031
2018-11-07,116.02999877929688,90.84214782714844
2018-11-08,115.77999877929688,90.83407592773438
2018-11-09,114.4800033569336,91.51224517822266
2018-11-12,113.66000366210938,92.10964965820312
2018-11-13,113.69999694824219,92.05316925048828
2018-11-14,114.63999938964844,92.10964965820312
2018-11-15,114.7699966430664,92.06925964355469
2018-11-16,115.62000274658203,92.60214233398438
2018-11-19,115.66999816894531,92.8604736328125
2018-11-20,115.66999816894531,92.8927993774414
2018-11-21,115.86000061035156,92.8604736328125
2018-11-23,115.7699966430664,92.9573745727539
2018-11-26,115.63999938964844,92.74746704101562
2018-11-27,114.94999694824219,92.85244750976562
2018-11-28,115.37999725341797,92.40033721923828
2018-11-29,115.73999786376953,92.76358795166016
2018-11-30,115.54000091552734,93.11076354980469
2018-12-03,116.41000366210938,93.77190399169922
2018-12-04,117.12000274658203,95.34175872802734
2018-12-06,117.13999938964844,95.64120483398438
2018-12-07,118.08999633789062,95.81920623779297
2018-12-10,117.68000030517578,96.2157211303711
2018-12-11,117.54000091552734,96.19952392578125
2018-12-12,117.79000091552734,95.77063751220703
2018-12-13,117.52999877929688,95.5440902709961
2018-12-14,117.05999755859375,95.8758773803711
2018-12-17,117.87000274658203,96.43424987792969
2018-12-18,118.1500015258789,97.0117416381836
2018-12-19,117.43000030517578,98.29331970214844
2018-12-20,119.23999786376953,97.93643951416016
2018-12-21,118.72000122070312,97.92024993896484
2018-12-24,120.0199966430664,98.40690612792969
2018-12-26,119.66000366210938,97.35244750976562
2018-12-27,120.56999969482422,97.36864471435547
2018-12-28,121.05999755859375,98.1878662109375
2018-12-31,121.25,98.56100463867188
2019-01-02,121.33000183105469,99.08012390136719
2019-01-03,122.43000030517578,100.20763397216797
2019-01-04,121.44000244140625,99.0477066040039
2019-01-07,121.86000061035156,98.75567626953125
2019-01-08,121.52999877929688,98.49612426757812
2019-01-09,122.30999755859375,98.34200286865234
2019-01-10,121.58999633789062,97.70928192138672
2019-01-11,121.80000305175781,98.090576171875
2019-01-14,122.08999633789062,97.72553253173828
2019-01-15,121.87999725341797,97.36864471435547
2019-01-16,122.2699966430664,97.46599578857422
2019-01-17,122.11000061035156,97.49034881591797
2019-01-18,121.0199966430664,96.97929382324219
2019-01-22,121.44999694824219,97.63627624511719
2019-01-23,121.27999877929688,97.59576416015625
2019-01-24,121.08999633789062,98.236572265625
2019-01-25,122.86000061035156,97.76610565185547
2019-01-28,123.29000091552734,97.66875457763672
2019-01-29,123.9800033569336,98.16356658935547
2019-01-30,124.69000244140625,98.090576171875
2019-01-31,124.75,98.93415832519531
2019-02-01,124.5,98.33660888671875
2019-02-04,123.95999908447266,97.89757537841797
2019-02-05,124.27999877929688,98.3447494506836
2019-02-06,123.44000244140625,98.39351654052734
2019-02-07,123.73999786376953,99.04391479492188
2019-02-08,124.20999908447266,99.46663665771484
2019-02-11,123.5999984741211,99.076416015625
2019-02-12,123.86000061035156,98.82438659667969
2019-02-13,123.37000274658203,98.450439453125
2019-02-14,124.05999755859375,99.01136016845703
2019-02-15,124.80000305175781,99.16584777832031
2019-02-19,126.69999694824219,99.41787719726562
2019-02-20,126.4800033569336,99.13336944580078
2019-02-21,125.05000305175781,98.24716186523438
2019-02-22,125.5,98.83256530761719
2019-02-25,125.37000274658203,98.53986358642578
2019-02-26,125.58000183105469,99.02763366699219
2019-02-27,124.69000244140625,97.90575408935547
2019-02-28,123.98999786376953,97.57243347167969
2019-03-01,121.87999725341797,96.67057037353516
2019-03-04,121.55999755859375,97.42821502685547
2019-03-05,121.72000122070312,97.63186645507812
2019-03-06,121.61000061035156,97.99032592773438
2019-03-07,121.51000213623047,98.62580871582031
2019-03-08,122.83999633789062,99.04133605957031
2019-03-11,122.23999786376953,98.74800872802734
2019-03-12,122.9800033569336,99.44046783447266
2019-03-13,123.83999633789062,99.25312805175781
2019-03-14,122.41000366210938,98.53620910644531
2019-03-15,122.97000122070312,99.18792724609375
2019-03-18,123.04000091552734,99.13089752197266
2019-03-19,123.37999725341797,98.91094970703125
2019-03-20,124.18000030517578,99.94557189941406
2019-03-21,123.68000030517578,100.16556549072266
2019-03-22,123.97000122070312,101.72161865234375
2019-03-25,124.91999816894531,101.8845443725586
2019-03-26,124.30000305175781,101.81123352050781
2019-03-27,123.6500015258789,102.74811553955078
2019-03-28,121.9000015258789,103.10660552978516
2019-03-29,122.01000213623047,103.00883483886719
2019-04-01,121.52999877929688,101.54569244384766
2019-04-02,121.9800033569336,101.73347473144531
2019-04-03,121.80000305175781,100.85165405273438
2019-04-04,122.11000061035156,101.13744354248047
2019-04-05,121.9800033569336,101.26805877685547
2019-04-08,122.51000213623047,100.90882110595703
2019-04-09,123.1500015258789,101.22724151611328
2019-04-10,123.52999877929688,101.47218322753906
2019-04-11,121.94999694824219,100.87615203857422
2019-04-12,121.83000183105469,100.15767669677734
2019-04-15,121.5999984741211,100.41075897216797
2019-04-16,120.51000213623047,99.7820816040039
2019-04-17,120.27999877929688,99.82290649414062
2019-04-18,120.37000274658203,100.345458984375
2019-04-22,120.37000274658203,99.86372375488281
2019-04-23,120.12000274658203,100.07597351074219
2019-04-24,120.47000122070312,100.89250183105469
2019-04-25,120.56999969482422,100.74552154541016
2019-04-26,121.37000274658203,101.08846282958984
2019-04-29,120.83000183105469,100.44342041015625
2019-04-30,121.19999694824219,100.95779418945312
2019-05-01,120.4000015258789,101.374267578125
2019-05-02,119.94000244140625,100.8915023803711
2019-05-03,120.6500015258789,101.17790985107422
2019-05-06,120.80999755859375,101.45613098144531
2019-05-07,121.20999908447266,102.23338317871094
2019-05-08,120.91000366210938,101.79159545898438
2019-05-09,121.19999694824219,102.20884704589844
2019-05-10,121.43000030517578,102.0697250366211
2019-05-13,122.66999816894531,102.87157440185547
2019-05-14,122.45999908447266,102.56881713867188
2019-05-15,122.38999938964844,103.1988296508789
2019-05-16,121.51000213623047,102.8552017211914
2019-05-17,120.6500015258789,103.08429718017578
2019-05-20,120.63999938964844,102.87157440185547
2019-05-21,120.36000061035156,102.70793914794922
2019-05-22,120.23999786376953,103.29704284667969
2019-05-23,121.16999816894531,104.45886993408203
2019-05-24,121.30000305175781,104.54885864257812
2019-05-28,120.83000183105469,105.30159759521484
2019-05-29,120.87000274658203,105.62069702148438
2019-05-30,121.69000244140625,106.52887725830078
2019-05-31,123.33000183105469,107.86256408691406
2019-06-03,125.11000061035156,108.58402252197266
2019-06-04,125.1500015258789,107.34603881835938
2019-06-05,125.47000122070312,106.73934936523438
2019-06-06,125.87999725341797,107.08367919921875
2019-06-07,126.58999633789062,108.01014709472656
2019-06-10,125.33000183105469,106.99352264404297
2019-06-11,125.18000030517578,107.05908203125
2019-06-12,125.83000183105469,107.1410140991211
2019-06-13,126.5999984741211,107.50999450683594
2019-06-14,126.55999755859375,107.78057861328125
2019-06-17,126.4800033569336,107.9691390991211
2019-06-18,127.12000274658203,108.51025390625
2019-06-19,127.88999938964844,108.6659927368164
2019-06-20,131.11000061035156,108.95301055908203
2019-06-21,131.97999572753906,107.7559585571289
2019-06-24,133.94000244140625,108.55944061279297
2019-06-25,134.1999969482422,108.89561462402344
2019-06-26,132.97000122070312,108.19868469238281
2019-06-27,132.83999633789062,108.9611587524414
2019-06-28,133.1999969482422,108.88744354248047
2019-07-01,130.6199951171875,108.63273620605469
2019-07-02,133.41000366210938,109.47064208984375
2019-07-03,133.6300048828125,110.25109100341797
2019-07-05,132.13999938964844,108.78880310058594
2019-07-08,131.2899932861328,108.9367446899414
2019-07-09,131.75,108.89562225341797
2019-07-10,133.8300018310547,108.29593658447266
2019-07-11,132.6999969482422,106.85012817382812
2019-07-12,133.52999877929688,106.97332000732422
2019-07-15,133.52999877929688,107.58946228027344
2019-07-16,132.39999389648438,107.26912689208984
2019-07-17,134.5800018310547,108.4273452758789
2019-07-18,136.47999572753906,108.43558502197266
2019-07-19,134.47000122070312,108.18093872070312
2019-07-22,134.4499969482422,108.38627624511719
2019-07-23,133.69000244140625,107.7947769165039
2019-07-24,134.3699951171875,108.2630386352539
2019-07-25,133.4199981689453,107.74552917480469
2019-07-26,133.63999938964844,108.00019836425781
2019-07-29,134.52999877929688,108.03304290771484
2019-07-30,134.97999572753906,108.29593658447266
2019-07-31,133.2100067138672,109.166748046875
2019-08-01,136.41000366210938,111.33479309082031
2019-08-02,135.88999938964844,112.36365509033203
2019-08-05,137.7899932861328,114.30625915527344
2019-08-06,138.91000366210938,115.21990966796875
2019-08-07,141.02000427246094,115.2610092163086
2019-08-08,141.72999572753906,115.50801849365234
2019-08-09,141.25999450683594,115.2774887084961
2019-08-12,142.6300048828125,117.6810531616211
2019-08-13,141.77999877929688,117.2777328491211
2019-08-14,142.75,119.91989135742188
2019-08-15,143.6999969482422,121.25328063964844
2019-08-16,142.77999877929688,120.2821044921875
2019-08-19,141.11000061035156,118.561767578125
2019-08-20,142.2100067138672,119.7882080078125
2019-08-21,141.75999450683594,118.98977661132812
2019-08-22,141.39999389648438,118.19956970214844
2019-08-23,144.1699981689453,120.14215850830078
2019-08-26,144.19000244140625,119.65646362304688
2019-08-27,145.57000732421875,121.50023651123047
2019-08-28,145.16000366210938,121.6566390991211
2019-08-29,144.1199951171875,121.19570922851562
2019-08-30,143.75,121.22864532470703
2019-09-03,145.75,121.38534545898438
2019-09-04,146.66000366210938,121.56670379638672
2019-09-05,143.13999938964844,119.3651351928711
2019-09-06,141.9199981689453,120.21439361572266
2019-09-09,141.38999938964844,118.07876586914062
2019-09-10,140.17999267578125,116.00909423828125
2019-09-11,141.02999877929688,115.80296325683594
2019-09-12,141.32000732421875,115.04436492919922
2019-09-13,140.14999389648438,112.58708953857422
2019-09-16,141.32000732421875,114.02188873291016
2019-09-17,141.60000610351562,114.64032745361328
2019-09-18,140.7100067138672,115.12676239013672
2019-09-19,141.27999877929688,115.47310638427734
2019-09-20,142.9499969482422,116.9986343383789
2019-09-23,143.75,116.97386169433594
2019-09-24,144.50999450683594,118.38386535644531
2019-09-25,141.8300018310547,116.65229034423828
2019-09-26,141.7899932861328,117.40267181396484
2019-09-27,141.05999755859375,117.69120788574219
2019-09-30,138.8699951171875,117.97986602783203
2019-10-01,139.6300048828125,118.3350601196289
2019-10-02,141.25999450683594,118.62411499023438
2019-10-03,141.89999389648438,119.70623016357422
2019-10-04,141.89999389648438,120.59009552001953
2019-10-07,140.69000244140625,119.59052276611328
2019-10-08,141.9199981689453,119.91273498535156
2019-10-09,142.0500030517578,119.23542022705078
2019-10-10,140.80999755859375,117.45945739746094
2019-10-11,140.02999877929688,116.0056381225586
2019-10-14,140.58999633789062,116.84820556640625
2019-10-15,139.61000061035156,115.43569946289062
2019-10-16,140.41000366210938,115.57612609863281
2019-10-17,140.61000061035156,115.2952651977539
2019-10-18,140.4600067138672,115.2952651977539
2019-10-21,139.7899932861328,114.42796325683594
2019-10-22,140.1999969482422,115.0970458984375
2019-10-23,140.52999877929688,115.21266174316406
2019-10-24,141.52999877929688,114.98141479492188
2019-10-25,141.86000061035156,114.4197006225586
2019-10-28,140.63999938964844,113.37892150878906
2019-10-29,140.25,113.4532699584961
2019-10-30,141.02000427246094,115.11355590820312
2019-10-31,142.42999267578125,116.66650390625
2019-11-01,142.55999755859375,116.30733489990234
2019-11-04,142.14999389648438,114.77654266357422
2019-11-05,139.85000610351562,113.4857406616211
2019-11-06,140.4499969482422,114.1724853515625
2019-11-07,138.27000427246094,112.10386657714844
2019-11-08,137.38999938964844,111.6322021484375
2019-11-11,137.05999755859375,111.70667266845703
2019-11-12,137.42999267578125,112.21971130371094
2019-11-13,137.97999572753906,112.9478530883789
2019-11-14,138.55999755859375,114.1146240234375
2019-11-15,138.2100067138672,113.99044799804688
2019-11-18,138.6199951171875,114.19731903076172
2019-11-19,138.69000244140625,115.14892578125
2019-11-20,138.75999450683594,116.34046173095703
2019-11-21,138.0,115.6122817993164
2019-11-22,137.74000549316406,115.76127624511719
2019-11-25,137.0800018310547,116.10049438476562
2019-11-26,137.74000549316406,116.77899169921875
2019-11-27,137.00999450683594,116.4397201538086
2019-11-29,137.86000061035156,116.19149780273438
2019-12-02,137.7899932861328,114.6423568725586
2019-12-03,139.11000061035156,117.0461196899414
2019-12-04,138.9199981689453,115.87737274169922
2019-12-05,139.0,115.31372833251953
2019-12-06,137.6199951171875,114.6755142211914
2019-12-09,137.5800018310547,114.92412567138672
2019-12-10,137.97000122070312,114.93245697021484
2019-12-11,138.9199981689453,115.83595275878906
2019-12-12,138.42999267578125,113.92949676513672
2019-12-13,139.0500030517578,115.24742889404297
2019-12-16,139.0399932861328,114.21134948730469
2019-12-17,139.00999450683594,114.0538101196289
2019-12-18,139.02000427246094,113.1172103881836
2019-12-19,139.3800048828125,113.29817962646484
2019-12-20,139.52000427246094,113.4476089477539
2019-12-23,139.9499969482422,113.2815933227539
2019-12-24,141.27000427246094,113.6053237915039
2019-12-26,142.3800048828125,113.87934112548828
2019-12-27,142.3300018310547,114.00382995605469
2019-12-30,142.6300048828125,113.5887451171875
2019-12-31,142.89999389648438,112.47628021240234
2020-01-02,143.9499969482422,113.74649810791016
2020-01-03,145.86000061035156,115.49826049804688
2020-01-06,147.38999938964844,114.84232330322266
2020-01-07,147.97000122070312,114.27776336669922
2020-01-08,146.86000061035156,113.5223388671875
2020-01-09,146.02999877929688,113.92082977294922
2020-01-10,146.91000366210938,114.93367767333984
2020-01-13,145.82000732421875,114.58499145507812
2020-01-14,145.69000244140625,115.1744155883789
2020-01-15,146.5399932861328,115.93824005126953
2020-01-16,146.30999755859375,115.57296752929688
2020-01-17,146.5800018310547,114.58499145507812
2020-01-21,146.74000549316406,115.78881072998047
2020-01-22,146.7899932861328,116.1955795288086
2020-01-23,147.1199951171875,117.00920104980469
2020-01-24,147.97999572753906,117.95558166503906
2020-01-27,148.99000549316406,119.7904052734375
2020-01-28,147.66000366210938,118.85221862792969
2020-01-29,148.4600067138672,120.01451110839844
2020-01-30,148.47000122070312,120.03115844726562
2020-01-31,149.3300018310547,121.12701416015625
2020-02-03,148.36000061035156,121.02884674072266
2020-02-04,146.42999267578125,119.39900207519531
2020-02-05,146.61000061035156,118.09339904785156
2020-02-06,147.39999389648438,118.6256332397461
2020-02-07,147.7899932861328,120.10585021972656
2020-02-10,148.1699981689453,120.43852996826172
2020-02-11,147.66000366210938,119.83141326904297
2020-02-12,147.5399932861328,119.2243423461914
2020-02-13,148.3800048828125,119.68169403076172
2020-02-14,149.0,120.20563507080078
2020-02-18,150.91000366210938,121.02884674072266
2020-02-19,151.7899932861328,121.02057647705078
2020-02-20,152.41000366210938,121.96854400634766
2020-02-21,154.6999969482422,123.10785675048828
2020-02-24,156.08999633789062,124.94564056396484
2020-02-25,153.3000030517578,125.61090850830078
2020-02-26,153.97000122070312,124.94564056396484
2020-02-27,154.0,126.30113983154297
2020-02-28,148.3800048828125,129.1535186767578
2020-03-02,149.1999969482422,128.20326232910156
2020-03-03,153.88999938964844,130.1936492919922
2020-03-04,154.16000366210938,128.81126403808594
2020-03-05,157.49000549316406,132.01754760742188
2020-03-06,157.5500030517578,138.88827514648438
2020-03-09,157.80999755859375,142.6525421142578
2020-03-10,154.47999572753906,135.3404541015625
2020-03-11,153.92999267578125,130.36029052734375
2020-03-12,147.7899932861328,131.1680908203125
2020-03-13,143.27999877929688,128.20326232910156
2020-03-16,141.63999938964844,136.50640869140625
2020-03-17,143.55999755859375,127.40373992919922
2020-03-18,140.6999969482422,120.21662139892578
2020-03-19,138.0399932861328,123.489501953125
2020-03-20,140.11000061035156,132.77528381347656
2020-03-23,146.3000030517578,138.2470245361328
2020-03-24,153.39999389648438,135.67356872558594
2020-03-25,151.3000030517578,135.36546325683594
2020-03-26,153.24000549316406,136.03170776367188
2020-03-27,152.25,139.66275024414062
2020-03-30,152.9199981689453,138.5135040283203
2020-03-31,148.0500030517578,137.38919067382812
2020-04-01,149.4499969482422,139.3140869140625
2020-04-02,151.89999389648438,140.1981964111328
2020-04-03,152.64999389648438,140.53175354003906
2020-04-06,156.8800048828125,140.16473388671875
2020-04-07,156.0399932861328,138.6968994140625
2020-04-08,154.64999389648438,137.68772888183594
2020-04-09,158.69000244140625,137.93795776367188
2020-04-13,161.41000366210938,136.67861938476562
2020-04-14,162.67999267578125,136.64520263671875
2020-04-15,161.85000610351562,140.26483154296875
2020-04-16,161.7100067138672,141.85781860351562
2020-04-17,158.57000732421875,139.95626831054688
2020-04-20,159.6999969482422,141.08221435546875
2020-04-21,158.61000061035156,142.85862731933594
2020-04-22,161.72999572753906,141.39910888671875
2020-04-23,163.33999633789062,142.14974975585938
2020-04-24,162.63999938964844,142.4833221435547
2020-04-27,161.55999755859375,139.8311309814453
2020-04-28,160.83999633789062,141.44082641601562
2020-04-29,161.72999572753906,140.70689392089844
2020-04-30,158.8000030517578,139.0639190673828
2020-05-01,159.77999877929688,140.25469970703125
2020-05-04,160.33999633789062,139.59490966796875
2020-05-05,161.02000427246094,138.70140075683594
2020-05-06,158.9499969482422,136.46339416503906
2020-05-07,161.38999938964844,138.74314880371094
2020-05-08,160.4199981689453,136.939453125
2020-05-11,159.4199981689453,135.8704376220703
2020-05-12,160.0399932861328,137.26510620117188
2020-05-13,161.5800018310547,138.22549438476562
2020-05-14,163.00999450683594,139.57835388183594
2020-05-15,163.92999267578125,139.21917724609375
2020-05-18,162.69000244140625,136.16270446777344
2020-05-19,164.25999450683594,136.67221069335938
2020-05-20,164.64999389648438,137.08135986328125
2020-05-21,162.25,137.42372131347656
2020-05-22,163.2100067138672,138.25051879882812
2020-05-26,160.88999938964844,136.3965301513672
2020-05-27,161.17999267578125,136.14601135253906
2020-05-28,161.72000122070312,135.64492797851562
2020-05-29,162.91000366210938,136.61373901367188
2020-06-01,163.66000366210938,135.6938934326172
2020-06-02,162.60000610351562,135.2005615234375
2020-06-03,159.60000610351562,133.40277099609375
2020-06-04,161.27999877929688,131.47119140625
2020-06-05,158.00999450683594,130.53472900390625
2020-06-08,159.72000122070312,131.03643798828125
2020-06-09,161.25999450683594,132.52490234375
2020-06-10,163.57000732421875,134.4897918701172
2020-06-11,162.38999938964844,137.03176879882812
2020-06-12,162.6199951171875,135.71063232421875
2020-06-15,162.3300018310547,135.785888671875
2020-06-16,162.25,133.703857421875
2020-06-17,162.55999755859375,134.2556915283203
2020-06-18,162.24000549316406,135.67721557617188
2020-06-19,164.02999877929688,135.785888671875
2020-06-22,165.08999633789062,135.80267333984375
2020-06-23,166.47999572753906,134.8744659423828
2020-06-24,165.89999389648438,136.32102966308594
2020-06-25,165.8000030517578,136.71408081054688
2020-06-26,166.5399932861328,138.17733764648438
2020-06-29,166.6300048828125,137.7425537109375
2020-06-30,167.3699951171875,137.07354736328125
2020-07-01,166.6199951171875,136.80735778808594
2020-07-02,166.97999572753906,136.94972229003906
2020-07-06,167.97999572753906,136.3887176513672
2020-07-07,169.0399932861328,138.30587768554688
2020-07-08,170.08999633789062,137.7533416748047
2020-07-09,169.6300048828125,139.94674682617188
2020-07-10,169.19000244140625,139.24351501464844
2020-07-13,169.39999389648438,139.7039031982422
2020-07-14,170.19000244140625,139.90478515625
2020-07-15,170.33999633789062,139.25184631347656
2020-07-16,168.72999572753906,139.9132080078125
2020-07-17,170.1199951171875,139.6202850341797
2020-07-20,170.94000244140625,139.96340942382812
2020-07-21,173.0,140.0471649169922
2020-07-22,175.6300048828125,140.46572875976562
2020-07-23,177.17999267578125,142.1065673828125
2020-07-24,178.6999969482422,142.09817504882812
2020-07-27,182.22999572753906,141.5707244873047
2020-07-28,183.75,142.55023193359375
2020-07-29,185.1300048828125,142.30743408203125
2020-07-30,183.75999450683594,143.24510192871094
2020-07-31,185.42999267578125,143.1529998779297
2020-08-03,185.63999938964844,142.43228149414062
2020-08-04,189.58999633789062,143.78990173339844
2020-08-05,191.35000610351562,142.53280639648438
2020-08-06,193.88999938964844,143.32887268066406
2020-08-07,190.80999755859375,142.3736114501953
2020-08-10,190.14999389648438,141.73658752441406
2020-08-11,179.94000244140625,140.05206298828125
2020-08-12,179.10000610351562,138.77821350097656
2020-08-13,183.3300018310547,137.29478454589844
2020-08-14,182.5399932861328,136.75836181640625
2020-08-17,186.5,137.10202026367188
2020-08-18,188.17999267578125,138.0825958251953
2020-08-19,182.24000549316406,137.21932983398438
2020-08-20,183.5,138.45970153808594
2020-08-21,182.02999877929688,139.28941345214844
2020-08-24,181.0,139.06312561035156
2020-08-25,181.22000122070312,137.99876403808594
2020-08-26,183.36000061035156,137.47076416015625
2020-08-27,181.24000549316406,135.13247680664062
2020-08-28,184.38999938964844,135.03192138671875
2020-08-31,184.8300018310547,135.92869567871094
2020-09-01,185.0500030517578,137.48341369628906
2020-09-02,182.6199951171875,138.7923126220703
2020-09-03,181.13999938964844,139.18667602539062
2020-09-04,181.63999938964844,136.543701171875
2020-09-08,181.2899932861328,137.38267517089844
2020-09-09,183.0500030517578,137.01351928710938
2020-09-10,182.4600067138672,137.7100067138672
2020-09-11,182.4499969482422,138.00364685058594
2020-09-14,183.88999938964844,137.99530029296875
2020-09-15,183.4499969482422,137.65963745117188
2020-09-16,183.97000122070312,137.24850463867188
2020-09-17,182.9600067138672,137.66799926757812
2020-09-18,183.1999969482422,137.24012756347656
2020-09-21,179.52000427246094,137.9364776611328
2020-09-22,178.64999389648438,137.82745361328125
2020-09-23,174.7899932861328,138.0120391845703
2020-09-24,175.44000244140625,138.54061889648438
2020-09-25,174.94000244140625,138.54061889648438
2020-09-28,176.6999969482422,138.14625549316406
2020-09-29,178.19000244140625,138.3057098388672
2020-09-30,177.1199951171875,136.9801025390625
2020-10-01,178.6999969482422,137.20596313476562
2020-10-02,178.5399932861328,136.69361877441406
2020-10-05,179.41000366210938,134.0227508544922
2020-10-06,177.3000030517578,134.7449951171875
2020-10-07,177.22000122070312,133.7623748779297
2020-10-08,177.85000610351562,134.48458862304688
2020-10-09,181.0800018310547,134.45948791503906
2020-10-12,180.55999755859375,134.8878173828125
2020-10-13,177.72000122070312,135.8537139892578
2020-10-14,178.27000427246094,136.16444396972656
2020-10-15,178.9199981689453,135.9292755126953
2020-10-16,178.3000030517578,135.55136108398438
2020-10-19,178.38999938964844,135.03897094726562
2020-10-20,179.25,133.75396728515625
2020-10-21,180.60000610351562,133.29205322265625
2020-10-22,178.8300018310547,131.90618896484375
2020-10-23,178.63999938964844,132.7124786376953
2020-10-26,178.5500030517578,133.94711303710938
2020-10-27,179.02000427246094,134.8457794189453
2020-10-28,176.1300048828125,134.9718017578125
2020-10-29,175.39999389648438,133.66159057617188
2020-10-30,176.1999969482422,132.3429412841797
2020-11-02,177.91000366210938,133.33419799804688
2020-11-03,178.9199981689453,132.56072998046875
2020-11-04,178.82000732421875,135.43626403808594
2020-11-05,182.92999267578125,135.671630859375
2020-11-06,183.19000244140625,134.0321044921875
2020-11-09,175.0800018310547,131.21539306640625
2020-11-10,175.66000366210938,130.45870971679688
2020-11-11,174.89999389648438,130.9295196533203
2020-11-12,175.9600067138672,133.1576385498047
2020-11-13,177.16000366210938,132.9810791015625
2020-11-16,177.14999389648438,132.66162109375
2020-11-17,176.5,133.52760314941406
2020-11-18,175.49000549316406,133.91441345214844
2020-11-19,175.16000366210938,134.60386657714844
2020-11-20,175.69000244140625,135.79776000976562
2020-11-23,172.22999572753906,135.1755828857422
2020-11-24,169.58999633789062,133.8302764892578
2020-11-25,169.50999450683594,133.41836547851562
2020-11-27,167.7899932861328,134.7131805419922
2020-11-30,166.6699981689453,134.54505920410156
2020-12-01,170.17999267578125,132.56121826171875
2020-12-02,171.4600067138672,131.50917053222656
2020-12-03,172.80999755859375,132.56964111328125
2020-12-04,172.32000732421875,130.62538146972656
2020-12-07,174.88999938964844,131.8037109375
2020-12-08,175.5,132.4265594482422
2020-12-09,172.5,131.98886108398438
2020-12-10,172.1699981689453,133.1587677001953
2020-12-11,172.49000549316406,133.63011169433594
2020-12-14,171.5399932861328,133.2598114013672
2020-12-15,173.94000244140625,132.81369018554688
2020-12-16,174.89999389648438,132.46018981933594
2020-12-17,176.74000549316406,132.10972595214844
2020-12-18,176.44000244140625,131.7137451171875
2020-12-21,175.8800048828125,132.2361297607422
2020-12-22,174.49000549316406,132.9185333251953
2020-12-23,175.64999389648438,132.0001983642578
2020-12-24,176.35000610351562,132.5225830078125
2020-12-28,175.7100067138672,132.58155822753906
2020-12-29,176.35000610351562,132.4130859375
2020-12-30,177.6999969482422,132.69949340820312
2020-12-31,178.36000061035156,132.89332580566406
2021-01-04,182.3300018310547,132.73313903808594
2021-01-05,182.8699951171875,131.74737548828125
2021-01-06,179.89999389648438,129.0428924560547
2021-01-07,179.47999572753906,127.9054183959961
2021-01-08,173.33999633789062,127.49266052246094
2021-01-11,173.0,127.28196716308594
2021-01-12,174.1199951171875,127.1809310913086
2021-01-13,173.3699951171875,128.6132049560547
2021-01-14,173.27999877929688,127.4083480834961
2021-01-15,171.1300048828125,127.9139633178711
2021-01-19,172.5800018310547,128.3267364501953
2021-01-20,175.38999938964844,128.45306396484375
2021-01-21,175.27999877929688,127.55157470703125
2021-01-22,173.89999389648438,127.96439361572266
2021-01-25,174.0500030517578,129.47254943847656
2021-01-26,173.6199951171875,129.22825622558594
2021-01-27,172.52000427246094,129.55677795410156
2021-01-28,172.67999267578125,128.8406982421875
2021-01-29,172.61000061035156,128.06553649902344
2021-02-01,174.22999572753906,128.21397399902344
2021-02-02,172.11000061035156,127.38736724853516
2021-02-03,171.85000610351562,126.25704956054688
2021-02-04,168.14999389648438,125.91958618164062
2021-02-05,169.80999755859375,124.86527252197266
2021-02-08,171.52000427246094,125.41351318359375
2021-02-09,172.0800018310547,125.50634002685547
2021-02-10,172.7100067138672,126.34134674072266
2021-02-11,171.2100067138672,125.64971923828125
2021-02-12,170.69000244140625,124.08921813964844
2021-02-16,168.24000549316406,122.19973754882812
2021-02-17,166.3300018310547,122.97576141357422
2021-02-18,166.32000732421875,122.47808837890625
2021-02-19,167.00999450683594,120.85009765625
2021-02-22,169.50999450683594,119.9306869506836
2021-02-23,169.1199951171875,119.58489227294922
2021-02-24,169.0,118.80038452148438
2021-02-25,165.82000732421875,116.8602523803711
2021-02-26,161.80999755859375,120.72354888916016
2021-03-01,161.52999877929688,119.12911224365234
2021-03-02,162.41000366210938,119.13758087158203
2021-03-03,160.6199951171875,117.845458984375
2021-03-04,159.0399932861328,117.08537292480469
2021-03-05,159.13999938964844,117.31340789794922
2021-03-08,157.49000549316406,116.40131378173828
2021-03-09,160.83999633789062,118.01437377929688
2021-03-10,161.66000366210938,118.25080871582031
2021-03-11,161.52000427246094,117.39785766601562
2021-03-12,161.49000549316406,114.9064712524414
2021-03-15,162.1999969482422,115.58208465576172
2021-03-16,162.35000610351562,115.11762237548828
2021-03-17,163.50999450683594,114.25624084472656
2021-03-18,162.55999755859375,113.09921264648438
2021-03-19,163.24000549316406,113.80017852783203
2021-03-22,163.0,115.07540893554688
2021-03-23,161.80999755859375,116.11419677734375
2021-03-24,162.3699951171875,116.73912048339844
2021-03-25,161.77999877929688,115.8185806274414
2021-03-26,162.24000549316406,115.41321563720703
2021-03-29,160.30999755859375,114.43356323242188
2021-03-30,157.57000732421875,115.03317260742188
2021-03-31,159.9600067138672,114.39128112792969
2021-04-01,161.97999572753906,116.28987121582031
2021-04-05,161.9199981689453,115.78250885009766
2021-04-06,163.22000122070312,116.56896209716797
2021-04-07,162.75999450683594,115.75708770751953
2021-04-08,164.50999450683594,116.71275329589844
2021-04-09,163.27000427246094,116.28987121582031
2021-04-12,162.27999877929688,116.2391357421875
2021-04-13,163.42999267578125,117.11024475097656
2021-04-14,162.72000122070312,116.73812866210938
2021-04-15,165.35000610351562,118.69161224365234
2021-04-16,166.35000610351562,117.76981353759766
2021-04-19,165.88999938964844,117.43155670166016
2021-04-20,166.47999572753906,117.9728012084961
2021-04-21,168.1300048828125,118.20960235595703
2021-04-22,167.0399932861328,118.72547149658203
2021-04-23,166.39999389648438,118.44638061523438
2021-04-26,166.83999633789062,118.27720642089844
2021-04-27,166.4199981689453,117.24552154541016
2021-04-28,166.91000366210938,117.32159423828125
2021-04-29,166.22000122070312,116.9748764038086
2021-04-30,165.66000366210938,117.24552154541016
2021-05-03,167.80999755859375,117.31581115722656
2021-05-04,166.5800018310547,118.11192321777344
2021-05-05,167.27000427246094,118.30670928955078
2021-05-06,170.05999755859375,118.50148010253906
2021-05-07,171.58999633789062,117.91712188720703
2021-05-10,172.11000061035156,116.72293853759766
2021-05-11,172.13999938964844,116.06234741210938
2021-05-12,170.42999267578125,114.8427734375
2021-05-13,171.1300048828125,115.02063751220703
2021-05-14,172.69000244140625,116.09625244140625
2021-05-17,174.6999969482422,115.85061645507812
2021-05-18,175.0399932861328,115.55420684814453
2021-05-19,175.16000366210938,115.27473449707031
2021-05-20,175.9600067138672,116.2232437133789
2021-05-21,176.0399932861328,116.59593963623047
2021-05-24,176.35000610351562,117.02782440185547
2021-05-25,177.9499969482422,118.11192321777344
2021-05-26,177.63999938964844,117.90863037109375
2021-05-27,177.7100067138672,117.43437957763672
2021-05-28,178.3800048828125,117.24806213378906
2021-06-01,177.89999389648438,117.22177124023438
2021-06-02,178.77000427246094,117.49315643310547
2021-06-03,175.27000427246094,117.05215454101562
2021-06-04,177.16000366210938,118.6551284790039
2021-06-07,177.8699951171875,118.29039764404297
2021-06-08,177.32000732421875,119.1216049194336
2021-06-09,176.97999572753906,120.17330932617188
2021-06-10,177.74000549316406,120.89424133300781
2021-06-11,175.74000549316406,120.69914245605469
2021-06-14,174.7100067138672,119.7746810913086
2021-06-15,174.0500030517578,119.6304702758789
2021-06-16,171.11000061035156,119.52873992919922
2021-06-17,165.85000610351562,121.31832122802734
2021-06-18,164.92999267578125,123.59976196289062
2021-06-21,166.9499969482422,121.53028869628906
2021-06-22,166.25,121.82720184326172
2021-06-23,166.13999938964844,121.51331329345703
2021-06-24,166.0399932861328,121.70841217041016
2021-06-25,166.58999633789062,120.44467163085938
2021-06-28,166.5800018310547,121.68297576904297
2021-06-29,164.8300018310547,121.88652801513672
2021-06-30,165.6300048828125,122.42938995361328
2021-07-01,166.1999969482422,122.43614959716797
2021-07-02,167.2899932861328,123.17500305175781
2021-07-06,168.1199951171875,124.61872863769531
2021-07-07,168.75999450683594,125.72270965576172
2021-07-08,168.64999389648438,126.21530151367188
2021-07-09,169.2100067138672,124.4403305053711
2021-07-12,169.0,124.27901458740234
2021-07-13,169.22000122070312,123.32784271240234
2021-07-14,171.0399932861328,124.7291030883789
2021-07-15,171.07000732421875,126.10485076904297
2021-07-16,169.41000366210938,125.8670654296875
2021-07-19,169.61000061035156,128.62713623046875
2021-07-20,169.38999938964844,127.38726043701172
2021-07-21,168.75999450683594,125.77367401123047
2021-07-22,169.08999633789062,126.96257019042969
2021-07-23,168.55999755859375,126.11339569091797
2021-07-26,168.16000366210938,125.73968505859375
2021-07-27,168.44000244140625,127.08154296875
2021-07-28,169.2899932861328,127.09004211425781
2021-07-29,171.1699981689453,126.3851547241211
2021-07-30,169.82000732421875,126.97964477539062
2021-08-02,169.61000061035156,128.11221313476562
2021-08-03,169.49000549316406,128.18019104003906
2021-08-04,169.52999877929688,128.44381713867188
2021-08-05,168.86000061035156,127.7890396118164
2021-08-06,164.63999938964844,125.65485382080078
2021-08-09,161.72000122070312,125.2042236328125
2021-08-10,161.77000427246094,124.62606811523438
2021-08-11,164.0,124.54949188232422
2021-08-12,164.0399932861328,124.3454360961914
2021-08-13,166.38999938964844,126.30960845947266
2021-08-16,167.22000122070312,126.61565399169922
2021-08-17,166.97000122070312,126.5646743774414
2021-08-18,167.10000610351562,126.98979187011719
2021-08-19,166.61000061035156,127.92514038085938
2021-08-20,166.6999969482422,128.01014709472656
2021-08-23,168.72999572753906,127.92514038085938
2021-08-24,168.64999389648438,126.93035125732422
2021-08-25,167.47999572753906,125.87593841552734
2021-08-26,167.6699981689453,126.22453308105469
2021-08-27,170.19000244140625,127.08332824707031
2021-08-30,169.35000610351562,127.41494750976562
2021-08-31,169.69000244140625,126.54767608642578
2021-09-01,169.6999969482422,126.75968933105469
2021-09-02,169.25,127.31304168701172
2021-09-03,171.05999755859375,126.15515899658203
2021-09-07,167.7100067138672,125.09101104736328
2021-09-08,167.2899932861328,125.94230651855469
2021-09-09,168.02999877929688,127.46623992919922
2021-09-10,167.17999267578125,126.34247589111328
2021-09-13,167.74000549316406,127.1087875366211
2021-09-14,168.82000732421875,128.6497039794922
2021-09-15,167.8300018310547,128.198486328125
2021-09-16,164.02999877929688,127.6109848022461
2021-09-17,163.77000427246094,126.998046875
2021-09-20,164.94000244140625,128.57308959960938
2021-09-21,166.0399932861328,128.46240234375
2021-09-22,165.4199981689453,129.22865295410156
2021-09-23,163.50999450683594,126.30846405029297
2021-09-24,163.3000030517578,125.07393646240234
2021-09-27,163.63999938964844,124.61422729492188
2021-09-28,162.0500030517578,122.67314910888672
2021-09-29,161.32000732421875,122.88599395751953
2021-09-30,164.22000122070312,122.86897277832031
2021-10-01,164.58999633789062,123.90296936035156
2021-10-04,165.36000061035156,123.58753967285156
2021-10-05,164.58999633789062,122.39411926269531
2021-10-06,165.02999877929688,123.08457946777344
2021-10-07,164.16000366210938,121.79739379882812
2021-10-08,164.22999572753906,120.94500732421875
2021-10-11,163.9199981689453,120.63813018798828
2021-10-12,164.66000366210938,122.70098114013672
2021-10-13,167.58999633789062,123.89441680908203
2021-10-14,168.0,124.35477447509766
2021-10-15,165.3300018310547,123.63017272949219
2021-10-18,164.9199981689453,124.20978546142578
2021-10-19,165.4499969482422,122.49638366699219
2021-10-20,166.89999389648438,121.66947937011719
2021-10-21,166.75,121.5246353149414
2021-10-22,167.77000427246094,122.86299896240234
2021-10-25,168.92999267578125,122.67548370361328
2021-10-26,167.67999267578125,123.68981170654297
2021-10-27,168.1199951171875,125.9402847290039
2021-10-28,168.0800018310547,125.51406860351562
2021-10-29,166.64999389648438,125.89772033691406
2021-11-01,167.52000427246094,124.99124145507812
2021-11-02,167.16000366210938,125.54598236083984
2021-11-03,165.77000427246094,124.24861145019531
2021-11-04,167.64999389648438,125.5545425415039
2021-11-05,169.83999633789062,127.43232727050781
2021-11-08,170.4499969482422,127.19335174560547
2021-11-09,171.2899932861328,128.84922790527344
2021-11-10,173.14999389648438,126.49348449707031
2021-11-11,174.1199951171875,126.30560302734375
2021-11-12,174.4499969482422,125.75086975097656
2021-11-15,174.17999267578125,124.17183685302734
2021-11-16,172.9199981689453,123.85602569580078
2021-11-17,174.5,124.83753967285156
2021-11-18,173.94000244140625,125.30701446533203
2021-11-19,172.61000061035156,126.63003540039062
2021-11-22,168.74000549316406,125.14485168457031
2021-11-23,167.27999877929688,123.33535766601562
2021-11-24,167.1199951171875,125.31561279296875
2021-11-26,166.85000610351562,128.4821319580078
2021-11-29,166.6199951171875,127.44940185546875
2021-11-30,165.5,129.38687133789062
2021-12-01,166.16000366210938,130.18511962890625
2021-12-02,165.24000549316406,130.34744262695312
2021-12-03,166.6300048828125,131.90280151367188
2021-12-06,166.22000122070312,130.09107971191406
2021-12-07,166.80999755859375,129.03997802734375
2021-12-08,166.89999389648438,126.80953216552734
2021-12-09,165.8800048828125,127.5188217163086
2021-12-10,166.5800018310547,127.21116638183594
2021-12-13,167.0,129.09120178222656
2021-12-14,165.44000244140625,128.78353881835938
2021-12-15,166.14999389648438,127.5445327758789
2021-12-16,168.16000366210938,127.5941390991211
2021-12-17,167.8000030517578,129.03993225097656
2021-12-20,167.08999633789062,128.0731964111328
2021-12-21,167.02000427246094,127.58551025390625
2021-12-22,168.58999633789062,128.1758575439453
2021-12-23,168.97000122070312,127.06366729736328
2021-12-27,169.3699951171875,127.37166595458984
2021-12-28,168.63999938964844,126.8668441772461
2021-12-29,168.58999633789062,125.48090362548828
2021-12-30,169.8000030517578,126.53316497802734
2021-12-31,170.9600067138672,126.78130340576172
2022-01-03,168.3300018310547,123.45332336425781
2022-01-04,169.57000732421875,122.93997192382812
2022-01-05,169.05999755859375,122.27264404296875
2022-01-06,166.99000549316406,122.58918762207031
2022-01-07,167.75,121.7079849243164
2022-01-10,168.25999450683594,122.00743103027344
2022-01-11,170.2899932861328,122.82018280029297
2022-01-12,170.74000549316406,122.34965515136719
2022-01-13,170.16000366210938,123.43618774414062
2022-01-14,169.6699981689453,121.57111358642578
2022-01-18,169.38999938964844,119.86006164550781
2022-01-19,172.0800018310547,120.68991088867188
2022-01-20,171.64999389648438,121.43429565429688
2022-01-21,171.08999633789062,122.8801040649414
2022-01-24,172.02999877929688,121.87056732177734
2022-01-25,172.5800018310547,121.67378997802734
2022-01-26,169.7899932861328,120.20233154296875
2022-01-27,167.60000610351562,122.4095458984375
2022-01-28,167.10000610351562,122.45230865478516
2022-01-31,168.08999633789062,121.81924438476562
2022-02-01,168.22999572753906,121.4149169921875
2022-02-02,168.83999633789062,121.82609558105469
2022-02-03,168.60000610351562,120.8750991821289
2022-02-04,168.86000061035156,119.09315490722656
2022-02-07,170.11000061035156,119.17021179199219
2022-02-08,170.6300048828125,118.37348937988281
2022-02-09,171.2100067138672,118.59625244140625
2022-02-10,170.55999755859375,116.71147918701172
2022-02-11,173.80999755859375,118.44205474853516
2022-02-14,174.74000549316406,116.96846771240234
2022-02-15,173.0800018310547,115.64054870605469
2022-02-16,174.86000061035156,116.32595825195312
2022-02-17,177.25,117.19121551513672
2022-02-18,177.1199951171875,118.4249038696289
2022-02-22,177.49000549316406,118.73333740234375
2022-02-23,178.2899932861328,117.09698486328125
2022-02-24,177.13999938964844,117.1740951538086
2022-02-25,176.5500030517578,117.25973510742188
2022-02-28,178.3800048828125,119.8299331665039
2022-03-01,181.6199951171875,121.21534729003906
2022-03-02,179.72999572753906,117.07190704345703
2022-03-03,180.8000030517578,118.26435852050781
2022-03-04,183.67999267578125,120.30603790283203
2022-03-07,186.41000366210938,119.38811492919922
2022-03-08,191.50999450683594,118.18709564208984
2022-03-09,185.82000732421875,117.02902221679688
2022-03-10,186.39999389648438,115.34760284423828
2022-03-11,185.08999633789062,115.73368072509766
2022-03-14,182.3000030517578,113.03141021728516
2022-03-15,178.88999938964844,112.8340835571289
2022-03-16,180.00999450683594,113.94073486328125
2022-03-17,180.88999938964844,113.09144592285156
2022-03-18,179.3000030517578,114.47257995605469
2022-03-21,180.6699981689453,111.82184600830078
2022-03-22,179.36000061035156,110.38917541503906
2022-03-23,181.80999755859375,112.8083267211914
2022-03-24,183.1300048828125,111.9247817993164
2022-03-25,182.3800048828125,110.37203216552734
2022-03-28,179.05999755859375,111.31566619873047
2022-03-29,179.13999938964844,112.15635681152344
2022-03-30,180.5800018310547,113.03141021728516
2022-03-31,180.64999389648438,113.3058853149414
2022-04-01,179.5,113.7372055053711
2022-04-04,180.3699951171875,112.94677734375
2022-04-05,179.24000549316406,110.39505767822266
2022-04-06,179.66000366210938,109.50150299072266
2022-04-07,180.33999633789062,108.67670440673828
2022-04-08,181.47000122070312,107.4996109008789
2022-04-11,182.3699951171875,105.79846954345703
2022-04-12,183.77000427246094,105.6524429321289
2022-04-13,184.64999389648438,105.86720275878906
2022-04-14,184.0399932861328,103.74504089355469
2022-04-18,184.61000061035156,103.22953796386719
2022-04-19,181.82000732421875,102.45628356933594
2022-04-20,182.7100067138672,104.51834869384766
2022-04-21,182.05999755859375,103.74504089355469
2022-04-22,180.2899932861328,103.09205627441406
2022-04-25,177.0500030517578,104.12308502197266
2022-04-26,177.32000732421875,105.1712875366211
2022-04-27,175.97999572753906,103.8223648071289
2022-04-28,176.92999267578125,103.97705078125
2022-04-29,176.91000366210938,102.62809753417969
2022-05-02,173.6300048828125,100.84918212890625
2022-05-03,174.08999633789062,101.52909088134766
2022-05-04,175.8000030517578,102.08851623535156
2022-05-05,175.1300048828125,99.29142761230469
2022-05-06,175.4199981689453,97.82835388183594
2022-05-09,172.8800048828125,98.68898010253906
2022-05-10,171.4199981689453,99.58404541015625
2022-05-11,172.82000732421875,101.50322723388672
2022-05-12,170.1699981689453,101.31393432617188
2022-05-13,168.7899932861328,99.81641387939453
2022-05-16,170.39999389648438,99.71315002441406
2022-05-17,169.3300018310547,98.50821685791016
2022-05-18,169.4199981689453,100.60821533203125
2022-05-19,171.91000366210938,100.84918212890625
2022-05-20,172.02999877929688,101.99381256103516
2022-05-23,172.8300018310547,100.31556701660156
2022-05-24,174.1300048828125,102.29505920410156
2022-05-25,173.0800018310547,102.69954681396484
2022-05-26,172.75999450683594,102.23480224609375
2022-05-27,172.85000610351562,102.4843978881836
2022-05-31,171.13999938964844,100.31556701660156
2022-06-01,172.22999572753906,100.20092010498047
2022-06-02,174.35000610351562,100.25264739990234
2022-06-03,172.5800018310547,100.037109375
2022-06-06,171.82000732421875,98.19207000732422
2022-06-07,172.94000244140625,99.25251770019531
2022-06-08,172.77999877929688,98.37312316894531
2022-06-09,172.22999572753906,98.70075225830078
2022-06-10,174.5399932861328,98.088623046875
2022-06-13,169.92999267578125,95.01066589355469
2022-06-14,168.57000732421875,93.81227111816406
2022-06-15,170.77000427246094,95.5624771118164
2022-06-16,172.69000244140625,96.32117462158203
2022-06-17,171.27000427246094,96.6315689086914
2022-06-21,170.6300048828125,94.99344635009766
2022-06-22,171.30999755859375,97.60578918457031
2022-06-23,170.25999450683594,98.4075927734375
2022-06-24,170.08999633789062,97.04537200927734
2022-06-27,169.89999389648438,96.21771240234375
2022-06-28,169.6199951171875,96.66604614257812
2022-06-29,169.49000549316406,98.1748275756836
2022-06-30,168.4600067138672,99.0370101928711
2022-07-01,168.32000732421875,100.05379486083984
2022-07-05,164.75,100.83995056152344
2022-07-06,162.13999938964844,99.1467056274414
2022-07-07,162.22999572753906,98.2741928100586
2022-07-08,162.3000030517578,97.18573760986328
2022-07-11,161.42999267578125,98.86164093017578
2022-07-12,160.8300018310547,99.44905090332031
2022-07-13,161.60000610351562,100.5893783569336
2022-07-14,159.3300018310547,99.76871490478516
2022-07-15,159.00999450683594,100.33021545410156
2022-07-18,159.16000366210938,99.28495025634766
2022-07-19,159.5399932861328,98.74932098388672
2022-07-20,158.0399932861328,99.00849914550781
2022-07-21,160.27000427246094,100.71897888183594
2022-07-22,160.6699981689453,102.41215515136719
2022-07-25,160.22999572753906,101.41007232666016
2022-07-26,160.0399932861328,101.48782348632812
2022-07-27,161.6699981689453,100.91765594482422
2022-07-28,163.63999938964844,101.72105407714844
2022-07-29,164.10000610351562,101.44461059570312
2022-08-01,165.02999877929688,103.88777160644531
2022-08-02,164.0500030517578,101.68953704833984
2022-08-03,164.4499969482422,103.29058837890625
2022-08-04,167.1699981689453,103.2559814453125
2022-08-05,165.2899932861328,100.79812622070312
2022-08-08,166.69000244140625,102.42516326904297
2022-08-09,167.1999969482422,102.02704620361328
2022-08-10,166.77999877929688,101.36068725585938
2022-08-11,166.33999633789062,98.99800872802734
2022-08-12,167.8699951171875,100.00192260742188
2022-08-15,165.7100067138672,99.91537475585938
2022-08-16,165.4199981689453,100.33078002929688
2022-08-17,164.35000610351562,99.28357696533203
2022-08-18,163.9199981689453,99.43072509765625
2022-08-19,162.72000122070312,97.82964324951172
2022-08-22,161.63999938964844,97.50081634521484
2022-08-23,162.77000427246094,96.9642333984375
2022-08-24,163.25,96.25456237792969
2022-08-25,163.75,97.59596252441406
2022-08-26,161.75999450683594,98.33162689208984
2022-08-29,161.86000061035156,97.51808166503906
2022-08-30,160.50999450683594,97.76043701171875
2022-08-31,159.27000427246094,96.82573699951172
2022-09-01,157.8699951171875,95.05303955078125
2022-09-02,159.25999450683594,95.59075164794922
2022-09-06,158.3300018310547,93.22307586669922
2022-09-07,159.94000244140625,94.69744873046875
2022-09-08,158.97999572753906,93.72611999511719
2022-09-09,159.82000732421875,93.93428039550781
2022-09-12,160.6300048828125,93.16239929199219
2022-09-13,158.5399932861328,93.37920379638672
2022-09-14,157.92999267578125,93.7000732421875
2022-09-15,154.97999572753906,93.63937377929688
2022-09-16,155.83999633789062,92.85883331298828
2022-09-19,155.9600067138672,93.07563781738281
2022-09-20,155.07000732421875,92.14769744873047
2022-09-21,155.7899932861328,93.69141387939453
2022-09-22,155.6999969482422,91.2977523803711
2022-09-23,153.00999450683594,91.67068481445312
2022-09-26,151.22999572753906,89.91879272460938
2022-09-27,151.5399932861328,87.55113220214844
2022-09-28,154.69000244140625,90.48252868652344
2022-09-29,154.66000366210938,90.0141830444336
2022-09-30,154.6699981689453,88.85203552246094
2022-10-03,158.42999267578125,90.26386260986328
2022-10-04,160.6999969482422,90.01176452636719
2022-10-05,159.80999755859375,89.15109252929688
2022-10-06,159.6300048828125,88.65557098388672
2022-10-07,157.8800048828125,87.79492950439453
2022-10-10,155.47999572753906,86.43004608154297
2022-10-11,155.16000366210938,86.81258392333984
2022-10-12,155.99000549316406,87.23853302001953
2022-10-13,154.91000366210938,86.40396881103516
2022-10-14,152.97999572753906,85.69109344482422
2022-10-17,153.4199981689453,85.27384185791016
2022-10-18,153.75,85.4737777709961
2022-10-19,151.69000244140625,83.91764831542969
2022-10-20,151.4499969482422,82.48322296142578
2022-10-21,154.14999389648438,80.99664306640625
2022-10-24,153.64999389648438,80.3272705078125
2022-10-25,154.0,82.66581726074219
2022-10-26,154.97999572753906,83.85679626464844
2022-10-27,154.74000549316406,84.73485565185547
2022-10-28,153.16000366210938,84.15238952636719
2022-10-31,151.91000366210938,83.55254364013672
2022-11-01,153.4600067138672,84.33336639404297
2022-11-02,152.38999938964844,83.96736145019531
2022-11-03,151.80999755859375,83.51417541503906
2022-11-04,156.47000122070312,82.111083984375
2022-11-07,155.85000610351562,81.29191589355469
2022-11-08,159.4499969482422,82.18085479736328
2022-11-09,158.64999389648438,82.45096588134766
2022-11-10,163.47999572753906,85.62316131591797
2022-11-11,164.55999755859375,85.30943298339844
2022-11-14,164.9199981689453,85.10028076171875
2022-11-15,165.5,86.47723388671875
2022-11-16,165.1199951171875,88.36833953857422
2022-11-17,163.9199981689453,87.43587493896484
2022-11-18,162.7899932861328,86.83452606201172
2022-11-21,161.8800048828125,87.20056915283203
2022-11-22,162.07000732421875,88.4380874633789
2022-11-23,163.0800018310547,89.98057556152344
2022-11-25,163.22000122070312,89.6755599975586
2022-11-28,161.92999267578125,89.92826843261719
2022-11-29,162.72999572753906,88.8738021850586
2022-11-30,164.80999755859375,89.52741241455078
2022-12-01,167.83999633789062,92.38744354248047
2022-12-02,167.25999450683594,93.5492935180664
2022-12-05,164.38999938964844,92.23893737792969
2022-12-06,164.83999633789062,93.42698669433594
2022-12-07,166.3300018310547,95.62834167480469
2022-12-08,166.47000122070312,95.36625671386719
2022-12-09,167.05999755859375,92.88539123535156
2022-12-12,165.67999267578125,93.18238830566406
2022-12-13,168.50999450683594,94.0821304321289
2022-12-14,168.10000610351562,94.48400115966797
2022-12-15,165.35000610351562,94.85265350341797
2022-12-16,166.7899932861328,93.79306030273438
2022-12-19,166.32000732421875,92.21688079833984
2022-12-20,169.0800018310547,90.5793685913086
2022-12-21,168.8000030517578,90.8070297241211
2022-12-22,166.75999450683594,90.78956604003906
2022-12-23,167.25999450683594,89.45850372314453
2022-12-27,168.6699981689453,87.68966674804688
2022-12-28,167.91000366210938,87.17301177978516
2022-12-29,168.85000610351562,88.16254425048828
2022-12-30,169.63999938964844,87.1817626953125
2023-01-03,171.05999755859375,88.84552764892578
2023-01-04,172.6699981689453,90.06269836425781
2023-01-05,170.52000427246094,90.43925476074219
2023-01-06,173.7100067138672,92.10299682617188
2023-01-09,174.10000610351562,92.5934066772461
2023-01-10,174.74000549316406,91.06097412109375
2023-01-11,174.6199951171875,92.54088592529297
2023-01-12,176.63999938964844,94.36226654052734
2023-01-13,178.75999450683594,93.47783660888672
2023-01-17,177.58999633789062,92.87362670898438
2023-01-18,177.0800018310547,95.12407684326172
2023-01-19,179.88999938964844,94.52864074707031
2023-01-20,179.2899932861328,92.9961929321289
2023-01-23,179.6300048828125,92.55839538574219
2023-01-24,180.27999877929688,93.88941192626953
2023-01-25,181.11000061035156,94.11709594726562
2023-01-26,179.47000122070312,93.67922973632812
2023-01-27,179.22000122070312,93.44279479980469
2023-01-30,178.75999450683594,93.10130310058594
2023-01-31,179.41000366210938,93.84562683105469
2023-02-01,181.6699981689453,94.97376251220703
2023-02-02,177.89999389648438,95.09666442871094
2023-02-03,173.4600067138672,93.67439270019531
2023-02-06,173.82000732421875,92.9808578491211
2023-02-07,173.97999572753906,92.23462677001953
2023-02-08,174.41000366210938,92.673583984375
2023-02-09,173.02999877929688,91.79568481445312
2023-02-10,173.36000061035156,90.76850891113281
2023-02-13,172.47999572753906,91.53229522705078
2023-02-14,172.61000061035156,91.32157897949219
2023-02-15,170.88999938964844,90.47000885009766
2023-02-16,170.75,89.188232421875
2023-02-17,171.25999450683594,89.88179016113281
2023-02-21,170.6199951171875,88.13472747802734
2023-02-22,169.66000366210938,88.94242095947266
2023-02-23,169.57000732421875,89.8115463256836
2023-02-24,168.35000610351562,88.64393615722656
2023-02-27,169.00999450683594,88.88973236083984
2023-02-28,169.77999877929688,89.29359436035156
2023-03-01,170.75999450683594,88.33430480957031
2023-03-02,170.66000366210938,87.55101776123047
2023-03-03,172.49000549316406,89.67203521728516
2023-03-06,171.6199951171875,88.97673797607422
2023-03-07,168.6199951171875,89.52240753173828
2023-03-08,168.5399932861328,89.61041259765625
2023-03-09,170.1999969482422,89.83042907714844
2023-03-10,173.8699951171875,92.92832946777344
2023-03-13,177.86000061035156,93.1395492553711
2023-03-14,176.8300018310547,91.60822296142578
2023-03-15,178.2100067138672,93.37721252441406
2023-03-16,178.57000732421875,92.64672088623047
2023-03-17,183.77000427246094,94.03726196289062
2023-03-20,183.83999633789062,93.20995330810547
2023-03-21,180.3699951171875,92.4090805053711
2023-03-22,183.44000244140625,93.64122009277344
2023-03-23,185.74000549316406,93.64122009277344
2023-03-24,183.64999389648438,94.03726196289062
2023-03-27,181.9499969482422,91.82823944091797
2023-03-28,183.44000244140625,91.99544525146484
2023-03-29,182.52999877929688,91.81060791015625
2023-03-30,184.17999267578125,92.23307800292969
2023-03-31,183.22000122070312,93.61481475830078
2023-04-03,184.5399932861328,94.05509948730469
2023-04-04,187.97999572753906,94.52269744873047
2023-04-05,187.8300018310547,95.51091003417969
2023-04-06,186.49000549316406,95.7579574584961
2023-04-10,185.11000061035156,94.2138900756836
2023-04-11,186.27999877929688,94.4080581665039
2023-04-12,187.19000244140625,94.31096649169922
2023-04-13,189.72000122070312,93.56982421875
2023-04-14,186.36000061035156,92.71395874023438
2023-04-17,185.52999877929688,91.61106872558594
2023-04-18,186.25,91.9375228881836
2023-04-19,185.36000061035156,91.84929656982422
2023-04-20,186.08999633789062,92.63455963134766
2023-04-21,184.25,92.114013671875
2023-04-24,184.80999755859375,93.005126953125
2023-04-25,185.75,94.37273406982422
2023-04-26,184.74000549316406,93.36688232421875
2023-04-27,184.75,92.44046020507812
2023-04-28,184.8000030517578,93.93157958984375
2023-05-01,183.97000122070312,91.22310638427734
2023-05-02,187.52000427246094,93.4963607788086
2023-05-03,189.11000061035156,94.01824951171875
2023-05-04,190.44000244140625,93.08948516845703
2023-05-05,187.4600067138672,92.77989196777344
2023-05-08,187.69000244140625,91.4795913696289
2023-05-09,189.02000427246094,91.15232849121094
2023-05-10,188.75,92.03688049316406
2023-05-11,187.1300048828125,93.00987243652344
2023-05-12,186.80999755859375,92.2314682006836
2023-05-15,187.2100067138672,91.27616119384766
2023-05-16,184.8699951171875,91.00196075439453
2023-05-17,184.22999572753906,90.73658752441406
2023-05-18,181.83999633789062,90.06433868408203
2023-05-19,183.63999938964844,89.4274673461914
2023-05-22,183.2100067138672,89.10902404785156
2023-05-23,183.42999267578125,89.36554718017578
2023-05-24,181.9499969482422,88.92330169677734
2023-05-25,180.1999969482422,88.70214080810547
2023-05-26,180.9199981689453,89.41860961914062
2023-05-30,182.0399932861328,90.31201171875
2023-05-31,182.32000732421875,91.0992660522461
2023-06-01,183.75999450683594,91.45667266845703
2023-06-02,181.0500030517578,90.45447540283203
2023-06-05,182.13999938964844,90.28597259521484
2023-06-06,182.33999633789062,90.81814575195312
2023-06-07,180.14999389648438,89.47001647949219
2023-06-08,182.52999877929688,90.51655578613281
2023-06-09,182.0399932861328,90.39238739013672
2023-06-12,181.8800048828125,90.6584701538086
2023-06-13,180.5399932861328,89.76270294189453
2023-06-14,180.63999938964844,90.48108673095703
2023-06-15,181.91000366210938,91.35025024414062
2023-06-16,181.6300048828125,90.9954833984375
2023-06-20,179.75,91.62519836425781
2023-06-21,179.49000549316406,91.84690856933594
2023-06-22,177.7100067138672,90.7383041381836
2023-06-23,178.1999969482422,91.64291381835938
2023-06-26,178.50999450683594,91.74049377441406
2023-06-27,177.69000244140625,91.50100708007812
2023-06-28,177.27999877929688,91.89126586914062
2023-06-29,177.08999633789062,90.23277282714844
2023-06-30,178.27000427246094,91.29702758789062
2023-07-03,178.47000122070312,90.77948760986328
2023-07-05,177.83999633789062,89.91685485839844
2023-07-06,177.30999755859375,88.64513397216797
2023-07-07,178.63999938964844,88.11158752441406
2023-07-10,178.77999877929688,88.22718811035156
2023-07-11,179.4499969482422,88.68072509765625
2023-07-12,181.8800048828125,89.66785430908203
2023-07-13,182.00999450683594,90.61050415039062
2023-07-14,181.42999267578125,90.07691955566406
2023-07-17,181.55999755859375,90.12139892578125
2023-07-18,183.63999938964844,90.53046417236328
2023-07-19,183.6699981689453,91.55315399169922
2023-07-20,182.74000549316406,90.44153594970703
2023-07-21,182.17999267578125,90.46820068359375
2023-07-24,181.39999389648438,90.13917541503906
2023-07-25,182.41000366210938,89.97020721435547
2023-07-26,183.3000030517578,90.05914306640625
2023-07-27,180.4199981689453,88.30722045898438
2023-07-28,181.86000061035156,88.76074981689453
2023-07-31,182.35000610351562,88.97420501708984
2023-08-01,180.4600067138672,87.51619720458984
2023-08-02,179.60000610351562,86.57984161376953
2023-08-03,179.5399932861328,84.58235168457031
2023-08-04,180.19000244140625,86.08048248291016
2023-08-07,179.77999877929688,85.2332992553711
2023-08-08,178.63999938964844,86.22312927246094
2023-08-09,177.7899932861328,86.66901397705078
2023-08-10,177.60000610351562,85.2422103881836
2023-08-11,177.60000610351562,85.0460433959961
2023-08-14,177.05999755859375,84.8587875366211
2023-08-15,176.58999633789062,84.34156036376953
2023-08-16,175.57000732421875,83.6816635131836
2023-08-17,175.3000030517578,83.32495880126953
2023-08-18,175.3300018310547,83.61922454833984
2023-08-21,175.80999755859375,82.50454711914062
2023-08-22,176.10000610351562,83.13770294189453
2023-08-23,177.88999938964844,85.19763946533203
2023-08-24,177.85000610351562,84.6358413696289
2023-08-25,177.6199951171875,84.91228485107422
2023-08-28,178.1300048828125,85.00143432617188
2023-08-29,179.8699951171875,85.88426971435547
2023-08-30,180.32000732421875,85.79512023925781
2023-08-31,180.02000427246094,86.17855834960938
2023-09-01,180.11000061035156,84.83604431152344
2023-09-05,178.63999938964844,83.64645385742188
2023-09-06,177.8300018310547,83.8521728515625
2023-09-07,178.02000427246094,84.084716796875
2023-09-08,178.0800018310547,84.40670776367188
2023-09-11,178.41000366210938,83.79849243164062
2023-09-12,177.49000549316406,84.28150939941406
2023-09-13,177.0800018310547,84.26361083984375
2023-09-14,177.1699981689453,83.6553726196289
2023-09-15,178.33999633789062,83.14556884765625
2023-09-18,179.38999938964844,83.6196060180664
2023-09-19,179.22000122070312,83.00247955322266
2023-09-20,179.35000610351562,83.26183319091797
2023-09-21,178.0500030517578,81.12417602539062
2023-09-22,178.6199951171875,81.77710723876953
2023-09-25,177.6999969482422,79.76466369628906
2023-09-26,176.27999877929688,79.48738861083984
2023-09-27,174.10000610351562,79.07594299316406
2023-09-28,173.22999572753906,79.31744384765625
2023-09-29,171.4499969482422,79.326416015625
2023-10-02,169.64999389648438,77.99844360351562
2023-10-03,169.16000366210938,76.3205795288086
2023-10-04,169.13999938964844,77.39730834960938
2023-10-05,168.8300018310547,77.01146697998047
2023-10-06,169.6999969482422,76.07830810546875
2023-10-09,172.82000732421875,77.86386108398438
2023-10-10,172.52999877929688,77.75618743896484
2023-10-11,173.7899932861328,79.38021850585938
2023-10-12,173.25999450683594,77.22679901123047
2023-10-13,178.8300018310547,78.60858154296875
2023-10-16,177.9600067138672,77.34345245361328
2023-10-17,178.2899932861328,76.49105834960938
2023-10-18,180.8699951171875,75.818115234375
2023-10-19,183.08999633789062,74.26583862304688
2023-10-20,183.58999633789062,74.68756866455078
2023-10-23,182.97000122070312,75.5848159790039
2023-10-24,182.9499969482422,76.58077239990234
2023-10-25,183.72000122070312,74.8759994506836
2023-10-26,184.00999450683594,76.02449798583984
2023-10-27,186.14999389648438,75.70145416259766
2023-10-30,185.10000610351562,75.36051177978516
2023-10-31,184.08999633789062,74.9926528930664
2023-11-01,183.50999450683594,76.61865997314453
2023-11-02,184.1199951171875,78.36530303955078
2023-11-03,184.7899932861328,78.89651489257812
2023-11-06,183.35000610351562,78.13121795654297
2023-11-07,182.58999633789062,79.28363037109375
2023-11-08,180.77000427246094,80.63414764404297
2023-11-09,181.49000549316406,78.77944946289062
2023-11-10,179.50999450683594,79.22062683105469
2023-11-13,180.50999450683594,79.04054260253906
2023-11-14,182.1199951171875,80.83221435546875
2023-11-15,181.63999938964844,79.69779968261719
2023-11-16,183.69000244140625,80.68817138671875
2023-11-17,183.6699981689453,81.06632232666016
2023-11-20,183.3699951171875,81.56147766113281
2023-11-21,185.35000610351562,81.52550506591797
2023-11-22,184.55999755859375,81.81360626220703
2023-11-24,185.52000427246094,80.85023498535156
2023-11-27,186.77000427246094,82.20074462890625
2023-11-28,189.25999450683594,82.36279296875
2023-11-29,189.5399932861328,83.3981704711914
2023-11-30,188.75,82.43482208251953
2023-12-01,192.00999450683594,83.98738861083984
2023-12-04,187.86000061035156,83.6532211303711
2023-12-05,187.14999389648438,85.4505615234375
2023-12-06,187.83999633789062,86.58857727050781
2023-12-07,188.14999389648438,86.09182739257812
2023-12-08,185.63999938964844,85.38732147216797
2023-12-11,183.58999633789062,85.20669555664062
2023-12-12,183.49000549316406,85.4595947265625
2023-12-13,187.6300048828125,87.46467590332031
2023-12-14,188.72999572753906,89.7398910522461
2023-12-15,187.0,89.83954620361328
2023-12-18,187.85000610351562,89.12371826171875
2023-12-19,189.1300048828125,89.60398864746094
2023-12-20,188.10000610351562,90.21107482910156
2023-12-21,189.42999267578125,89.64022827148438
2023-12-22,190.27000427246094,89.23247528076172
2023-12-26,191.72000122070312,89.4861831665039
2023-12-27,192.58999633789062,91.07185363769531
2023-12-28,191.47000122070312,90.41040802001953
2023-12-29,191.1699981689453,89.59491729736328
2024-01-02,190.72000122070312,89.07841491699219
2024-01-03,189.1300048828125,89.44992065429688
2024-01-04,189.32000732421875,88.09078216552734
2024-01-05,189.35000610351562,87.24812316894531
2024-01-08,187.8699951171875,88.1089096069336
2024-01-09,187.92999267578125,87.5471420288086
2024-01-10,187.5,87.13939666748047
2024-01-11,187.8699951171875,87.62867736816406
2024-01-12,189.7100067138672,87.45649719238281
2024-01-16,187.91000366210938,85.9161376953125
2024-01-17,185.83999633789062,85.78024291992188
2024-01-18,187.3699951171875,84.9828872680664
2024-01-19,187.92999267578125,85.25469970703125
2024-01-22,187.22000122070312,85.76210021972656
2024-01-23,187.9499969482422,85.08255004882812
2024-01-24,186.39999389648438,84.58419799804688
2024-01-25,187.13999938964844,85.13691711425781
2024-01-26,187.00999450683594,84.97380065917969
2024-01-29,188.3300018310547,85.95238494873047
2024-01-30,188.58999633789062,86.73163604736328
2024-01-31,188.4499969482422,87.58336639404297
2024-02-01,190.41000366210938,89.30139923095703
2024-02-02,188.61000061035156,87.32887268066406
2024-02-05,187.57000732421875,85.56535339355469
2024-02-06,188.5500030517578,86.40165710449219
2024-02-07,188.5,85.9834976196289
2024-02-08,188.3300018310547,85.48355865478516
2024-02-09,187.60000610351562,85.31083679199219
2024-02-12,187.11000061035156,85.41084289550781
2024-02-13,184.52999877929688,83.94732666015625
2024-02-14,184.4199981689453,84.37455749511719
2024-02-15,185.66000366210938,84.81090545654297
2024-02-16,186.33999633789062,84.32002258300781
2024-02-20,187.47000122070312,84.39273834228516
2024-02-21,187.47999572753906,83.79277801513672
2024-02-22,187.55999755859375,84.20185089111328
2024-02-23,188.6199951171875,85.32901763916016
2024-02-26,188.1999969482422,85.07447814941406
2024-02-27,188.0,84.47455596923828
2024-02-28,188.33999633789062,85.01087951660156
2024-02-29,189.30999755859375,85.6108169555664
2024-03-01,192.88999938964844,86.14427947998047
2024-03-04,196.00999450683594,85.79774475097656
2024-03-05,197.19000244140625,87.0196533203125
2024-03-06,198.80999755859375,87.53030395507812
2024-03-07,199.94000244140625,87.44822692871094
2024-03-08,201.6300048828125,87.29322814941406
2024-03-11,202.0,87.24762725830078
2024-03-12,199.7899932861328,86.51813507080078
2024-03-13,201.19000244140625,86.09866333007812
2024-03-14,200.35000610351562,84.77647399902344
2024-03-15,199.7100067138672,84.74909973144531
2024-03-18,200.02999877929688,84.4937744140625
2024-03-19,199.8000030517578,84.73087310791016
2024-03-20,202.17999267578125,84.70349884033203
2024-03-21,201.97000122070312,84.88587188720703
2024-03-22,200.35000610351562,85.69744110107422
2024-03-25,200.99000549316406,85.26885986328125
2024-03-26,201.63999938964844,85.5059585571289
2024-03-27,203.10000610351562,86.35400390625
2024-03-28,205.72000122070312,86.28102111816406
2024-04-01,207.82000732421875,84.67269134521484
2024-04-02,210.88999938964844,84.2060775756836
2024-04-03,212.74000549316406,84.18778991699219
2024-04-04,211.52000427246094,84.79161071777344
2024-04-05,215.13999938964844,83.61141204833984
2024-04-08,216.47999572753906,83.60223388671875
2024-04-09,217.6699981689453,84.37991333007812
2024-04-10,215.61000061035156,82.54100036621094
2024-04-11,219.8000030517578,82.1658935546875
2024-04-12,216.88999938964844,82.60501098632812
2024-04-15,220.9499969482422,81.3241958618164
2024-04-16,221.22000122070312,80.78440856933594
2024-04-17,219.58999633789062,81.68099975585938
2024-04-18,220.33999633789062,81.26929473876953
2024-04-19,221.02999877929688,81.56207275390625
2024-04-22,215.57000732421875,81.4248275756836
2024-04-23,215.0399932861328,81.4522705078125
2024-04-24,214.63999938964844,80.8758773803711
2024-04-25,215.9199981689453,80.30868530273438
2024-04-26,216.6199951171875,80.72950744628906
2024-04-29,216.17999267578125,81.40654754638672
2024-04-30,211.8699951171875,80.71122741699219
2024-05-01,213.7899932861328,81.30612182617188
2024-05-02,213.1300048828125,81.65501403808594
2024-05-03,212.9600067138672,82.4813003540039
2024-05-06,215.1999969482422,82.80264282226562
2024-05-07,214.2100067138672,83.30757141113281
2024-05-08,213.5800018310547,82.80264282226562
2024-05-09,216.9499969482422,83.20658111572266
2024-05-10,218.7100067138672,82.73837280273438
2024-05-13,216.25999450683594,82.94952392578125
2024-05-14,218.08999633789062,83.4177474975586
2024-05-15,220.88999938964844,84.55616760253906
2024-05-16,220.02999877929688,84.47356414794922
2024-05-17,223.66000366210938,83.90433502197266
2024-05-20,224.55999755859375,83.6564712524414
2024-05-21,224.22999572753906,84.08795928955078
2024-05-22,220.11000061035156,84.18893432617188
2024-05-23,215.72000122070312,83.64727020263672
2024-05-24,215.9199981689453,83.8951416015625
2024-05-28,218.19000244140625,82.69243621826172
2024-05-29,216.16000366210938,81.69175720214844
2024-05-30,216.57000732421875,82.4813003540039
2024-05-31,215.3000030517578,83.04135131835938
2024-06-03,217.22000122070312,84.3844985961914
2024-06-04,215.27000427246094,85.37017822265625
2024-06-05,217.82000732421875,85.99664306640625
2024-06-06,219.42999267578125,85.86766815185547
2024-06-07,211.60000610351562,84.2923583984375
2024-06-10,213.5399932861328,83.73041534423828
2024-06-11,214.14999389648438,84.59635925292969
2024-06-12,214.72000122070312,85.23201751708984
2024-06-13,212.97000122070312,86.48487091064453
2024-06-14,215.72999572753906,87.212646484375
2024-06-17,214.61000061035156,86.34669494628906
2024-06-18,215.47000122070312,87.13896179199219
2024-06-20,218.16000366210938,86.55858612060547
2024-06-21,214.77999877929688,86.55858612060547
2024-06-24,215.6300048828125,86.90861511230469
2024-06-25,214.55999755859375,87.05603790283203
2024-06-26,212.5800018310547,85.8123779296875
2024-06-27,214.99000549316406,86.15323638916016
2024-06-28,215.00999450683594,84.55030822753906
2024-07-01,215.57000732421875,83.09107208251953
2024-07-02,215.55999755859375,83.73796844482422
2024-07-03,217.99000549316406,84.83773040771484
2024-07-05,220.92999267578125,85.54006958007812
2024-07-08,218.19000244140625,85.72490692138672
2024-07-09,218.55999755859375,85.34600830078125
2024-07-10,219.36000061035156,85.61400604248047
2024-07-11,223.25,86.44575500488281
2024-07-12,223.11000061035156,86.8154067993164
2024-07-15,223.8300018310547,85.81731414794922
2024-07-16,228.2899932861328,87.02796936035156
2024-07-17,227.22999572753906,87.04644775390625
2024-07-18,225.77999877929688,86.38105010986328
2024-07-19,221.72999572753906,85.87277221679688
2024-07-22,221.8000030517578,85.62323760986328
2024-07-23,222.5800018310547,85.50311279296875
2024-07-24,221.8000030517578,84.57894897460938
2024-07-25,218.3300018310547,85.27207946777344
2024-07-26,220.6300048828125,85.93746948242188
2024-07-29,220.32000732421875,86.39954376220703
2024-07-30,222.52000427246094,86.73225402832031
2024-07-31,226.5500030517578,87.61944580078125
2024-08-01,225.77000427246094,88.37512969970703
2024-08-02,225.33999633789062,91.1290283203125
2024-08-05,222.47999572753906,91.61119079589844
2024-08-06,220.6999969482422,89.5619888305664
2024-08-07,220.5500030517578,88.93148040771484
2024-08-08,224.00999450683594,88.38439178466797
2024-08-09,224.55999755859375,89.2560043334961
2024-08-12,228.41000366210938,89.58053588867188
2024-08-13,228.05999755859375,90.20179748535156
2024-08-14,226.1999969482422,90.76740264892578
2024-08-15,226.91000366210938,90.0348892211914
2024-08-16,231.99000549316406,90.35015106201172
2024-08-19,231.61000061035156,90.76740264892578
2024-08-20,232.4600067138672,91.49064636230469
2024-08-21,232.14999389648438,91.54627990722656
2024-08-22,229.3699951171875,90.63758850097656
2024-08-23,232.02000427246094,91.23103332519531
2024-08-26,232.75999450683594,90.99921417236328
2024-08-27,233.38999938964844,90.84159088134766
2024-08-28,231.75,90.7303237915039
2024-08-29,232.9499969482422,90.43360137939453
2024-08-30,231.2899932861328,89.46929168701172
2024-09-03,230.2899932861328,90.93257141113281
2024-09-04,230.42999267578125,92.10467529296875
2024-09-05,232.35000610351562,92.62564086914062
2024-09-06,230.6300048828125,92.61634063720703
2024-09-09,231.60000610351562,93.01634979248047
2024-09-10,232.6199951171875,93.66751861572266
2024-09-11,232.25,93.59309387207031
2024-09-12,236.3300018310547,93.1558837890625
2024-09-13,238.67999267578125,93.40704345703125
2024-09-16,238.66000366210938,94.26288604736328
2024-09-17,237.33999633789062,93.80704498291016
2024-09-18,235.50999450683594,92.64423370361328
2024-09-19,239.1699981689453,92.33726501464844
2024-09-20,242.2100067138672,91.98374938964844
2024-09-23,242.67999267578125,91.78839111328125
2024-09-24,246.07000732421875,91.7697982788086
2024-09-25,245.72999572753906,91.0069808959961
2024-09-26,246.97999572753906,91.22093963623047
2024-09-27,245.02000427246094,91.69538879394531
2024-09-30,243.05999755859375,91.25814819335938
2024-10-01,245.61000061035156,91.91702270507812
2024-10-02,245.66000366210938,91.1424331665039
2024-10-03,245.49000549316406,90.28382110595703
2024-10-04,245.0,89.17325592041016
2024-10-07,244.1699981689453,88.50128936767578
2024-10-08,242.3699951171875,88.6506118774414
2024-10-09,241.0500030517578,88.14664459228516
2024-10-10,242.82000732421875,87.80137634277344
2024-10-11,245.47000122070312,87.44671630859375
2024-10-14,245.07000732421875,87.51202392578125
2024-10-15,245.9199981689453,88.57596588134766
2024-10-16,247.14999389648438,88.94927215576172
2024-10-17,248.6300048828125,87.54003143310547
2024-10-18,251.27000427246094,87.6053695678711
2024-10-21,251.22000122070312,86.07482147216797
2024-10-22,253.92999267578125,86.1587905883789
2024-10-23,250.8699951171875,85.92549896240234
2024-10-24,252.8000030517578,86.47611999511719
2024-10-25,253.32000732421875,85.99082946777344
2024-10-28,253.3300018310547,85.75751495361328
2024-10-29,256.0899963378906,85.8881607055664
2024-10-30,257.5,86.14014434814453
2024-10-31,253.50999450683594,86.2801284790039
2024-11-01,252.47000122070312,85.063720703125
2024-11-04,252.8300018310547,86.38408660888672
2024-11-05,253.39999389648438,86.84292602539062
2024-11-06,245.6999969482422,84.46443939208984
2024-11-07,249.64999389648438,85.5225830078125
2024-11-08,247.9600067138672,86.60880279541016
2024-11-11,242.13999938964844,86.18743896484375
2024-11-12,240.0500030517578,84.89517974853516
2024-11-13,237.6300048828125,84.0898666381836
2024-11-14,237.00999450683594,84.57679748535156
2024-11-15,236.58999633789062,84.35205078125
2024-11-18,241.08999633789062,84.50187683105469
2024-11-19,243.25,84.9326171875
2024-11-20,244.6199951171875,84.66107177734375
2024-11-21,246.66000366210938,84.59552764892578
2024-11-22,249.83999633789062,84.64234161376953
2024-11-25,242.47999572753906,86.83356475830078
2024-11-26,242.9499969482422,86.49645233154297
2024-11-27,243.49000549316406,87.09574890136719
2024-11-29,245.58999633789062,87.99470520019531
2024-12-02,243.44000244140625,88.20613098144531
2024-12-03,243.92999267578125,87.44500732421875
2024-12-04,244.6699981689453,88.3846664428711
2024-12-05,242.86000061035156,88.56319427490234
2024-12-06,242.9499969482422,88.69474792480469
2024-12-09,245.36000061035156,87.87724304199219
2024-12-10,248.58999633789062,87.46379852294922
2024-12-11,250.9600067138672,86.63688659667969
2024-12-12,247.27999877929688,85.58446502685547
2024-12-13,244.2899932861328,84.71058654785156
2024-12-16,244.8800048828125,84.96428680419922
2024-12-17,243.94000244140625,85.1710205078125
2024-12-18,239.25999450683594,84.10601043701172
2024-12-19,239.60000610351562,82.83253479003906
2024-12-20,242.10000610351562,83.30419158935547
2024-12-23,240.9600067138672,82.54010009765625
2024-12-24,241.44000244140625,82.88915252685547
2024-12-26,243.07000732421875,82.84198760986328
2024-12-27,241.39999389648438,82.16278839111328
2024-12-30,240.6300048828125,82.8231201171875
2024-12-31,242.1300048828125,82.37973022460938
2025-01-02,245.4199981689453,82.60613250732422
2025-01-03,243.49000549316406,82.3420181274414
2025-01-06,243.19000244140625,81.97412109375
2025-01-07,244.55999755859375,81.04967498779297
2025-01-08,245.86000061035156,81.15342712402344
2025-01-10,248.2100067138672,80.61573791503906
2025-01-13,245.74000549316406,80.58744812011719
2025-01-14,247.02999877929688,80.45538330078125
2025-01-15,248.8800048828125,81.84204864501953
2025-01-16,250.60000610351562,82.1061782836914
2025-01-17,249.27000427246094,82.2476806640625
2025-01-21,253.1300048828125,82.98345947265625
2025-01-22,254.42999267578125,82.54954528808594
2025-01-23,254.07000732421875,81.90811157226562
2025-01-24,255.64999389648438,82.2759780883789
2025-01-27,252.99000549316406,83.24759674072266
2025-01-28,255.17999267578125,83.19098663330078
2025-01-29,254.1999969482422,83.02120971679688
2025-01-30,258.04998779296875,83.33248901367188
2025-01-31,258.55999755859375,82.7853775024414
2025-02-03,259.94000244140625,83.45941162109375
2025-02-04,262.5,83.71502685546875
2025-02-05,264.1300048828125,85.09716796875
2025-02-06,263.42999267578125,85.05929565429688
2025-02-07,263.8999938964844,84.5102310180664
2025-02-10,268.3699951171875,84.25463104248047
2025-02-11,267.3900146484375,83.71502685546875
2025-02-12,267.6700134277344,82.57898712158203
2025-02-13,270.30999755859375,83.9516830444336
2025-02-14,266.2900085449219,84.3966293334961
2025-02-18,270.70001220703125,83.4026107788086
2025-02-19,270.8500061035156,83.5067367553711
2025-02-20,270.989990234375,83.81915283203125
2025-02-21,270.739990234375,84.83210754394531
2025-02-24,272.2099914550781,85.0782470703125
2025-02-25,268.6199951171875,86.54558563232422
2025-02-26,269.0299987792969,87.05680084228516
2025-02-27,264.92999267578125,86.44145965576172
2025-02-28,263.2699890136719,87.5017318725586
2025-03-03,266.739990234375,87.91009521484375
2025-03-04,269.05999755859375,86.82748413085938
2025-03-05,269.6199951171875,86.13422393798828
2025-03-06,268.25,85.84932708740234
2025-03-07,268.3900146484375,85.57392883300781
2025-03-10,266.0400085449219,86.46662139892578
2025-03-11,269.1600036621094,85.84932708740234
2025-03-12,270.3299865722656,85.33650970458984
2025-03-13,275.1300048828125,86.08674621582031
2025-03-14,275.239990234375,85.63092041015625
2025-03-17,276.7300109863281,86.05826568603516
2025-03-18,279.9599914550781,86.14372253417969
2025-03-19,281.1099853515625,86.59007263183594
2025-03-20,280.75,86.64703369140625
2025-03-21,278.489990234375,86.13422393798828
2025-03-24,277.25,85.25102996826172
2025-03-25,278.4700012207031,85.24153900146484
2025-03-26,278.239990234375,84.68124389648438
2025-03-27,281.9700012207031,84.43434143066406
2025-03-28,284.05999755859375,85.6024169921875
2025-03-31,288.1400146484375,86.44761657714844
2025-04-01,287.57000732421875,87.19672393798828
2025-04-02,288.1600036621094,87.1395492553711
2025-04-03,286.4200134277344,87.53983306884766
2025-04-04,279.7200012207031,88.49290466308594
2025-04-07,273.7099914550781,85.8243179321289
2025-04-08,275.20001220703125,84.20408630371094
2025-04-09,285.3800048828125,84.69969177246094
2025-04-10,292.3500061035156,82.3646469116211
2025-04-11,297.92999267578125,82.8125991821289
2025-04-14,296.2300109863281,83.40350341796875
2025-04-15,297.7799987792969,83.69896697998047
2025-04-16,307.4700012207031,84.16596221923828
2025-04-17,306.1199951171875,83.42255401611328
2025-04-21,315.5899963378906,81.96436309814453
2025-04-22,311.1099853515625,82.42184448242188
2025-04-23,303.6499938964844,83.22241973876953
2025-04-24,308.07000732421875,84.0992431640625
2025-04-25,304.7300109863281,84.71875
2025-04-28,309.07000732421875,85.2524642944336
2025-04-29,306.05999755859375,85.9672622680664
2025-04-30,303.7699890136719,85.27153015136719
2025-05-01,297.4599914550781,84.83914947509766
2025-05-02,297.9800109863281,83.92083740234375
2025-05-05,306.8800048828125,83.45210266113281
2025-05-06,315.4800109863281,83.72950744628906
2025-05-07,310.75,84.08345031738281
2025-05-08,304.6300048828125,83.14598846435547
2025-05-09,306.8399963378906,83.27035522460938
2025-05-12,298.19000244140625,82.49552154541016
2025-05-13,299.4599914550781,82.16072845458984
2025-05-14,293.1600036621094,81.61546325683594
2025-05-15,297.8399963378906,82.3329086303711
2025-05-16,294.239990234375,82.55294036865234
2025-05-19,298.0299987792969,82.31379699707031
2025-05-20,303.5799865722656,81.720703125
2025-05-21,305.82000732421875,80.32408142089844
2025-05-22,303.1099853515625,80.7449951171875
2025-05-23,309.75,80.87891387939453
2025-05-27,304.5,82.00765991210938
2025-05-28,303.80999755859375,81.65373992919922
2025-05-29,305.6099853515625,82.40946197509766
2025-05-30,303.6000061035156,82.53378295898438
2025-06-02,311.6700134277344,81.76567840576172
2025-06-03,308.9100036621094,81.62165832519531
2025-06-04,310.8999938964844,82.9466552734375
2025-06-05,309.3299865722656,83.0042495727539
2025-06-06,305.17999267578125,81.9480972290039
2025-06-09,306.6199951171875,82.03451538085938
2025-06-10,306.7099914550781,82.45697784423828
2025-06-11,308.3699951171875,82.70661163330078
2025-06-12,312.20001220703125,83.69557189941406
2025-06-13,316.2900085449219,82.88905334472656
2025-06-16,311.7799987792969,82.05371856689453
2025-06-17,311.94000244140625,83.05227661132812
2025-06-18,310.260009765625,83.19629669189453
2025-06-20,310.1300048828125,83.04266357421875
2025-06-23,311.0799865722656,83.31150817871094
2025-06-24,306.19000244140625,83.91639709472656
2025-06-25,307.1199951171875,84.02201080322266
2025-06-26,306.7799987792969,84.44446563720703
2025-06-27,301.2200012207031,83.90679168701172
2025-06-30,304.8299865722656,84.73251342773438
2025-07-01,307.54998779296875,84.9426040649414
2025-07-02,309.25,84.4029312133789
2025-07-03,307.1400146484375,83.81505584716797
2025-07-07,307.3699951171875,83.01515197753906
2025-07-08,304.1600036621094,82.90914916992188
2025-07-09,305.5199890136719,83.77649688720703
2025-07-10,306.20001220703125,83.8343276977539
2025-07-11,309.1400146484375,82.6778564453125
2025-07-14,308.010009765625,82.50437927246094
2025-07-15,306.7300109863281,81.9261474609375
2025-07-16,308.260009765625,82.04178619384766
2025-07-17,307.5899963378906,82.02252960205078
2025-07-18,308.3900146484375,82.1478042602539
2025-07-21,313.1300048828125,82.88024139404297
2025-07-22,316.1000061035156,83.38137817382812
2025-07-23,312.17999267578125,82.91878509521484
2025-07-24,310.2699890136719,82.77423095703125
2025-07-25,307.3999938964844,83.29463195800781
2025-07-28,305.4100036621094,82.75495910644531
2025-07-29,306.25,84.15235900878906
2025-07-30,300.9599914550781,83.71867370605469
2025-07-31,302.9599914550781,83.76685333251953
2025-08-01,309.1099853515625,84.9577407836914
2025-08-04,310.9100036621094,85.1899185180664
2025-08-05,311.1600036621094,85.45112609863281
2025-08-06,310.5,84.9577407836914
2025-08-07,313.1199951171875,84.81263732910156
2025-08-08,313.04998779296875,84.44501495361328
2025-08-11,308.54998779296875,84.54175567626953
2025-08-12,308.2699890136719,84.1160888671875
2025-08-13,309.2099914550781,84.81263732910156
2025-08-14,307.25,84.1838150024414
2025-08-15,307.42999267578125,83.58402252197266
2025-08-18,306.95001220703125,83.34217834472656
2025-08-19,305.2699890136719,83.82587432861328
2025-08-20,308.3599853515625,84.00968170166016
2025-08-21,307.2900085449219,83.59369659423828
2025-08-22,310.5799865722656,84.21283721923828
2025-08-25,309.8299865722656,83.97099304199219
2025-08-26,312.0799865722656,83.922607421875
2025-08-27,312.7099914550781,83.82587432861328
2025-08-28,315.0299987792969,84.3772964477539
2025-08-29,318.07000732421875,83.77750396728516
2025-09-02,325.5899963378906,83.15406036376953
2025-09-03,328.1400146484375,84.06688690185547
2025-09-04,326.69000244140625,84.70780181884766
2025-09-05,331.04998779296875,85.99935150146484
2025-09-08,334.82000732421875,87.14521789550781
2025-09-09,334.05999755859375,86.64997100830078
2025-09-10,335.260009765625,87.14521789550781
2025-09-11,334.760009765625,87.7278823852539
2025-09-12,335.4200134277344,87.34915161132812
2025-09-15,338.9100036621094,87.55308532714844
2025-09-16,339.5899963378906,87.73759460449219
2025-09-17,336.9700012207031,87.51424407958984
2025-09-18,335.6199951171875,86.61112213134766
2025-09-19,339.17999267578125,86.44603729248047
2025-09-22,345.04998779296875,86.13529205322266
2025-09-23,346.4599914550781,86.73737335205078
2025-09-24,343.32000732421875,86.40721130371094
2025-09-25,344.75,86.40721130371094
2025-09-26,346.739990234375,86.32952117919922
2025-09-29,352.4599914550781,87.03839874267578
2025-09-30,355.4700012207031,86.78593444824219
2025-10-01,356.0299987792969,87.01005554199219
2025-10-02,354.7900085449219,87.263427734375
2025-10-03,357.6400146484375,87.0977554321289
2025-10-06,364.3800048828125,86.40587615966797
2025-10-07,366.260009765625,86.90286254882812
2025-10-08,372.29998779296875,86.97107696533203
2025-10-09,365.42999267578125,86.90286254882812
2025-10-10,369.1199951171875,88.30609893798828
2025-10-13,378.0899963378906,88.25736999511719
2025-10-14,380.7900085449219,88.53997039794922
2025-10-15,387.3900146484375,88.34507751464844
2025-10-16,396.45001220703125,89.00770568847656
2025-10-17,388.989990234375,88.87127685546875
2025-10-20,403.1499938964844,89.21234893798828
2025-10-21,377.239990234375,89.65086364746094
2025-10-22,377.2799987792969,89.7093276977539
2025-10-23,378.7900085449219,89.09540557861328
2025-10-24,377.5199890136719,89.13439178466797
2025-10-27,367.010009765625,89.43647766113281
2025-10-28,364.3800048828125,89.67034912109375
2025-10-29,363.0,88.76409149169922
2025-10-30,370.1300048828125,88.24762725830078
2025-10-31,368.1199951171875,87.9845199584961
2025-11-03,368.7799987792969,87.76446533203125
2025-11-04,362.32000732421875,87.96007537841797
2025-11-05,366.510009765625,87.00164031982422
2025-11-06,366.07000732421875,87.7840347290039
2025-11-07,368.30999755859375,87.59821319580078
2025-11-10,378.3800048828125,87.57866668701172
2025-11-11,379.8699951171875,87.97962188720703
2025-11-12,385.989990234375,88.13611602783203
2025-11-13,382.8699951171875,87.41239929199219
2025-11-14,375.9599914550781,86.91361999511719
2025-11-17,371.6499938964844,87.1287841796875
2025-11-18,374.3500061035156,87.09944915771484
2025-11-19,374.9599914550781,86.92340087890625
2025-11-20,374.8500061035156,87.26570129394531
2025-11-21,374.2699890136719,87.52975463867188
2025-11-24,380.20001220703125,88.02851867675781
2025-11-25,380.0799865722656,88.25346374511719
2025-11-26,383.1199951171875,88.64466094970703
2025-11-28,387.8800048828125,88.22412109375
2025-12-01,389.75,87.12584686279297
2025-12-02,387.239990234375,87.16510772705078
2025-12-03,386.8800048828125,87.41048431396484
2025-12-04,387.1300048828125,86.93937683105469
2025-12-05,386.44000244140625,86.53695678710938
2025-12-08,385.4200134277344,86.25232696533203
2025-12-09,387.3999938964844,86.34066772460938
2025-12-10,389.04998779296875,86.67436981201172
2025-12-11,393.239990234375,86.55659484863281
2025-12-12,395.44000244140625,85.72234344482422
2025-12-15,395.79998779296875,85.78123474121094
2025-12-16,395.8900146484375,86.25232696533203
2025-12-17,399.2900085449219,86.173828125
2025-12-18,398.57000732421875,86.58604431152344
2025-12-19,399.0199890136719,86.26286315917969
2025-12-22,408.2300109863281,86.07565307617188
2025-12-23,413.6400146484375,86.21359252929688
2025-12-24,411.92999267578125,86.73580169677734
2025-12-26,416.739990234375,86.45005798339844
2025-12-29,398.6000061035156,86.77522277832031
2025-12-30,398.8900146484375,86.56830596923828
2025-12-31,396.30999755859375,85.87860107421875
2026-01-02,398.2799987792969,85.7505111694336
2026-01-05,408.760009765625,86.17418670654297
2026-01-06,413.17999267578125,85.996826171875
2026-01-07,409.2300109863281,86.49932861328125
2026-01-08,411.489990234375,86.06581115722656
2026-01-09,414.4700012207031,86.63727569580078
2026-01-12,422.2300109863281,86.38109588623047
2026-01-13,421.6300048828125,86.52889251708984
2026-01-14,425.94000244140625,87.03140258789062
2026-01-15,423.3299865722656,87.01168823242188
2026-01-16,421.2900085449219,86.50919342041016
2026-01-20,437.2300109863281,85.3760986328125
2026-01-21,443.6000061035156,86.0263900756836
2026-01-22,451.7900085449219,86.40080261230469
2026-01-23,458.0,86.63727569580078
2026-01-26,464.70001220703125,87.05110168457031
2026-01-27,476.1000061035156,86.50919342041016
2026-01-28,494.55999755859375,86.3121337890625
2026-01-29,495.8999938964844,86.33183288574219
2026-01-30,444.95001220703125,85.84903717041016
2026-02-02,427.1300048828125,85.60375213623047
2026-02-03,454.2900085449219,85.81145477294922
2026-02-04,453.9700012207031,85.59385681152344
2026-02-05,441.8800048828125,86.5235824584961
2026-02-06,455.4599914550781,86.58292388916016
2026-02-09,467.0299987792969,86.56314086914062
2026-02-10,462.3999938964844,87.56210327148438
2026-02-11,467.6300048828125,87.09723663330078
2026-02-12,451.3900146484375,88.25444793701172
2026-02-13,462.6199951171875,88.73909759521484
2026-02-17,448.20001220703125,88.88745880126953
2026-02-18,458.2799987792969,88.5511703491211
2026-02-19,459.55999755859375,88.64019012451172
2026-02-20,468.6199951171875,88.43248748779297
2026-02-23,481.2799987792969,88.75886535644531
2026-02-24,474.6099853515625,88.91712188720703
2026-02-25,473.4200134277344,88.92701721191406
2026-02-26,477.4800109863281,89.28307342529297
2026-02-27,483.75,89.82706451416016
2026-03-02,490.0,88.92501068115234
2026-03-03,468.1400146484375,88.74639129638672
2026-03-04,471.79998779296875,88.4685287475586
2026-03-05,466.1300048828125,88.11128234863281
2026-03-06,473.510009765625,87.78380584716797
2026-03-09,472.5299987792969,88.54792785644531
2026-03-10,477.8599853515625,87.60517883300781
2026-03-11,476.239990234375,86.47389221191406
2026-03-12,466.8800048828125,86.30519104003906
2026-03-13,460.8399963378906,85.87848663330078
2026-03-16,460.42999267578125,86.5433578491211
2026-03-17,459.2699890136719,86.78152465820312
2026-03-18,444.739990234375,86.2952651977539
2026-03-19,426.4100036621094,86.82122039794922
2026-03-20,413.3800048828125,85.17391204833984
2026-03-23,404.0400085449219,85.72962951660156
2026-03-24,404.1300048828125,85.35253143310547
2026-03-25,416.2900085449219,86.17618560791016
2026-03-26,400.6400146484375,85.45176696777344
2026-03-27,414.70001220703125,84.98535919189453
2026-03-30,414.5799865722656,86.11664581298828
2026-03-31,430.2900085449219,86.02733612060547
2026-04-01,437.82000732421875,85.9426498413086
2026-04-02,429.4100036621094,86.47069549560547
2026-04-06,427.6499938964844,86.33121490478516
2026-04-07,431.80999755859375,86.32125091552734
2026-04-08,434.5299987792969,86.6002197265625
2026-04-09,437.9100036621094,86.38102722167969
2026-04-10,437.1300048828125,86.17179870605469
2026-04-13,435.3599853515625,86.43084716796875
2026-04-14,445.0899963378906,86.88915252685547
2026-04-15,440.4599914550781,86.51055145263672
2026-04-16,440.0799865722656,85.96257019042969
2026-04-17,445.92999267578125,86.74966430664062
2026-04-20,442.0899963378906,86.72974395751953
2026-04-21,429.57000732421875,86.25150299072266
2026-04-22,435.260009765625,86.4208755493164
2026-04-23,431.0400085449219,86.23158264160156
2026-04-24,433.25,86.3909912109375
2026-04-27,429.8900146484375,85.96257019042969
2026-04-28,421.9100036621094,86.05224609375
2026-04-29,417.4100036621094,85.38470458984375
2026-04-30,423.6600036621094,85.30500030517578
2026-05-01,423.17999267578125,85.61000061035156
2026-05-04,414.7099914550781,84.95999908447266
2026-05-05,418.2699890136719,85.43000030517578
2026-05-06,430.9599914550781,86.08000183105469
2026-05-07,431.67999267578125,85.6500015258789
2026-05-08,433.7699890136719,86.08000183105469
2026-05-11,434.6499938964844,85.55999755859375
2026-05-12,432.92999267578125,84.98999786376953
2026-05-13,430.5,84.80000305175781
2026-05-14,427.2099914550781,84.91999816894531
2026-05-15,417.2900085449219,83.66000366210938
2026-05-18,418.42999267578125,83.55999755859375
2026-05-19,411.5,83.0199966430664
2026-05-20,417.3999938964844,83.91000366210938
2026-05-21,416.989990234375,84.22000122070312
2026-05-22,413.82000732421875,84.68000030517578
2026-05-26,414.0,85.0999984741211
2026-05-27,408.489990234375,85.30000305175781
2026-05-28,412.7699890136719,85.73999786376953
2026-05-29,417.1199951171875,85.76000213623047
