Date,"Rolling annual volatility, %"
2004-11-19,
2004-11-22,
2004-11-23,
2004-11-24,
2004-11-26,
2004-11-29,
2004-11-30,
2004-12-01,
2004-12-02,
2004-12-03,
2004-12-06,
2004-12-07,
2004-12-08,
2004-12-09,
2004-12-10,
2004-12-13,
2004-12-14,
2004-12-15,
2004-12-16,
2004-12-17,
2004-12-20,
2004-12-21,
2004-12-22,
2004-12-23,
2004-12-27,
2004-12-28,
2004-12-29,
2004-12-30,
2004-12-31,
2005-01-03,
2005-01-04,
2005-01-05,
2005-01-06,
2005-01-07,
2005-01-10,
2005-01-11,
2005-01-12,
2005-01-13,
2005-01-14,
2005-01-18,
2005-01-19,
2005-01-20,
2005-01-21,
2005-01-24,
2005-01-25,
2005-01-26,
2005-01-27,
2005-01-28,
2005-01-31,
2005-02-01,
2005-02-02,
2005-02-03,
2005-02-04,
2005-02-07,
2005-02-08,
2005-02-09,
2005-02-10,
2005-02-11,
2005-02-14,
2005-02-15,
2005-02-16,
2005-02-17,
2005-02-18,
2005-02-22,
2005-02-23,
2005-02-24,
2005-02-25,
2005-02-28,
2005-03-01,
2005-03-02,
2005-03-03,
2005-03-04,
2005-03-07,
2005-03-08,
2005-03-09,
2005-03-10,
2005-03-11,
2005-03-14,
2005-03-15,
2005-03-16,
2005-03-17,
2005-03-18,
2005-03-21,
2005-03-22,
2005-03-23,
2005-03-24,
2005-03-28,
2005-03-29,
2005-03-30,
2005-03-31,
2005-04-01,
2005-04-04,
2005-04-05,
2005-04-06,
2005-04-07,
2005-04-08,
2005-04-11,
2005-04-12,
2005-04-13,
2005-04-14,
2005-04-15,
2005-04-18,
2005-04-19,
2005-04-20,
2005-04-21,
2005-04-22,
2005-04-25,
2005-04-26,
2005-04-27,
2005-04-28,
2005-04-29,
2005-05-02,
2005-05-03,
2005-05-04,
2005-05-05,
2005-05-06,
2005-05-09,
2005-05-10,
2005-05-11,
2005-05-12,
2005-05-13,
2005-05-16,
2005-05-17,
2005-05-18,
2005-05-19,
2005-05-20,
2005-05-23,
2005-05-24,
2005-05-25,
2005-05-26,
2005-05-27,
2005-05-31,
2005-06-01,
2005-06-02,
2005-06-03,
2005-06-06,
2005-06-07,
2005-06-08,
2005-06-09,
2005-06-10,
2005-06-13,
2005-06-14,
2005-06-15,
2005-06-16,
2005-06-17,
2005-06-20,
2005-06-21,
2005-06-22,
2005-06-23,
2005-06-24,
2005-06-27,
2005-06-28,
2005-06-29,
2005-06-30,
2005-07-01,
2005-07-05,
2005-07-06,
2005-07-07,
2005-07-08,
2005-07-11,
2005-07-12,
2005-07-13,
2005-07-14,
2005-07-15,
2005-07-18,
2005-07-19,
2005-07-20,
2005-07-21,
2005-07-22,
2005-07-25,
2005-07-26,
2005-07-27,
2005-07-28,
2005-07-29,
2005-08-01,
2005-08-02,
2005-08-03,
2005-08-04,
2005-08-05,
2005-08-08,
2005-08-09,
2005-08-10,
2005-08-11,
2005-08-12,
2005-08-15,
2005-08-16,
2005-08-17,
2005-08-18,
2005-08-19,
2005-08-22,
2005-08-23,
2005-08-24,
2005-08-25,
2005-08-26,
2005-08-29,
2005-08-30,
2005-08-31,
2005-09-01,
2005-09-02,
2005-09-06,
2005-09-07,
2005-09-08,
2005-09-09,
2005-09-12,
2005-09-13,
2005-09-14,
2005-09-15,
2005-09-16,
2005-09-19,
2005-09-20,
2005-09-21,
2005-09-22,
2005-09-23,
2005-09-26,
2005-09-27,
2005-09-28,
2005-09-29,
2005-09-30,
2005-10-03,
2005-10-04,
2005-10-05,
2005-10-06,
2005-10-07,
2005-10-10,
2005-10-11,
2005-10-12,
2005-10-13,
2005-10-14,
2005-10-17,
2005-10-18,
2005-10-19,
2005-10-20,
2005-10-21,
2005-10-24,
2005-10-25,
2005-10-26,
2005-10-27,
2005-10-28,
2005-10-31,
2005-11-01,
2005-11-02,
2005-11-03,
2005-11-04,
2005-11-07,
2005-11-08,
2005-11-09,
2005-11-10,
2005-11-11,
2005-11-14,
2005-11-15,
2005-11-16,
2005-11-17,8.012166683883777
2005-11-18,8.017162317882287
2005-11-21,8.03374948292857
2005-11-22,8.040006728714719
2005-11-23,8.044162195150703
2005-11-25,8.05492317918396
2005-11-28,8.060450938192712
2005-11-29,8.053648805907473
2005-11-30,8.091129969352119
2005-12-01,8.117809984238747
2005-12-02,7.987203557072426
2005-12-05,7.982586694605121
2005-12-06,8.003572644425248
2005-12-07,7.99141584428862
2005-12-08,8.01016535296361
2005-12-09,8.004141360837222
2005-12-12,7.981668415998382
2005-12-13,8.010800644599074
2005-12-14,7.997677009806113
2005-12-15,7.921030692106039
2005-12-16,7.906770623513008
2005-12-19,7.90493195701118
2005-12-20,8.00819382292699
2005-12-21,7.999419798080129
2005-12-22,8.079034927992701
2005-12-23,8.080429967801981
2005-12-27,8.125553162913091
2005-12-28,8.09931653979471
2005-12-29,8.08536737802219
2005-12-30,8.082282604440453
2006-01-03,8.153493104171838
2006-01-04,8.105114566488544
2006-01-05,8.169094681800892
2006-01-06,8.225925994497922
2006-01-09,8.256655887075114
2006-01-10,8.312410022336117
2006-01-11,8.300003773182494
2006-01-12,8.288939822101918
2006-01-13,8.357612899414335
2006-01-17,8.347901908518063
2006-01-18,8.428453309715803
2006-01-19,8.51184180206828
2006-01-20,8.516705451354913
2006-01-23,8.508803400214358
2006-01-24,8.513814959839038
2006-01-25,8.43735406129031
2006-01-26,8.434379176297389
2006-01-27,8.435886385668391
2006-01-30,8.460442572160261
2006-01-31,8.447552873444199
2006-02-01,8.445972848880638
2006-02-02,8.44958063355602
2006-02-03,8.424208907586888
2006-02-06,8.418919232645056
2006-02-07,8.70042533642969
2006-02-08,8.697906217870164
2006-02-09,8.807032587183752
2006-02-10,8.94683640449349
2006-02-13,9.001137341332562
2006-02-14,8.990023490981958
2006-02-15,9.006133942695207
2006-02-16,9.025080759289285
2006-02-17,9.054816401081156
2006-02-21,9.04180120228464
2006-02-22,9.029173502972284
2006-02-23,9.066201549963562
2006-02-24,9.095358501688759
2006-02-27,9.102364288395083
2006-02-28,9.13459174848536
2006-03-01,9.130471123146547
2006-03-02,9.13132458469202
2006-03-03,9.153628674194103
2006-03-06,9.216772895147013
2006-03-07,9.217444984764821
2006-03-08,9.266980322144994
2006-03-09,9.227378243292906
2006-03-10,9.236572605157956
2006-03-13,9.242204811372172
2006-03-14,9.274219828559804
2006-03-15,9.268638244108576
2006-03-16,9.272484041840125
2006-03-17,9.270648451566645
2006-03-20,9.266348074294054
2006-03-21,9.220046661265078
2006-03-22,9.165532835672726
2006-03-23,9.168931722268946
2006-03-24,9.249846491602176
2006-03-27,9.254651639996418
2006-03-28,9.288448977821002
2006-03-29,9.304376046647198
2006-03-30,9.334372624282993
2006-03-31,9.347493996590206
2006-04-03,9.345239691081467
2006-04-04,9.347307781921232
2006-04-05,9.346219368683444
2006-04-06,9.33068817726312
2006-04-07,9.397523585822183
2006-04-10,9.434260217206393
2006-04-11,9.430501113840936
2006-04-12,9.429798099631574
2006-04-13,9.399659552675427
2006-04-17,9.484154956118404
2006-04-18,9.502829771625695
2006-04-19,9.509317049959146
2006-04-20,9.789409455364508
2006-04-21,9.965064786315137
2006-04-24,10.009125062217592
2006-04-25,10.01145776525791
2006-04-26,10.025708411919643
2006-04-27,10.032685790302015
2006-04-28,10.166374051424096
2006-05-01,10.171080238110052
2006-05-02,10.212969804234564
2006-05-03,10.21580387253981
2006-05-04,10.227361229844622
2006-05-05,10.244552509320762
2006-05-08,10.210387398375993
2006-05-09,10.311621147946319
2006-05-10,10.317068322910593
2006-05-11,10.31713751397475
2006-05-12,10.313626596319448
2006-05-15,10.618694457733067
2006-05-16,10.680741422369376
2006-05-17,10.706096991413208
2006-05-18,10.695924012840834
2006-05-19,10.77745602305828
2006-05-22,10.771065457164546
2006-05-23,10.791253539591828
2006-05-24,10.94215014900685
2006-05-25,10.941503179976074
2006-05-26,10.938887929198055
2006-05-30,10.937404498766885
2006-05-31,10.984823981778295
2006-06-01,11.038062155410865
2006-06-02,11.09247809140995
2006-06-05,11.089380018936005
2006-06-06,11.08293756159485
2006-06-07,11.084100108564668
2006-06-08,11.130047366088453
2006-06-09,11.129875883849225
2006-06-12,11.13398330912737
2006-06-13,11.671998677356227
2006-06-14,11.685977396147338
2006-06-15,11.74432155731343
2006-06-16,11.699080015492674
2006-06-19,11.766689264372536
2006-06-20,11.787595747154327
2006-06-21,11.808922703426726
2006-06-22,11.83026403269664
2006-06-23,11.82788212303003
2006-06-26,11.82820643823804
2006-06-27,11.831712994373875
2006-06-28,11.804358900765989
2006-06-29,11.945365640094074
2006-06-30,12.087556474962211
2006-07-03,12.009092527105473
2006-07-05,11.966226862807334
2006-07-06,11.98288502864467
2006-07-07,11.981805390793445
2006-07-10,11.986184577936223
2006-07-11,12.080008909964908
2006-07-12,12.104638729664437
2006-07-13,12.109589686792413
2006-07-14,12.08806150913485
2006-07-17,12.173397118661084
2006-07-18,12.236237296964493
2006-07-19,12.303992401335279
2006-07-20,12.339923757210965
2006-07-21,12.359971795697344
2006-07-24,12.36887402523485
2006-07-25,12.368192882377015
2006-07-26,12.373924462082378
2006-07-27,12.387166981558364
2006-07-28,12.371141061279616
2006-07-31,12.361614174650349
2006-08-01,12.389475907527933
2006-08-02,12.395312819602022
2006-08-03,12.39221815786138
2006-08-04,12.39724058977622
2006-08-07,12.38519032902611
2006-08-08,12.391278621736552
2006-08-09,12.393964717640838
2006-08-10,12.452538529314772
2006-08-11,12.416036993454826
2006-08-14,12.417228753193083
2006-08-15,12.403935464619904
2006-08-16,12.398208960952857
2006-08-17,12.41146855262348
2006-08-18,12.409902375839374
2006-08-21,12.4685721511979
2006-08-22,12.473891176145624
2006-08-23,12.473705100768749
2006-08-24,12.471949511819918
2006-08-25,12.469387520676817
2006-08-28,12.484153354175358
2006-08-29,12.484146712183657
2006-08-30,12.48643378717801
2006-08-31,12.483580915967815
2006-09-01,12.47137271353695
2006-09-05,12.48589824964129
2006-09-06,12.490905484534839
2006-09-07,12.545203580853196
2006-09-08,12.552504204491578
2006-09-11,12.687812702374881
2006-09-12,12.683282638258625
2006-09-13,12.68433324557419
2006-09-14,12.759221908595153
2006-09-15,12.759478477999131
2006-09-18,12.773129315350236
2006-09-19,12.776873990511389
2006-09-20,12.780898888840172
2006-09-21,12.753721419782392
2006-09-22,12.74346434352482
2006-09-25,12.73652787099156
2006-09-26,12.736623156558824
2006-09-27,12.752079578135161
2006-09-28,12.723183895211308
2006-09-29,12.728883424509815
2006-10-02,12.713446857693103
2006-10-03,12.827567517938876
2006-10-04,12.83102802439916
2006-10-05,12.831126204349964
2006-10-06,12.823144839549078
2006-10-09,12.822196244634904
2006-10-10,12.836766393739849
2006-10-11,12.839553710971149
2006-10-12,12.802396970179345
2006-10-13,12.818264021252137
2006-10-16,12.83132374706368
2006-10-17,12.832143959318488
2006-10-18,12.829289516522303
2006-10-19,12.82010240948958
2006-10-20,12.832268207203143
2006-10-23,12.842924651950769
2006-10-24,12.833564713394155
2006-10-25,12.859389756332629
2006-10-26,12.8672095960161
2006-10-27,12.864127928595211
2006-10-30,12.87396442966151
2006-10-31,12.860947058690378
2006-11-01,12.882565078505438
2006-11-02,12.883144933238103
2006-11-03,12.874288904748258
2006-11-06,12.860643120022086
2006-11-07,12.857993084128205
2006-11-08,12.861719271794431
2006-11-09,12.936830193149786
2006-11-10,12.930854437012794
2006-11-13,12.931381354420175
2006-11-14,12.919674893732758
2006-11-15,12.916514598620253
2006-11-16,12.831222991542905
2006-11-17,12.821128889744417
2006-11-20,12.817304182003639
2006-11-21,12.81003700767308
2006-11-22,12.807124517050877
2006-11-24,12.826456900424605
2006-11-27,12.823383012761736
2006-11-28,12.813417735085874
2006-11-29,12.814387902229406
2006-11-30,12.846808836164051
2006-12-01,12.813196434621638
2006-12-04,12.812816519479588
2006-12-05,12.823159342398139
2006-12-06,12.85328563809244
2006-12-07,12.852198456864524
2006-12-08,12.861103542390058
2006-12-11,12.874358702271579
2006-12-12,12.874364997372544
2006-12-13,12.864298395490279
2006-12-14,12.8500391464065
2006-12-15,12.880553390538148
2006-12-18,12.880511544662188
2006-12-19,12.889758724724922
2006-12-20,12.825798104986786
2006-12-21,12.824339693609586
2006-12-22,12.777059878128803
2006-12-26,12.780182851851155
2006-12-27,12.751978399150053
2006-12-28,12.742126737081389
2006-12-29,12.742999875344278
2007-01-03,12.749984428906567
2007-01-04,12.677409348779056
2007-01-05,12.759147891558936
2007-01-08,12.723818739324264
2007-01-09,12.671234479099057
2007-01-10,12.653296750576674
2007-01-11,12.622252399981479
2007-01-12,12.658056681896277
2007-01-16,12.656548064545337
2007-01-17,12.606199405109972
2007-01-18,12.607400624041903
2007-01-19,12.563897675457884
2007-01-22,12.504836121011008
2007-01-23,12.530733078894086
2007-01-24,12.522023042199168
2007-01-25,12.532637164625406
2007-01-26,12.530953198601102
2007-01-29,12.530014589783985
2007-01-30,12.533152498402778
2007-01-31,12.53324163329314
2007-02-01,12.534362470180243
2007-02-02,12.551842489401357
2007-02-05,12.548138119898516
2007-02-06,12.56287021213547
2007-02-07,12.560142575394156
2007-02-08,12.390680940843142
2007-02-09,12.391268761425057
2007-02-12,12.320663084841236
2007-02-13,12.220786327119642
2007-02-14,12.20619082809223
2007-02-15,12.19700991246538
2007-02-16,12.182605907721436
2007-02-20,12.186077038645308
2007-02-21,12.245678570014705
2007-02-22,12.25458081622316
2007-02-23,12.266576988980127
2007-02-26,12.252608221643424
2007-02-27,12.30738530447207
2007-02-28,12.309029417948233
2007-03-01,12.284243925551916
2007-03-02,12.360107485159103
2007-03-05,12.371692661720498
2007-03-06,12.374486724230435
2007-03-07,12.295072060386778
2007-03-08,12.292254131926802
2007-03-09,12.277795883487263
2007-03-12,12.278207986314216
2007-03-13,12.265353463818517
2007-03-14,12.260604511606791
2007-03-15,12.234421629642291
2007-03-16,12.24209800154913
2007-03-19,12.227253865095852
2007-03-20,12.227026249108384
2007-03-21,12.23316978493076
2007-03-22,12.227426778155715
2007-03-23,12.244982188208185
2007-03-26,12.254375174094468
2007-03-27,12.194051098079543
2007-03-28,12.188696118596514
2007-03-29,12.168954482643745
2007-03-30,12.153481160052875
2007-04-02,12.117079906247849
2007-04-03,12.10792457452233
2007-04-04,12.127744364857064
2007-04-05,12.127377311792106
2007-04-09,12.139235721019856
2007-04-10,12.152714979493545
2007-04-11,12.101668523507842
2007-04-12,12.067736268877482
2007-04-13,12.070242089612556
2007-04-16,12.087322541301658
2007-04-17,12.08264359924347
2007-04-18,12.003122765740331
2007-04-19,12.007952097976798
2007-04-20,11.969432779078696
2007-04-23,11.747870924569625
2007-04-24,11.566566799634272
2007-04-25,11.517344465061097
2007-04-26,11.571767627632841
2007-04-27,11.567023526258426
2007-04-30,11.556532883327868
2007-05-01,11.436887772275636
2007-05-02,11.431766804684989
2007-05-03,11.382261298031922
2007-05-04,11.401573714724236
2007-05-07,11.383809479414031
2007-05-08,11.372497870255202
2007-05-09,11.381050945819727
2007-05-10,11.322486835939495
2007-05-11,11.308680429470423
2007-05-14,11.309972971839684
2007-05-15,11.305456874513933
2007-05-16,11.061255028900685
2007-05-17,11.009273733123758
2007-05-18,10.989409380423039
2007-05-21,10.99110066855549
2007-05-22,10.933763338018725
2007-05-23,10.933529381273395
2007-05-24,10.920588952459514
2007-05-25,10.778311969341656
2007-05-29,10.77477043712829
2007-05-30,10.773236517597324
2007-05-31,10.785913378217293
2007-06-01,10.74699470242738
2007-06-04,10.69299348397834
2007-06-05,10.61600847106667
2007-06-06,10.613001877498549
2007-06-07,10.75833578189457
2007-06-08,10.790366050868714
2007-06-11,10.743797394456523
2007-06-12,10.811422676801998
2007-06-13,10.844815553242123
2007-06-14,10.27157419753556
2007-06-15,10.251810410096093
2007-06-18,10.181668567597818
2007-06-19,10.214727766348283
2007-06-20,10.189166979112558
2007-06-21,10.171622048591631
2007-06-22,10.144355296456828
2007-06-25,10.109774795895227
2007-06-26,10.13042054754935
2007-06-27,10.129825851769766
2007-06-28,10.133975309433417
2007-06-29,10.136936884602601
2007-07-02,10.001440696322412
2007-07-03,9.838929784278234
2007-07-05,9.848994888561347
2007-07-06,9.849672106994543
2007-07-09,9.83650890077111
2007-07-10,9.887191701900155
2007-07-11,9.899117216967719
2007-07-12,9.776333020892643
2007-07-13,9.738886741869958
2007-07-16,9.720968700912463
2007-07-17,9.719318007621686
2007-07-18,9.654999119793812
2007-07-19,9.573003336014622
2007-07-20,9.516717724773846
2007-07-23,9.460585252039122
2007-07-24,9.428857795466786
2007-07-25,9.42099736934359
2007-07-26,9.435649885562608
2007-07-27,9.42153076699311
2007-07-30,9.401465461770128
2007-07-31,9.398248904438491
2007-08-01,9.397937663147111
2007-08-02,9.35603032319087
2007-08-03,9.387409323730795
2007-08-06,9.388308488670232
2007-08-07,9.37991770404264
2007-08-08,9.387089407873837
2007-08-09,9.41796971581797
2007-08-10,9.439002371372162
2007-08-13,9.366634758660508
2007-08-14,9.343668368800065
2007-08-15,9.336941514537708
2007-08-16,9.354366509595563
2007-08-17,9.328007938619134
2007-08-20,9.248744931930776
2007-08-21,9.249588318052858
2007-08-22,9.15946336443032
2007-08-23,9.154347084684197
2007-08-24,9.190402797834754
2007-08-27,9.191433706735316
2007-08-28,9.194257790540668
2007-08-29,9.17645529411212
2007-08-30,9.17701412014213
2007-08-31,9.180529121810125
2007-09-04,9.171493611144667
2007-09-05,9.182045664702102
2007-09-06,9.194875185669366
2007-09-07,9.241561812271836
2007-09-10,9.173132524305563
2007-09-11,9.176265349796314
2007-09-12,8.985509895171047
2007-09-13,9.018704705625492
2007-09-14,9.015908164077384
2007-09-17,8.949912284979185
2007-09-18,8.949861140986284
2007-09-19,8.959068661327944
2007-09-20,8.937974373944998
2007-09-21,8.933030941057392
2007-09-24,8.87668417730483
2007-09-25,8.853499502926455
2007-09-26,8.851306374896577
2007-09-27,8.88570218123735
2007-09-28,8.878516419650442
2007-10-01,8.891270152372453
2007-10-02,8.93354142230729
2007-10-03,8.946132726008969
2007-10-04,8.78686383132356
2007-10-05,8.783255423627498
2007-10-08,8.810254431724866
2007-10-09,8.798899652538275
2007-10-10,8.796378437168494
2007-10-11,8.777419118599449
2007-10-12,8.77297637186269
2007-10-15,8.764411554869852
2007-10-16,8.742337065669041
2007-10-17,8.716596542517834
2007-10-18,8.788683487695502
2007-10-19,8.801860554793029
2007-10-22,8.820541604632936
2007-10-23,8.801500533173646
2007-10-24,8.740699627435639
2007-10-25,8.7366438972956
2007-10-26,8.743827342509205
2007-10-29,8.724684618608686
2007-10-30,8.741014451518534
2007-10-31,8.732284145703776
2007-11-01,8.712570126553102
2007-11-02,8.736456349688165
2007-11-05,8.735557479029334
2007-11-06,8.760047392861797
2007-11-07,8.77152311081458
2007-11-08,8.768569831879272
2007-11-09,8.750783701656237
2007-11-12,8.932143859889486
2007-11-13,8.934050249026015
2007-11-14,8.957724387403346
2007-11-15,9.013540068012727
2007-11-16,9.013983170118431
2007-11-19,8.985137871225897
2007-11-20,9.061178760641287
2007-11-21,9.062481347642048
2007-11-23,9.138868013423755
2007-11-26,9.185176357627393
2007-11-27,9.239930489034592
2007-11-28,9.265136937778365
2007-11-29,9.2755168678131
2007-11-30,9.307728777242076
2007-12-03,9.274245600681997
2007-12-04,9.295892275161338
2007-12-05,9.366441609152115
2007-12-06,9.351137840030814
2007-12-07,9.359184731032311
2007-12-10,9.374015206872844
2007-12-11,9.325338964133431
2007-12-12,9.319543671900451
2007-12-13,9.50332059466566
2007-12-14,9.492121648129576
2007-12-17,9.478172375626473
2007-12-18,9.480966591654584
2007-12-19,9.49905043176648
2007-12-20,9.501816039633143
2007-12-21,9.499936546590291
2007-12-24,9.503988921197804
2007-12-26,9.507770519990395
2007-12-27,9.514481834459922
2007-12-28,9.641341087591233
2007-12-31,9.635223324612365
2008-01-02,9.855732134851973
2008-01-03,9.848298290944092
2008-01-04,9.849691609451533
2008-01-07,9.732110915657122
2008-01-08,9.783193174726334
2008-01-09,9.78177615580349
2008-01-10,9.769492012957967
2008-01-11,9.774678854712514
2008-01-14,9.749983892759092
2008-01-15,9.757179305682175
2008-01-16,9.825882337731176
2008-01-17,9.832700738894184
2008-01-18,9.826400842304757
2008-01-22,9.862424114946492
2008-01-23,9.838610407570318
2008-01-24,9.839744744961203
2008-01-25,9.855083929053341
2008-01-28,9.868325012176593
2008-01-29,9.8845857364317
2008-01-30,9.879985265678517
2008-01-31,9.848462210814004
2008-02-01,9.890255720133851
2008-02-04,9.890021612182139
2008-02-05,9.903040900753876
2008-02-06,9.899046750016053
2008-02-07,9.920999369329213
2008-02-08,9.963439597295643
2008-02-11,9.967587623007182
2008-02-12,10.064103793100129
2008-02-13,10.079192283372475
2008-02-14,10.070014586946451
2008-02-15,10.069524385329613
2008-02-19,10.099160844108528
2008-02-20,10.13687712099412
2008-02-21,10.052118110101139
2008-02-22,10.043768098382987
2008-02-25,10.064146880030057
2008-02-26,10.060550539226426
2008-02-27,9.971422322560034
2008-02-28,10.060824623859745
2008-02-29,10.070850432793996
2008-03-03,9.969151739060582
2008-03-04,10.086813289019261
2008-03-05,10.081195762617316
2008-03-06,10.089212545704756
2008-03-07,10.09214476032709
2008-03-10,10.07359480367032
2008-03-11,10.082536258711688
2008-03-12,10.172854530877931
2008-03-13,10.173362759572138
2008-03-14,10.196901000421402
2008-03-17,10.202455109847142
2008-03-18,10.336066315345853
2008-03-19,10.385991555741956
2008-03-20,10.513160819641913
2008-03-24,10.543128779425626
2008-03-25,10.635854407885486
2008-03-26,10.627827824827436
2008-03-27,10.642665575560533
2008-03-28,10.652113998896208
2008-03-31,10.666149928557116
2008-04-01,11.054886470445256
2008-04-02,11.143177221309518
2008-04-03,11.142504577740317
2008-04-04,11.151029260422805
2008-04-07,11.149613961124315
2008-04-08,11.152534411756463
2008-04-09,11.239443594417288
2008-04-10,11.251030968507887
2008-04-11,11.250073036183217
2008-04-14,11.25391573252975
2008-04-15,11.245184872455978
2008-04-16,11.248855338618444
2008-04-17,11.253622549505176
2008-04-18,11.287654659066348
2008-04-21,11.2688801938706
2008-04-22,11.267277982258866
2008-04-23,11.294289276141072
2008-04-24,11.411069844528008
2008-04-25,11.353477430192678
2008-04-28,11.349804594088498
2008-04-29,11.389767125172446
2008-04-30,11.411076239035426
2008-05-01,11.524476488552644
2008-05-02,11.521164835579745
2008-05-05,11.540066507186811
2008-05-06,11.541537448033527
2008-05-07,11.537171988546575
2008-05-08,11.584884134782069
2008-05-09,11.540355408396623
2008-05-12,11.546892317098612
2008-05-13,11.64611128518214
2008-05-14,11.646682660519035
2008-05-15,11.705405640459627
2008-05-16,11.720314242099864
2008-05-19,11.721023986696986
2008-05-20,11.763538571444187
2008-05-21,11.752831957531084
2008-05-22,11.816135534043683
2008-05-23,11.801280444055697
2008-05-27,11.89160983958185
2008-05-28,11.909648699534928
2008-05-29,12.063508191035
2008-05-30,12.080639272186652
2008-06-02,12.082516058248578
2008-06-03,12.08498169538231
2008-06-04,12.091641239200936
2008-06-05,12.10144168528037
2008-06-06,12.1326913057433
2008-06-09,12.116574727686663
2008-06-10,12.251156459924179
2008-06-11,12.201259211485763
2008-06-12,12.253998858193015
2008-06-13,12.253152850793041
2008-06-16,12.260198590912562
2008-06-17,12.260718009428683
2008-06-18,12.270169292292103
2008-06-19,12.22592381387289
2008-06-20,12.228064825359196
2008-06-23,12.265012413487936
2008-06-24,12.273533122309297
2008-06-25,12.253425099148929
2008-06-26,12.42341143772467
2008-06-27,12.455321401984948
2008-06-30,12.448752034402915
2008-07-01,12.43532861105167
2008-07-02,12.427442838965995
2008-07-03,12.420199095935146
2008-07-07,12.423902027785918
2008-07-08,12.417375350945857
2008-07-09,12.392142709825228
2008-07-10,12.409767606956622
2008-07-11,12.40876464921436
2008-07-14,12.429972997010832
2008-07-15,12.428103911461015
2008-07-16,12.573641844689666
2008-07-17,12.560010574888764
2008-07-18,12.562359209507484
2008-07-21,12.552497611004636
2008-07-22,12.631298854882768
2008-07-23,12.723698822988256
2008-07-24,12.743762601313303
2008-07-25,12.735343896486507
2008-07-28,12.74229400386756
2008-07-29,12.775076924354098
2008-07-30,12.786999465345271
2008-07-31,12.807242968518992
2008-08-01,12.809799331493563
2008-08-04,12.819971741077453
2008-08-05,12.91064376774547
2008-08-06,12.909960639578552
2008-08-07,12.908519721435104
2008-08-08,12.902301994702272
2008-08-11,13.132706623463973
2008-08-12,13.13186375420966
2008-08-13,13.137859067227893
2008-08-14,13.179119977195676
2008-08-15,13.182752302805753
2008-08-18,13.21250028846012
2008-08-19,13.235004795934213
2008-08-20,13.235250998203078
2008-08-21,13.292121179459327
2008-08-22,13.319086308467144
2008-08-25,13.300024696519223
2008-08-26,13.300652158964198
2008-08-27,13.298095938199346
2008-08-28,13.304401504329402
2008-08-29,13.316842554187012
2008-09-02,13.355483868091538
2008-09-03,13.339453344497418
2008-09-04,13.332447252386878
2008-09-05,13.313074277814309
2008-09-08,13.272893765092126
2008-09-09,13.305624805493178
2008-09-10,13.421924491021715
2008-09-11,13.445090451590588
2008-09-12,13.461505962486982
2008-09-15,13.764166440307417
2008-09-16,13.746674216907772
2008-09-17,14.875107677464213
2008-09-18,15.047504068969975
2008-09-19,15.049616580537265
2008-09-22,15.15386919756342
2008-09-23,15.172096462838564
2008-09-24,15.189745404592685
2008-09-25,15.1910133888397
2008-09-26,15.177066794892871
2008-09-29,15.46627103429291
2008-09-30,15.936076026296947
2008-10-01,15.945146417997897
2008-10-02,16.037238358064194
2008-10-03,16.02603526945723
2008-10-06,16.131584090488737
2008-10-07,16.19002332013187
2008-10-08,16.19406687148788
2008-10-09,16.195033243726705
2008-10-10,16.734745382391324
2008-10-13,16.796087238915415
2008-10-14,16.79452037536348
2008-10-15,16.830510175021068
2008-10-16,17.05458845173867
2008-10-17,17.094474083049114
2008-10-20,17.12873542179639
2008-10-21,17.165241215936252
2008-10-22,17.26363599306752
2008-10-23,17.2593353921281
2008-10-24,17.267611645253442
2008-10-27,17.24100790619882
2008-10-28,17.239007548956383
2008-10-29,17.231102128291337
2008-10-30,17.279969773130663
2008-10-31,17.353640450698155
2008-11-03,17.299150896183136
2008-11-04,17.743105053114544
2008-11-05,17.765404222871734
2008-11-06,17.772198675527502
2008-11-07,17.772440806305877
2008-11-10,17.795440521997307
2008-11-11,17.680497690248952
2008-11-12,17.712234416398
2008-11-13,17.697961367821776
2008-11-14,17.758951131166114
2008-11-17,17.760336382687054
2008-11-18,17.768474475076005
2008-11-19,17.749118364248385
2008-11-20,18.05972089453716
2008-11-21,18.242792582696673
2008-11-24,18.222804557546805
2008-11-25,18.233978096368052
2008-11-26,18.22222703928785
2008-11-28,18.225184378132642
2008-12-01,18.232211037881797
2008-12-02,18.234018944206646
2008-12-03,18.226091569007835
2008-12-04,18.197885516912976
2008-12-05,18.260709865153995
2008-12-08,18.25387103888186
2008-12-09,18.274475161808535
2008-12-10,18.388064021258135
2008-12-11,18.391930790562835
2008-12-12,18.297858073196416
2008-12-15,18.36544535211583
2008-12-16,18.50412836616379
2008-12-17,18.5703978726056
2008-12-18,18.5615919845479
2008-12-19,18.569430065760656
2008-12-22,18.5692076151546
2008-12-23,18.57814337250912
2008-12-24,18.57765198617961
2008-12-26,18.62096714734344
2008-12-29,18.55679078028674
2008-12-30,18.55704828617199
2008-12-31,18.45521597706923
2009-01-02,18.513824163518528
2009-01-05,18.665024422653733
2009-01-06,18.66573393552301
2009-01-07,18.676899210473533
2009-01-08,18.700754281117103
2009-01-09,18.701129014994105
2009-01-12,18.74682438850487
2009-01-13,18.734249141369695
2009-01-14,18.731543129077863
2009-01-15,18.7015885520526
2009-01-16,18.705753670549626
2009-01-20,18.734017746811553
2009-01-21,18.803296928214937
2009-01-22,18.81549136114258
2009-01-23,18.909387286102586
2009-01-26,18.888181862712532
2009-01-27,18.897021759900817
2009-01-28,18.973831135983882
2009-01-29,18.973295497538558
2009-01-30,18.99094259805884
2009-02-02,18.976993655908927
2009-02-03,19.019374636295137
2009-02-04,19.015045483272427
2009-02-05,19.015028060306367
2009-02-06,19.011505730466247
2009-02-09,18.98400128956063
2009-02-10,19.097166703593153
2009-02-11,19.12238540885972
2009-02-12,19.11541437473334
2009-02-13,19.18287677688637
2009-02-17,19.420941787672298
2009-02-18,19.40655872252188
2009-02-19,19.42762906305729
2009-02-20,19.478616006236432
2009-02-23,19.480507201066068
2009-02-24,19.52911308210392
2009-02-25,19.57794725968259
2009-02-26,19.579112603338007
2009-02-27,19.53038238044744
2009-03-02,19.512787112927683
2009-03-03,19.52713777520165
2009-03-04,19.48109214104057
2009-03-05,19.69950234881189
2009-03-06,19.696693999637244
2009-03-09,19.73637982099827
2009-03-10,19.867171909306187
2009-03-11,19.895641424144426
2009-03-12,19.881800077247377
2009-03-13,19.880557398769003
2009-03-16,19.894472793973232
2009-03-17,19.89759557674635
2009-03-18,20.144761521152763
2009-03-19,20.13236545822303
2009-03-20,20.080881778129584
2009-03-23,20.10173153893919
2009-03-24,20.03645743978704
2009-03-25,20.03400062417849
2009-03-26,20.03294035150806
2009-03-27,20.031927138512152
2009-03-30,20.022510873958232
2009-03-31,19.823029803719802
2009-04-01,19.787776097617428
2009-04-02,19.877744048007674
2009-04-03,19.93505000670131
2009-04-06,19.995800816686213
2009-04-07,20.008624087739364
2009-04-08,19.950557757214696
2009-04-09,19.96201314980894
2009-04-13,20.006994741201453
2009-04-14,20.002622234739587
2009-04-15,19.999694845141427
2009-04-16,20.044928773862903
2009-04-17,20.059978165024052
2009-04-20,20.103880200627373
2009-04-21,20.111589234159087
2009-04-22,20.11102460127728
2009-04-23,20.11095996358738
2009-04-24,20.047679440599577
2009-04-27,20.046610953625276
2009-04-28,20.10503742178413
2009-04-29,20.08453311345964
2009-04-30,20.085267419554476
2009-05-01,20.031194059219562
2009-05-04,20.05887137715852
2009-05-05,20.038261860967562
2009-05-06,20.045787590731994
2009-05-07,20.08712203924666
2009-05-08,20.052558869613424
2009-05-11,20.057665002823835
2009-05-12,20.067259560397495
2009-05-13,20.022837252111557
2009-05-14,20.022772080824723
2009-05-15,19.970606400474264
2009-05-18,20.00135059701364
2009-05-19,20.000379428344576
2009-05-20,20.007681096145678
2009-05-21,20.003959829205034
2009-05-22,19.975005117588857
2009-05-26,19.996801164334844
2009-05-27,19.977160836541646
2009-05-28,19.999480174414998
2009-05-29,20.03884967804376
2009-06-01,20.10073351101512
2009-06-02,20.10357943071007
2009-06-03,20.10984981363156
2009-06-04,20.100690790057364
2009-06-05,20.171015406572373
2009-06-08,20.06157719440231
2009-06-09,20.052103846358357
2009-06-10,19.99111679698899
2009-06-11,19.9832769527209
2009-06-12,19.9411355814186
2009-06-15,19.941791109474142
2009-06-16,19.972230977253762
2009-06-17,19.9713466723578
2009-06-18,19.982983561814503
2009-06-19,19.99818623475093
2009-06-22,19.992203472400924
2009-06-23,19.983278016798156
2009-06-24,19.977924651830776
2009-06-25,20.02338666630266
2009-06-26,19.91167288324261
2009-06-29,19.884983441674965
2009-06-30,19.89321788812177
2009-07-01,19.893040895793018
2009-07-02,19.893036504507513
2009-07-06,19.883523923772106
2009-07-07,19.88418253313372
2009-07-08,19.884226617373383
2009-07-09,19.882248741750796
2009-07-10,19.85848993474063
2009-07-13,19.85799249025742
2009-07-14,19.847186076226336
2009-07-15,19.853299542060753
2009-07-16,19.772505623534286
2009-07-17,19.785517755232682
2009-07-20,19.808519376463018
2009-07-21,19.8172091642421
2009-07-22,19.772737112595195
2009-07-23,19.745348422098225
2009-07-24,19.727846863545214
2009-07-27,19.729990654334674
2009-07-28,19.728140652609422
2009-07-29,19.71139203214694
2009-07-30,19.724547519065418
2009-07-31,19.798227071246274
2009-08-03,19.803757506393158
2009-08-04,19.78104355261982
2009-08-05,19.730689327195684
2009-08-06,19.73054080714386
2009-08-07,19.745717749304017
2009-08-10,19.727429273163096
2009-08-11,19.573059622374796
2009-08-12,19.579222218294998
2009-08-13,19.604051345378995
2009-08-14,19.57532421324222
2009-08-17,19.56276810201561
2009-08-18,19.542253579001862
2009-08-19,19.536056121575033
2009-08-20,19.53684437309413
2009-08-21,19.499091555770747
2009-08-24,19.482463039672403
2009-08-25,19.484643385701254
2009-08-26,19.484813135912578
2009-08-27,19.48446605975894
2009-08-28,19.486651942699286
2009-08-31,19.480290414166863
2009-09-01,19.447845968927137
2009-09-02,19.538224055847447
2009-09-03,19.540397047365985
2009-09-04,19.5579802334058
2009-09-08,19.563219249192493
2009-09-09,19.53616154746536
2009-09-10,19.481156223933716
2009-09-11,19.476294388709356
2009-09-14,19.477227625496997
2009-09-15,19.26780888503932
2009-09-16,19.267007352298187
2009-09-17,18.410349608059153
2009-09-18,18.277117647669538
2009-09-21,18.275052237559212
2009-09-22,18.20069917248316
2009-09-23,18.189198419164228
2009-09-24,18.182432839309378
2009-09-25,18.18267299055005
2009-09-28,18.182494805699385
2009-09-29,17.922736530153
2009-09-30,17.515678803936638
2009-10-01,17.481468383850206
2009-10-02,17.39087465660505
2009-10-05,17.395946294114054
2009-10-06,17.309192826495842
2009-10-07,17.24795681140756
2009-10-08,17.24168416152964
2009-10-09,17.313611405589633
2009-10-12,16.79874931286473
2009-10-13,16.74440314499125
2009-10-14,16.763827039620956
2009-10-15,16.75406238392672
2009-10-16,16.530561503100916
2009-10-19,16.45897933781839
2009-10-20,16.419548541816873
2009-10-21,16.361612123749836
2009-10-22,16.24953305096262
2009-10-23,16.257003274957604
2009-10-26,16.321129671351443
2009-10-27,16.332080438853186
2009-10-28,16.33377510937069
2009-10-29,16.336528779113152
2009-10-30,16.284825916471288
2009-11-02,16.200860927015253
2009-11-03,16.211926131940803
2009-11-04,15.747535536901651
2009-11-05,15.696566086114565
2009-11-06,15.674500160872935
2009-11-09,15.676264025370001
2009-11-10,15.650775042524678
2009-11-11,15.634240170345398
2009-11-12,15.609539223720564
2009-11-13,15.63017931498934
2009-11-16,15.597592019196727
2009-11-17,15.597671878987033
2009-11-18,15.59342909706265
2009-11-19,15.560609230511542
2009-11-20,15.214033958863615
2009-11-23,14.953338757383335
2009-11-24,14.952866842882383
2009-11-25,14.92231303617887
2009-11-27,14.929383233008462
2009-11-30,14.923881385975225
2009-12-01,14.886604474201649
2009-12-02,14.872743581312525
2009-12-03,14.887712949731752
2009-12-04,15.126146606743221
2009-12-07,15.050971174651826
2009-12-08,15.049962609140866
2009-12-09,15.019003951859876
2009-12-10,14.890367271649357
2009-12-11,14.894590479426236
2009-12-14,14.901169355728037
2009-12-15,14.813375049414477
2009-12-16,14.64112510101172
2009-12-17,14.5585804869866
2009-12-18,14.567561758331362
2009-12-21,14.66596179766174
2009-12-22,14.67990942665181
2009-12-23,14.670110336692822
2009-12-24,14.668544585743065
2009-12-28,14.597848622520285
2009-12-29,14.593790027221052
2009-12-30,14.59235606618592
2009-12-31,14.576384128362582
2010-01-04,14.54742998462236
2010-01-05,14.359087254695465
2010-01-06,14.359091563540622
2010-01-07,14.308237816074847
2010-01-08,14.276857845048303
2010-01-11,14.279144880132788
2010-01-12,14.211911106662477
2010-01-13,14.212178321201877
2010-01-14,14.239467554658946
2010-01-15,14.235021109508567
2010-01-19,14.220966936409129
2010-01-20,14.197399115365627
2010-01-21,14.087235633537555
2010-01-22,14.069549758228078
2010-01-25,13.94000899633915
2010-01-26,13.938361814323674
2010-01-27,13.923001183756064
2010-01-28,13.802593218689443
2010-01-29,13.803666360563662
2010-02-01,13.794115343022062
2010-02-02,13.795313290549498
2010-02-03,13.743992481273855
2010-02-04,13.797672921531811
2010-02-05,13.788722404727299
2010-02-08,13.783135072535483
2010-02-09,13.771995071762305
2010-02-10,13.622496597753553
2010-02-11,13.52258372940075
2010-02-12,13.52349265223881
2010-02-16,13.477849848500314
2010-02-17,13.145099392610295
2010-02-18,13.141464276697333
2010-02-19,13.060372610456938
2010-02-22,12.976356863743595
2010-02-23,12.971590689193215
2010-02-24,12.87228159544679
2010-02-25,12.811761692711226
2010-02-26,12.82017894498515
2010-03-01,12.80874527097432
2010-03-02,12.824004224819252
2010-03-03,12.795968552079472
2010-03-04,12.768450758550701
2010-03-05,12.427805052157472
2010-03-08,12.446109662617879
2010-03-09,12.383189606523274
2010-03-10,12.17848394572962
2010-03-11,12.128454646046738
2010-03-12,12.062251451699073
2010-03-15,12.061632293441923
2010-03-16,12.0830676742836
2010-03-17,12.062739585624977
2010-03-18,11.54242847069644
2010-03-19,11.555174784841256
2010-03-22,11.535967097613332
2010-03-23,11.466341260814342
2010-03-24,11.618580535589418
2010-03-25,11.618451503570292
2010-03-26,11.646633660352117
2010-03-29,11.643029391958311
2010-03-30,11.64303782794624
2010-03-31,11.658083867566585
2010-04-01,11.635931268686582
2010-04-05,11.498129672861179
2010-04-06,11.365613037498065
2010-04-07,11.324818093827323
2010-04-08,11.285016568868897
2010-04-09,11.292201011933795
2010-04-12,11.260934418218541
2010-04-13,11.182461763681713
2010-04-14,11.184717748364804
2010-04-15,11.18860312325452
2010-04-16,11.12395088008594
2010-04-19,11.086298594079855
2010-04-20,10.955000819759753
2010-04-21,10.966409879028884
2010-04-22,10.973431852565117
2010-04-23,10.95334747520265
2010-04-26,10.954716430358703
2010-04-27,11.053512601821778
2010-04-28,10.956714151556463
2010-04-29,10.956602802400317
2010-04-30,10.968602392165252
2010-05-03,10.953064564578652
2010-05-04,10.910205739330616
2010-05-05,10.91012531234421
2010-05-06,11.281032687493227
2010-05-07,11.22719160651449
2010-05-10,11.309462425110928
2010-05-11,11.354228239313544
2010-05-12,11.334580442514993
2010-05-13,11.313324771957449
2010-05-14,11.336352603698908
2010-05-17,11.353866029016697
2010-05-18,11.280013558945877
2010-05-19,11.333581723383132
2010-05-20,11.2919949823338
2010-05-21,11.286373426415576
2010-05-24,11.286790554833262
2010-05-25,11.246506407724382
2010-05-26,11.192652176520966
2010-05-27,11.197271503358616
2010-05-28,10.972339162771203
2010-06-01,10.846985017901323
2010-06-02,10.85039568134678
2010-06-03,10.899159393645823
2010-06-04,11.043877550591212
2010-06-07,10.972405703682169
2010-06-08,10.98151836402779
2010-06-09,10.985951903596655
2010-06-10,11.075680216552835
2010-06-11,11.112975206397689
2010-06-14,11.11554774390306
2010-06-15,11.117535467544903
2010-06-16,11.048029430763009
2010-06-17,11.090608863188802
2010-06-18,11.022341526275222
2010-06-21,11.064120610383505
2010-06-22,11.100077025341372
2010-06-23,11.077048251467616
2010-06-24,11.075683284059886
2010-06-25,11.022753607973003
2010-06-28,11.026507087050184
2010-06-29,11.03892773331058
2010-06-30,11.028834006568417
2010-07-01,11.185241626508157
2010-07-02,11.17131589889531
2010-07-06,11.173855891884987
2010-07-07,11.17228355534876
2010-07-08,11.189048582474557
2010-07-09,11.176968740243206
2010-07-12,11.181122897248361
2010-07-13,11.181302670330581
2010-07-14,11.174564597601513
2010-07-15,11.166568907113291
2010-07-16,11.172810603418352
2010-07-19,11.16615125866864
2010-07-20,11.135278469896107
2010-07-21,11.111744332493231
2010-07-22,11.108136150348551
2010-07-23,11.093966544035464
2010-07-26,11.098449931789972
2010-07-27,11.17999634535819
2010-07-28,11.171714135390795
2010-07-29,11.168808144884204
2010-07-30,11.202539305109012
2010-08-02,11.076554488016978
2010-08-03,11.071081351570358
2010-08-04,11.071841500336015
2010-08-05,11.048818139538444
2010-08-06,11.080669627008636
2010-08-09,11.049339430010095
2010-08-10,11.050094145257153
2010-08-11,11.050156762994195
2010-08-12,11.045181098438558
2010-08-13,11.00886969352634
2010-08-16,11.118005004202482
2010-08-17,11.12352373017496
2010-08-18,11.125525744478269
2010-08-19,11.136422200613874
2010-08-20,11.139340978712289
2010-08-23,11.134400393571582
2010-08-24,11.174582210386893
2010-08-25,11.16780485691227
2010-08-26,11.168821525319773
2010-08-27,11.26776261696368
2010-08-30,11.286959751260055
2010-08-31,11.323201614343429
2010-09-01,11.395983381539976
2010-09-02,11.249595034572216
2010-09-03,11.279730350248055
2010-09-07,11.317920723869616
2010-09-08,11.317505439114331
2010-09-09,11.418018917694779
2010-09-10,11.360607085641387
2010-09-13,11.335867934054379
2010-09-14,11.378307759611499
2010-09-15,11.40899799960157
2010-09-16,11.400153465653721
2010-09-17,11.397213712160202
2010-09-20,11.370638511868066
2010-09-21,11.420643703711942
2010-09-22,11.408371706870184
2010-09-23,11.403621482718272
2010-09-24,11.404405487802238
2010-09-27,11.429243922060445
2010-09-28,11.444625858845663
2010-09-29,11.447076122132122
2010-09-30,11.431727606705103
2010-10-01,11.431293644742277
2010-10-04,11.430573480677168
2010-10-05,11.427371266290269
2010-10-06,11.44087927742629
2010-10-07,11.474953627523055
2010-10-08,11.476751741218255
2010-10-11,11.363101575576431
2010-10-12,11.378982472365701
2010-10-13,11.385323916816878
2010-10-14,11.367274852238491
2010-10-15,11.380207077034484
2010-10-18,11.383221096395308
2010-10-19,11.430762413827875
2010-10-20,11.440432843482215
2010-10-21,11.520943736798506
2010-10-22,11.524724027670285
2010-10-25,11.517229940978138
2010-10-26,11.447062985982175
2010-10-27,11.477814101842064
2010-10-28,11.494564363850381
2010-10-29,11.525657627352729
2010-11-01,11.524545448931294
2010-11-02,11.545388290448157
2010-11-03,11.617977396533965
2010-11-04,11.786728163832581
2010-11-05,11.813382381138233
2010-11-08,11.830684306331339
2010-11-09,11.991054512171964
2010-11-10,12.006530939778102
2010-11-11,11.98609654289958
2010-11-12,12.093282072050325
2010-11-15,12.164903955293893
2010-11-16,12.102196420605623
2010-11-17,12.108616103380227
2010-11-18,12.134148551942024
2010-11-19,12.137761152425346
2010-11-22,12.152937680717992
2010-11-23,12.155533894681009
2010-11-24,12.19028981928142
2010-11-26,12.151077705756554
2010-11-29,12.151580314326957
2010-11-30,12.182620039443226
2010-12-01,12.238476269049992
2010-12-02,12.216581102558553
2010-12-03,12.208910532898164
2010-12-06,11.950057105140436
2010-12-07,12.127733973897417
2010-12-08,12.147848936233798
2010-12-09,12.15033140198434
2010-12-10,12.13838973790303
2010-12-13,12.121391222243371
2010-12-14,12.136377808249378
2010-12-15,12.197680743188105
2010-12-16,12.186711772940196
2010-12-17,12.174738730712972
2010-12-20,12.16744789944118
2010-12-21,12.026098780181252
2010-12-22,12.016411321906528
2010-12-23,12.019734406568373
2010-12-27,12.027861160032089
2010-12-28,12.02947035155564
2010-12-29,12.06518831787625
2010-12-30,12.070313632040968
2010-12-31,12.119400764757588
2011-01-03,12.09498882884739
2011-01-04,12.15126776139903
2011-01-05,12.221038880239396
2011-01-06,12.21790615895786
2011-01-07,12.217277349712937
2011-01-10,12.219833843252001
2011-01-11,12.217455278237573
2011-01-12,12.218772746757248
2011-01-13,12.18873885571573
2011-01-14,12.21767693342718
2011-01-18,12.217202987321683
2011-01-19,12.204182669846707
2011-01-20,12.309774501878657
2011-01-21,12.3109216198549
2011-01-24,12.313469206700526
2011-01-25,12.317789663130863
2011-01-26,12.311663942536649
2011-01-27,12.35696743817144
2011-01-28,12.407482644551497
2011-01-31,12.405714756715204
2011-02-01,12.397456629624754
2011-02-02,12.371000216314796
2011-02-03,12.308429721965352
2011-02-04,12.330505821178358
2011-02-07,12.328982264470525
2011-02-08,12.328584906007876
2011-02-09,12.315508243819991
2011-02-10,12.320070072261156
2011-02-11,12.328514781476517
2011-02-14,12.267523336316456
2011-02-15,12.254586574121166
2011-02-16,12.255420121822246
2011-02-17,12.261202158120419
2011-02-18,12.253361589909629
2011-02-22,12.293902571364788
2011-02-23,12.305733820741262
2011-02-24,12.288363809044835
2011-02-25,12.28053587008334
2011-02-28,12.280776077348849
2011-03-01,12.302343625973448
2011-03-02,12.332699358474237
2011-03-03,12.390534522234594
2011-03-04,12.396401950211056
2011-03-07,12.376634440446647
2011-03-08,12.385887306048478
2011-03-09,12.370414712765406
2011-03-10,12.370521332871382
2011-03-11,12.371749564140215
2011-03-14,12.372480726532963
2011-03-15,12.309062632131292
2011-03-16,12.317275487977096
2011-03-17,12.317914075373828
2011-03-18,12.295061798143943
2011-03-21,12.29268959611754
2011-03-22,12.2928387881187
2011-03-23,12.14402785527564
2011-03-24,12.172742514925844
2011-03-25,12.139493517103999
2011-03-28,12.140773799658339
2011-03-29,12.151297745925474
2011-03-30,12.139601367994956
2011-03-31,12.135348486295593
2011-04-01,12.11996504595666
2011-04-04,12.12168237621174
2011-04-05,12.070921296002854
2011-04-06,12.091157378203608
2011-04-07,12.081439948291859
2011-04-08,12.081488332303298
2011-04-11,12.087087519739644
2011-04-12,12.084906138248241
2011-04-13,12.087122569386509
2011-04-14,12.07663804118247
2011-04-15,12.118979563444944
2011-04-18,12.121399261201727
2011-04-19,12.10075957493955
2011-04-20,12.094766645318622
2011-04-21,12.089485473543425
2011-04-25,12.08884225910264
2011-04-26,12.002657432823671
2011-04-27,11.992076065428103
2011-04-28,12.002694538643771
2011-04-29,11.999299358375158
2011-05-02,12.015986949086262
2011-05-03,12.007172050225105
2011-05-04,12.015759551650076
2011-05-05,11.698427715669085
2011-05-06,11.678913218651136
2011-05-09,11.610907530346466
2011-05-10,11.558658018236018
2011-05-11,11.560188147188667
2011-05-12,11.565351447473208
2011-05-13,11.542008508760977
2011-05-16,11.524117154003822
2011-05-17,11.501055346983089
2011-05-18,11.457051280928534
2011-05-19,11.437977956016304
2011-05-20,11.45084948077936
2011-05-23,11.444937736712607
2011-05-24,11.444154062676391
2011-05-25,11.444392079141041
2011-05-26,11.394072267571639
2011-05-27,11.399089944769447
2011-05-31,11.375861890619479
2011-06-01,11.382754204704185
2011-06-02,11.37905967012556
2011-06-03,11.246331995713023
2011-06-06,11.177178622918225
2011-06-07,11.167147566059565
2011-06-08,11.16425189310061
2011-06-09,11.045712322332161
2011-06-10,10.999786483110926
2011-06-13,11.018425305436018
2011-06-14,11.025126890645726
2011-06-15,11.070848728419865
2011-06-16,11.025873444983572
2011-06-17,11.02309130799896
2011-06-20,10.958061257689346
2011-06-21,10.91410249919576
2011-06-22,10.913927719291246
2011-06-23,10.92569073104027
2011-06-24,10.94171653547515
2011-06-27,10.976803733302026
2011-06-28,10.964569941214569
2011-06-29,10.954535455445802
2011-06-30,10.803722419173958
2011-07-01,10.813059378424333
2011-07-05,10.849418456014462
2011-07-06,10.868071769321904
2011-07-07,10.852773217805652
2011-07-08,10.89985137621245
2011-07-11,10.947369064599933
2011-07-12,10.958736976302932
2011-07-13,10.96344463544984
2011-07-14,10.97460574161122
2011-07-15,10.967029419421461
2011-07-18,10.940194349227093
2011-07-19,10.938672168634321
2011-07-20,10.93165167943329
2011-07-21,10.961106428375237
2011-07-22,10.946761850490782
2011-07-25,10.94185068680427
2011-07-26,10.85586064282617
2011-07-27,10.856611557471597
2011-07-28,10.856898731302543
2011-07-29,10.856269701658249
2011-08-01,10.833056566330546
2011-08-02,11.13304728828591
2011-08-03,11.132052741586776
2011-08-04,11.219714280195882
2011-08-05,11.251889369860967
2011-08-08,11.664357910029596
2011-08-09,11.674236346467278
2011-08-10,12.075524092431335
2011-08-11,12.650235542873338
2011-08-12,12.657319986528629
2011-08-15,12.55933667861081
2011-08-16,12.626665053517076
2011-08-17,12.65829503436408
2011-08-18,12.772522236428106
2011-08-19,12.802042393398715
2011-08-22,12.844344698070604
2011-08-23,13.09143666037737
2011-08-24,13.489175968516374
2011-08-25,13.503805660377749
2011-08-26,13.551200010553583
2011-08-29,13.64585051870682
2011-08-30,13.788685312065587
2011-08-31,13.785358488345372
2011-09-01,13.817155238228828
2011-09-02,14.108543163521674
2011-09-06,14.056263803551595
2011-09-07,14.30160194323917
2011-09-08,14.312707929844587
2011-09-09,14.3106820501065
2011-09-12,14.358777876810532
2011-09-13,14.297203456001753
2011-09-14,14.270250798503513
2011-09-15,14.364387514694078
2011-09-16,14.382818776672455
2011-09-19,14.379405388507072
2011-09-20,14.364666232954145
2011-09-21,14.388440952222181
2011-09-22,14.395908151170818
2011-09-23,14.885705375363306
2011-09-26,14.949739959938382
2011-09-27,14.933451422292062
2011-09-28,15.004267168712985
2011-09-29,15.022252766433612
2011-09-30,15.077050553333232
2011-10-03,15.234398670216827
2011-10-04,15.324798694817996
2011-10-05,15.301243324687796
2011-10-06,15.28053103248307
2011-10-07,15.303305211213937
2011-10-10,15.310592421917494
2011-10-11,15.306600492798575
2011-10-12,15.299350213408955
2011-10-13,15.289354378774943
2011-10-14,15.257506605548471
2011-10-17,15.257412327731258
2011-10-18,15.211609407870421
2011-10-19,15.219912792820583
2011-10-20,15.196343681626878
2011-10-21,15.192082716360893
2011-10-24,15.191420948637825
2011-10-25,15.385530193772736
2011-10-26,15.355017866287803
2011-10-27,15.381299410969714
2011-10-28,15.361467105559539
2011-10-31,15.399476540944267
2011-11-01,15.461124605212811
2011-11-02,15.39230917576147
2011-11-03,15.265137059270858
2011-11-04,15.245589375580419
2011-11-07,15.29853827953273
2011-11-08,15.209407243341078
2011-11-09,15.207263043075542
2011-11-10,15.248189163885067
2011-11-11,15.144242161591526
2011-11-14,15.062968280128516
2011-11-15,15.052154184022417
2011-11-16,15.040902774316177
2011-11-17,15.054972991409695
2011-11-18,15.052989300718789
2011-11-21,15.076684632430853
2011-11-22,15.102367015835883
2011-11-23,15.065451317366177
2011-11-25,15.117382091411704
2011-11-28,15.134441132546966
2011-11-29,15.115065973372436
2011-11-30,15.065301933130295
2011-12-01,15.070599087809104
2011-12-02,15.07415327930776
2011-12-05,15.070920717005809
2011-12-06,14.923560402066727
2011-12-07,14.880368628010405
2011-12-08,14.883995205611695
2011-12-09,14.912872083195902
2011-12-12,14.934441504512678
2011-12-13,14.931766932145562
2011-12-14,14.90298845976211
2011-12-15,14.909986753226157
2011-12-16,14.947838094855765
2011-12-19,14.9525893828026
2011-12-20,14.96353505826691
2011-12-21,14.971355407661573
2011-12-22,14.96942461768176
2011-12-23,14.971878471655675
2011-12-27,14.972722276284776
2011-12-28,14.94906879383413
2011-12-29,14.946169766045015
2011-12-30,14.920002464966066
2012-01-03,14.909579481803954
2012-01-04,14.866289737329542
2012-01-05,14.806334229398372
2012-01-06,14.806596745120125
2012-01-09,14.811944827740993
2012-01-10,14.81571048423097
2012-01-11,14.84145103320456
2012-01-12,14.838824812122574
2012-01-13,14.837910134748537
2012-01-17,14.817564213491618
2012-01-18,14.822010508428107
2012-01-19,14.845440210826807
2012-01-20,14.747481847347236
2012-01-23,14.745949785318567
2012-01-24,14.746626768450122
2012-01-25,14.78746687455944
2012-01-26,14.80233790358386
2012-01-27,14.769553939298229
2012-01-30,14.732732745979273
2012-01-31,14.741891591103766
2012-02-01,14.754932580543604
2012-02-02,14.755985361602454
2012-02-03,14.92028348058724
2012-02-06,14.899337276013274
2012-02-07,14.8985736399982
2012-02-08,14.904754418605739
2012-02-09,14.915070543025898
2012-02-10,14.897502139084558
2012-02-13,14.892055215063445
2012-02-14,14.89124029473414
2012-02-15,14.883301285559293
2012-02-16,14.891566942738859
2012-02-17,14.89142095713341
2012-02-21,14.897259641015474
2012-02-22,14.905155291537431
2012-02-23,14.896288440204119
2012-02-24,14.89539727186858
2012-02-27,14.88754070880945
2012-02-28,14.889527860899452
2012-02-29,15.182963910648548
2012-03-01,15.15661691069438
2012-03-02,15.107802258815903
2012-03-05,15.104501708184406
2012-03-06,15.106638955956113
2012-03-07,15.097754876762515
2012-03-08,15.092528476177442
2012-03-09,15.095487410317325
2012-03-12,15.102195125269926
2012-03-13,15.211833988165255
2012-03-14,15.3691594526109
2012-03-15,15.369019671437192
2012-03-16,15.368043485949704
2012-03-19,15.368763470095592
2012-03-20,15.371978690491455
2012-03-21,15.380486380832773
2012-03-22,15.377478115320574
2012-03-23,15.386442698894564
2012-03-26,15.395007716399038
2012-03-27,15.392780248968835
2012-03-28,15.3968278156019
2012-03-29,15.390906981408811
2012-03-30,15.403538147320342
2012-04-02,15.409887633713918
2012-04-03,15.525255977251618
2012-04-04,15.518257577386725
2012-04-05,15.515009113206762
2012-04-09,15.578956569485921
2012-04-10,15.612313679661305
2012-04-11,15.62281493422108
2012-04-12,15.6239904878676
2012-04-13,15.62126293295865
2012-04-16,15.61401558649836
2012-04-17,15.581236074857234
2012-04-18,15.57910541686278
2012-04-19,15.5784682227188
2012-04-20,15.577204265662598
2012-04-23,15.577799479322458
2012-04-24,15.581027171155503
2012-04-25,15.580775472723463
2012-04-26,15.590505122848096
2012-04-27,15.582110139269217
2012-04-30,15.55442488431252
2012-05-01,15.549625347210165
2012-05-02,15.549685098928231
2012-05-03,15.550543571334945
2012-05-04,15.522847163206022
2012-05-07,15.520145192029856
2012-05-08,15.52813829004405
2012-05-09,15.535018707904305
2012-05-10,15.533602946911197
2012-05-11,15.529331226328996
2012-05-14,15.52951303626354
2012-05-15,15.533910798855585
2012-05-16,15.532185406349484
2012-05-17,15.644167394208331
2012-05-18,15.652287824322466
2012-05-21,15.642100726498159
2012-05-22,15.708289659034309
2012-05-23,15.704239034714428
2012-05-24,15.704687074062802
2012-05-25,15.71212891960175
2012-05-29,15.725237870692478
2012-05-30,15.795645740384487
2012-05-31,15.785702017810097
2012-06-01,16.02748490491206
2012-06-04,16.030143000214025
2012-06-05,16.046185143460818
2012-06-06,16.080430850423728
2012-06-07,16.1030006499931
2012-06-08,16.102990420321536
2012-06-11,16.106591413032653
2012-06-12,16.086645814446033
2012-06-13,16.090287094413277
2012-06-14,16.060444914090592
2012-06-15,16.06181041794565
2012-06-18,16.063356497050204
2012-06-19,16.092931150199725
2012-06-20,16.094127329779763
2012-06-21,16.129966540360865
2012-06-22,16.128884483547925
2012-06-25,16.13098940660198
2012-06-26,16.116088667229498
2012-06-27,16.11338565894309
2012-06-28,16.122114148815935
2012-06-29,16.1251800983673
2012-07-02,16.121499522549463
2012-07-03,16.095741364378082
2012-07-05,16.08890086564536
2012-07-06,16.090116401139504
2012-07-09,16.06613738514616
2012-07-10,16.037710736099516
2012-07-11,16.032450417474994
2012-07-12,16.024753851282295
2012-07-13,16.014417598228544
2012-07-16,16.013874832639
2012-07-17,16.02895040978507
2012-07-18,16.025766836704136
2012-07-19,16.02452702868321
2012-07-20,16.015238406041068
2012-07-23,15.9988835788587
2012-07-24,16.004627370016312
2012-07-25,16.017306199245965
2012-07-26,16.0163133107908
2012-07-27,16.0340989830758
2012-07-30,15.989530692699276
2012-07-31,15.989552514361826
2012-08-01,15.790924439420781
2012-08-02,15.791136107560336
2012-08-03,15.728166163347781
2012-08-06,15.687599474147055
2012-08-07,15.38282138905372
2012-08-08,15.37413793572856
2012-08-09,15.039859853541405
2012-08-10,14.5759271874132
2012-08-13,14.565963332840772
2012-08-14,14.599206836529897
2012-08-15,14.541107277519927
2012-08-16,14.507160181447325
2012-08-17,14.378372499888833
2012-08-20,14.34439201655281
2012-08-21,14.315602405181073
2012-08-22,14.14021482008804
2012-08-23,13.788008347353065
2012-08-24,13.769409887907937
2012-08-27,13.632758758561225
2012-08-28,13.522286570348307
2012-08-29,13.344436011834219
2012-08-30,13.2934137223773
2012-08-31,13.374625989095666
2012-09-04,13.01678307151508
2012-09-05,13.013586897012166
2012-09-06,12.769532696486095
2012-09-07,12.67516007548902
2012-09-10,12.675491267056263
2012-09-11,12.629890928284064
2012-09-12,12.64431287564505
2012-09-13,12.669263091035685
2012-09-14,12.627453052229306
2012-09-17,12.602559254550524
2012-09-18,12.616748193827169
2012-09-19,12.588372409202009
2012-09-20,12.547462602511496
2012-09-21,12.536386732497823
2012-09-24,11.959754175271804
2012-09-25,11.866238198862021
2012-09-26,11.867133688920275
2012-09-27,11.784807055570909
2012-09-28,11.759851481241302
2012-10-01,11.687588300101138
2012-10-02,11.471107116135798
2012-10-03,11.343322092255388
2012-10-04,11.345874985028441
2012-10-05,11.369508862613424
2012-10-08,11.342820030829657
2012-10-09,11.337633632119376
2012-10-10,11.327420089435371
2012-10-11,11.329356823753587
2012-10-12,11.331426937139813
2012-10-15,11.342278064930454
2012-10-16,11.333818315203931
2012-10-17,11.328168654163543
2012-10-18,11.322836469008935
2012-10-19,11.274545428874406
2012-10-22,11.275830549037007
2012-10-23,11.26379243737598
2012-10-24,10.97285168279539
2012-10-25,10.967683753997541
2012-10-26,10.935686002535776
2012-10-31,10.936566028548988
2012-11-01,10.881224507424523
2012-11-02,10.809790985655756
2012-11-05,10.819114329389592
2012-11-06,10.828448291860216
2012-11-07,10.867952998581101
2012-11-08,10.82724305780424
2012-11-09,10.773449377128928
2012-11-12,10.75689686264909
2012-11-13,10.706560395858824
2012-11-14,10.694986557632182
2012-11-15,10.688523795322274
2012-11-16,10.689148535128185
2012-11-19,10.69307957286425
2012-11-20,10.675263075185393
2012-11-21,10.674509315024592
2012-11-23,10.64546003102816
2012-11-26,10.591040552235484
2012-11-27,10.586028858863095
2012-11-28,10.544862891422882
2012-11-29,10.504094224937239
2012-11-30,10.509694885329345
2012-12-03,10.508328343989586
2012-12-04,10.502935326203485
2012-12-05,10.477490990554932
2012-12-06,10.444546393555246
2012-12-07,10.445560709113913
2012-12-10,10.439949297067423
2012-12-11,10.44159032174726
2012-12-12,10.415902371420136
2012-12-13,10.393770871449846
2012-12-14,10.377267140098988
2012-12-17,10.365751460072397
2012-12-18,10.434454292930324
2012-12-19,10.324632437889688
2012-12-20,10.330337605411005
2012-12-21,10.339207740026614
2012-12-24,10.318345544711894
2012-12-26,10.31923369315453
2012-12-27,10.310992626888694
2012-12-28,10.308620352249877
2012-12-31,10.311456345748526
2013-01-02,10.315706959343048
2013-01-03,10.375409951833957
2013-01-04,10.362004833920231
2013-01-07,10.360485971835997
2013-01-08,10.379383183742005
2013-01-09,10.3777885820769
2013-01-10,10.377410942004657
2013-01-11,10.361959680337417
2013-01-14,10.317204557454472
2013-01-15,10.330135093203474
2013-01-16,10.329931555748878
2013-01-17,10.315951155222965
2013-01-18,10.31671971603629
2013-01-22,10.287348591770723
2013-01-23,10.285020884605206
2013-01-24,10.31155647321899
2013-01-25,10.350649761448848
2013-01-28,10.28159085270086
2013-01-29,10.24087237392
2013-01-30,10.22322866809767
2013-01-31,10.218538269883831
2013-02-01,10.188736448071493
2013-02-04,10.209609421270745
2013-02-05,10.210682074696049
2013-02-06,10.00876137871954
2013-02-07,10.00621758910198
2013-02-08,10.00592081932891
2013-02-11,10.020085781487538
2013-02-12,10.006946447193634
2013-02-13,10.021748983495296
2013-02-14,10.022972297934574
2013-02-15,10.067901882052091
2013-02-19,10.072639746421649
2013-02-20,10.12337474996339
2013-02-21,10.145255639127438
2013-02-22,10.131360544767984
2013-02-25,10.162197208845186
2013-02-26,10.167528307559131
2013-02-27,10.188821191181438
2013-02-28,10.192215038878873
2013-03-01,10.18591972981816
2013-03-04,9.740336231048287
2013-03-05,9.737934559305694
2013-03-06,9.731230627566037
2013-03-07,9.728664422021076
2013-03-08,9.738005007700277
2013-03-11,9.739162128218851
2013-03-12,9.768839132290383
2013-03-13,9.761276663747179
2013-03-14,9.754250182861504
2013-03-15,9.605338672102908
2013-03-18,9.401551657948549
2013-03-19,9.402372461677148
2013-03-20,9.434938587247945
2013-03-21,9.450798899766642
2013-03-22,9.449165213699748
2013-03-25,9.432752109086714
2013-03-26,9.433360992185635
2013-03-27,9.39268674067585
2013-03-28,9.388158997710905
2013-04-01,9.398648489068462
2013-04-02,9.425692175986281
2013-04-03,9.421518659708683
2013-04-04,9.413531686733595
2013-04-05,9.574820763006917
2013-04-08,9.417056393429974
2013-04-09,9.418828997405045
2013-04-10,9.521546039662091
2013-04-11,9.406210292477818
2013-04-12,9.480118048965956
2013-04-15,10.283763721248139
2013-04-16,10.280342045142977
2013-04-17,10.284022285002578
2013-04-18,10.30491349215011
2013-04-19,10.310452748930699
2013-04-22,10.352795636544911
2013-04-23,10.36611218310428
2013-04-24,10.388432116820209
2013-04-25,10.431152581907753
2013-04-26,10.429741273032295
2013-04-29,10.433475245387125
2013-04-30,10.408618712425243
2013-05-01,10.407575746489302
2013-05-02,10.40864569105435
2013-05-03,10.459916093721356
2013-05-06,10.459421800228446
2013-05-07,10.47847679852715
2013-05-08,10.496323483622875
2013-05-09,10.519083859102428
2013-05-10,10.5401026641402
2013-05-13,10.560477201753711
2013-05-14,10.587282942726592
2013-05-15,10.617614380957487
2013-05-16,10.623103384367425
2013-05-17,10.762695965084676
2013-05-20,10.866664945455957
2013-05-21,10.686499666958452
2013-05-22,10.722112607248405
2013-05-23,10.798019934392348
2013-05-24,10.712989117283831
2013-05-28,10.795221185927579
2013-05-29,10.847914948929775
2013-05-30,10.845949756850114
2013-05-31,10.887766873543288
2013-06-03,10.844988665446424
2013-06-04,10.870055084353478
2013-06-05,10.444315791096571
2013-06-06,10.443525825645581
2013-06-07,10.62350204810593
2013-06-10,10.582319068344567
2013-06-11,10.562753480031313
2013-06-12,10.566479914330493
2013-06-13,10.574963811149349
2013-06-14,10.576336164108492
2013-06-17,10.56031589355571
2013-06-18,10.572614806013801
2013-06-19,10.619163556241741
2013-06-20,11.176758185539013
2013-06-21,11.147257457691708
2013-06-24,11.148424262142644
2013-06-25,11.123159007175037
2013-06-26,11.249618010379713
2013-06-27,11.196440683662958
2013-06-28,11.324711364892208
2013-07-01,11.367899693065567
2013-07-02,11.368532642339874
2013-07-03,11.34320561300169
2013-07-05,11.663915080469538
2013-07-08,11.712626022243393
2013-07-09,11.72523174389137
2013-07-10,11.726240906831968
2013-07-11,11.880110083945045
2013-07-12,11.871769322995993
2013-07-15,11.870057497075972
2013-07-16,11.878069274789597
2013-07-17,11.878994445893966
2013-07-18,11.877644164013539
2013-07-19,11.935001988433557
2013-07-22,12.044042350800245
2013-07-23,12.045425117996425
2013-07-24,12.107394838875829
2013-07-25,12.11753585136005
2013-07-26,12.1088271107659
2013-07-29,12.082802404443315
2013-07-30,12.083044269307901
2013-07-31,12.068071583211406
2013-08-01,12.145811538353135
2013-08-02,12.15659854400632
2013-08-05,12.154863530486738
2013-08-06,12.16388139764623
2013-08-07,12.171886858947003
2013-08-08,12.23585273454606
2013-08-09,12.222701262400664
2013-08-12,12.237541850981001
2013-08-13,12.295318542466955
2013-08-14,12.305919366771233
2013-08-15,12.307094991505455
2013-08-16,12.276397100574805
2013-08-19,12.281205629411687
2013-08-20,12.296168916865645
2013-08-21,12.307462612860375
2013-08-22,12.332076711400022
2013-08-23,12.384828209393874
2013-08-26,12.314290849569868
2013-08-27,12.350129675567644
2013-08-28,12.355390261133184
2013-08-29,12.355231954366282
2013-08-30,12.360789479855981
2013-09-03,12.351338876706516
2013-09-04,12.36732461321592
2013-09-05,12.316330900771316
2013-09-06,12.361420521760017
2013-09-09,12.359574023730604
2013-09-10,12.394080182710434
2013-09-11,12.370337071582151
2013-09-12,12.46422454491946
2013-09-13,12.468635729693089
2013-09-16,12.482191644484008
2013-09-17,12.460804007499787
2013-09-18,12.73092431477001
2013-09-19,12.732381962444611
2013-09-20,12.760819758435007
2013-09-23,12.757338046156331
2013-09-24,12.773777604661701
2013-09-25,12.785870161334216
2013-09-26,12.8015906341049
2013-09-27,12.8093005365014
2013-09-30,12.808500943185095
2013-10-01,12.885391672246591
2013-10-02,12.936522128654799
2013-10-03,12.930855455580792
2013-10-04,12.93249019181442
2013-10-07,12.951430055955322
2013-10-08,12.949985218271133
2013-10-09,12.94825709641251
2013-10-10,12.956237047239357
2013-10-11,12.966493306586875
2013-10-14,12.962299431196298
2013-10-15,12.956387529734602
2013-10-16,12.971173379572177
2013-10-17,13.12742795078123
2013-10-18,13.124091374796402
2013-10-21,13.119344448320804
2013-10-22,13.202535102931197
2013-10-23,13.200924186250644
2013-10-24,13.205181967030821
2013-10-25,13.212669582115248
2013-10-28,13.198964400132542
2013-10-29,13.199166820518222
2013-10-30,13.179922803729353
2013-10-31,13.175859919735993
2013-11-01,13.18688646250013
2013-11-04,13.147656222001373
2013-11-05,13.151293844486528
2013-11-06,13.144781025406973
2013-11-07,13.104047004657287
2013-11-08,13.1779546472568
2013-11-11,13.180232709085795
2013-11-12,13.182414145783692
2013-11-13,13.188841338656992
2013-11-14,13.223941814386523
2013-11-15,13.221558549164453
2013-11-18,13.222824093114033
2013-11-19,13.219323662740113
2013-11-20,13.348444996040044
2013-11-21,13.348321376867949
2013-11-22,13.343540030456658
2013-11-25,13.348706659609917
2013-11-26,13.348481227665218
2013-11-27,13.33477791316853
2013-11-29,13.346311693252472
2013-12-02,13.436965390780253
2013-12-03,13.443203741591892
2013-12-04,13.450619919111299
2013-12-05,13.471105976076265
2013-12-06,13.474533806812827
2013-12-09,13.491868538292836
2013-12-10,13.54701557922058
2013-12-11,13.560565672384493
2013-12-12,13.603386018411179
2013-12-13,13.623377220051465
2013-12-16,13.617775074067369
2013-12-17,13.606493152426593
2013-12-18,13.571430950589775
2013-12-19,13.619848993905164
2013-12-20,13.676035706854753
2013-12-23,13.656140005804874
2013-12-24,13.656086462408052
2013-12-26,13.653432337325503
2013-12-27,13.648678420065623
2013-12-30,13.650788619615941
2013-12-31,13.647546916264808
2014-01-02,13.685915771328643
2014-01-03,13.646975304152885
2014-01-06,13.652146510521304
2014-01-07,13.650664680815563
2014-01-08,13.633896346220274
2014-01-09,13.643709614600402
2014-01-10,13.712244876922442
2014-01-13,13.725110943816038
2014-01-14,13.73898360525497
2014-01-15,13.724977727848644
2014-01-16,13.73137499728258
2014-01-17,13.75091541040536
2014-01-21,13.75126339304147
2014-01-22,13.749137729305302
2014-01-23,13.874038934341915
2014-01-24,13.871389780594752
2014-01-27,13.869475403296539
2014-01-28,13.868828523144872
2014-01-29,13.912406566878905
2014-01-30,13.95889072768711
2014-01-31,13.969138044235585
2014-02-03,14.009519695291814
2014-02-04,13.995624180860505
2014-02-05,13.992778197330319
2014-02-06,13.98059593879556
2014-02-07,13.98758838632985
2014-02-10,13.9958566921828
2014-02-11,13.989285062189172
2014-02-12,13.99032622404345
2014-02-13,13.997748572346037
2014-02-14,14.014484472713013
2014-02-18,13.986769865864476
2014-02-19,13.995885569717922
2014-02-20,13.962750105099856
2014-02-21,13.947130965552317
2014-02-24,13.953727068358013
2014-02-25,13.888179317688595
2014-02-26,13.88373606770172
2014-02-27,13.873936084245088
2014-02-28,13.869821076660314
2014-03-03,13.941231872027915
2014-03-04,14.002903679572407
2014-03-05,14.00463159043337
2014-03-06,14.004078659125023
2014-03-07,14.01140950367917
2014-03-10,14.003907033933631
2014-03-11,14.010126842823695
2014-03-12,14.032124046839714
2014-03-13,14.058255080617027
2014-03-14,14.062901517877615
2014-03-17,14.08632333517685
2014-03-18,14.060731073882804
2014-03-19,14.109855656986475
2014-03-20,14.090916815700178
2014-03-21,14.09176915881021
2014-03-24,14.099639968420234
2014-03-25,14.09937675903961
2014-03-26,14.099310217959541
2014-03-27,14.082911021433521
2014-03-28,14.076186318833525
2014-03-31,14.07476982859002
2014-04-01,14.054906010837765
2014-04-02,14.055484435895291
2014-04-03,14.046957894039776
2014-04-04,13.959105547163603
2014-04-07,13.948768340286822
2014-04-08,13.959975746170734
2014-04-09,13.87980219407059
2014-04-10,13.899648218380701
2014-04-11,13.81550210318413
2014-04-14,13.221130344622424
2014-04-15,13.233265966448629
2014-04-16,13.228209668839424
2014-04-17,13.237300724327808
2014-04-21,13.234170555970193
2014-04-22,13.199027918326237
2014-04-23,13.192670789794535
2014-04-24,13.18166194510155
2014-04-25,13.152060840338091
2014-04-28,13.156825689736003
2014-04-29,13.15224831242554
2014-04-30,13.150185386283509
2014-05-01,13.156431899285995
2014-05-02,13.181438889350174
2014-05-05,13.137390200873499
2014-05-06,13.137893089092845
2014-05-07,13.142939136220404
2014-05-08,13.116671668968946
2014-05-09,13.100041278816883
2014-05-12,13.067063607653049
2014-05-13,13.047668370641095
2014-05-14,13.06772635707631
2014-05-15,13.042623734341719
2014-05-16,13.040481307122004
2014-05-19,12.92454654565772
2014-05-20,12.839539524910556
2014-05-21,12.83922278692737
2014-05-22,12.792811944814808
2014-05-23,12.732859467357768
2014-05-27,12.75367188220251
2014-05-28,12.685398501110454
2014-05-29,12.645120793447848
2014-05-30,12.633289085707828
2014-06-02,12.595542033612562
2014-06-03,12.542431939671847
2014-06-04,12.509366328318185
2014-06-05,12.489705611718865
2014-06-06,12.484381511992993
2014-06-09,12.30800754916117
2014-06-10,12.308752561356753
2014-06-11,12.304231556508979
2014-06-12,12.337390831269785
2014-06-13,12.323130046538283
2014-06-16,12.322462475690788
2014-06-17,12.320309138001752
2014-06-18,12.319226380989209
2014-06-19,12.318917799250103
2014-06-20,11.790577949528622
2014-06-23,11.78734882949538
2014-06-24,11.796865044354432
2014-06-25,11.779171575262605
2014-06-26,11.637751507166621
2014-06-27,11.627292166486022
2014-06-30,11.524659745085449
2014-07-01,11.502328223280916
2014-07-02,11.504966591428769
2014-07-03,11.511789926489557
2014-07-07,11.151162960487024
2014-07-08,11.115050600106379
2014-07-09,11.108853898024059
2014-07-10,11.108162035419182
2014-07-11,10.95061259763324
2014-07-14,11.04425298750514
2014-07-15,11.057113427181198
2014-07-16,11.056556707735673
2014-07-17,11.137171321127788
2014-07-18,11.145361006458053
2014-07-21,11.084144396819708
2014-07-22,10.977929913237988
2014-07-23,10.978056093730254
2014-07-24,10.90918950148234
2014-07-25,10.960992202764304
2014-07-28,10.95725076969327
2014-07-29,10.945632655276123
2014-07-30,10.978329779102049
2014-07-31,11.002937960777833
2014-08-01,10.924433346120114
2014-08-04,10.920227378178259
2014-08-05,10.900127310089621
2014-08-06,10.909935594402112
2014-08-07,10.920781647197881
2014-08-08,10.85566485974799
2014-08-11,10.856141102833947
2014-08-12,10.848088409873528
2014-08-13,10.777835505324816
2014-08-14,10.77232345243782
2014-08-15,10.768567610342835
2014-08-18,10.79230534849556
2014-08-19,10.775072456616703
2014-08-20,10.765748570890468
2014-08-21,10.745715954603371
2014-08-22,10.725122645911354
2014-08-25,10.645087565921695
2014-08-26,10.636222300654667
2014-08-27,10.587352413295639
2014-08-28,10.591622233558121
2014-08-29,10.591382244394788
2014-09-02,10.727470603719116
2014-09-03,10.737910739864395
2014-09-04,10.747943053496945
2014-09-05,10.623029682510545
2014-09-08,10.592291413794236
2014-09-09,10.59202804492708
2014-09-10,10.542183488263747
2014-09-11,10.54604615856799
2014-09-12,10.467822751526205
2014-09-15,10.46647674842976
2014-09-16,10.42969049051375
2014-09-17,10.443770524366888
2014-09-18,10.07645154362473
2014-09-19,10.074464948632027
2014-09-22,10.004163822489463
2014-09-23,10.02148093923058
2014-09-24,10.018463002812563
2014-09-25,10.030586124022381
2014-09-26,10.005012577983527
2014-09-29,9.995659855673361
2014-09-30,10.008696665019517
2014-10-01,9.955375357315766
2014-10-02,9.910736121952638
2014-10-03,9.93619277963235
2014-10-06,9.952047139554619
2014-10-07,9.964589746051006
2014-10-08,9.975506482103205
2014-10-09,9.933506274841257
2014-10-10,9.92118305072931
2014-10-13,9.918299407519088
2014-10-14,9.917912395662716
2014-10-15,9.927587332199028
2014-10-16,9.917176870471081
2014-10-17,9.724906834392032
2014-10-20,9.736894369791825
2014-10-21,9.741608272318725
2014-10-22,9.634453666110089
2014-10-23,9.667676553666727
2014-10-24,9.66405951509167
2014-10-27,9.65617588942003
2014-10-28,9.65994759029288
2014-10-29,9.676198729867924
2014-10-30,9.681396662182644
2014-10-31,9.741159232720754
2014-11-03,9.70589655725786
2014-11-04,9.707579517943747
2014-11-05,9.752152531422222
2014-11-06,9.752507757613216
2014-11-07,9.94734376582445
2014-11-10,9.877726160546475
2014-11-11,9.898124828419899
2014-11-12,9.896218962324376
2014-11-13,9.892284822588213
2014-11-14,9.963665556084827
2014-11-17,9.968482604315781
2014-11-18,9.979948565307197
2014-11-19,10.016726289425986
2014-11-20,9.834000969322176
2014-11-21,9.846816802721793
2014-11-24,9.838090748991966
2014-11-25,9.845105699976552
2014-11-26,9.844523268234457
2014-11-28,9.888002344737671
2014-12-01,10.01404145793403
2014-12-02,9.929350458034756
2014-12-03,9.947518901968214
2014-12-04,9.943665594939024
2014-12-05,9.951476846496213
2014-12-08,10.014147330192348
2014-12-09,10.076114881597203
2014-12-10,10.007951199602672
2014-12-11,9.974313518417155
2014-12-12,9.90185818125684
2014-12-15,9.984828959760941
2014-12-16,10.01809676770273
2014-12-17,10.04616711570276
2014-12-18,10.034243223915754
2014-12-19,9.961835889537014
2014-12-22,9.933715854173593
2014-12-23,9.967509510594393
2014-12-24,9.96837120348847
2014-12-26,10.023845872256324
2014-12-29,10.02534142737463
2014-12-30,10.044573320874955
2014-12-31,10.06591811694376
2015-01-02,10.050843413457075
2015-01-05,10.147563158969769
2015-01-06,10.242404045157981
2015-01-07,10.24999782888355
2015-01-08,10.280659010399768
2015-01-09,10.328149775138801
2015-01-12,10.276472405556397
2015-01-13,10.265865818657485
2015-01-14,10.241528773042461
2015-01-15,10.42781146805472
2015-01-16,10.422673740415524
2015-01-20,10.482842271254656
2015-01-21,10.488164412999286
2015-01-22,10.481776563032152
2015-01-23,10.341492091941781
2015-01-26,10.355023081348484
2015-01-27,10.328094145986073
2015-01-28,10.334339651445735
2015-01-29,10.392808168345649
2015-01-30,10.488259751065215
2015-02-02,10.501757798044835
2015-02-03,10.583188903648
2015-02-04,10.561731715005143
2015-02-05,10.567103077517489
2015-02-06,10.801155026422265
2015-02-09,10.794841586566157
2015-02-10,10.812197137518353
2015-02-11,10.822395892727833
2015-02-12,10.819463121036435
2015-02-13,10.801921413016181
2015-02-17,10.904278720562843
2015-02-18,10.910593653491404
2015-02-19,10.902120811775042
2015-02-20,10.89664399330602
2015-02-23,10.911458498740455
2015-02-24,10.918329300446533
2015-02-25,10.913248022151818
2015-02-26,10.925496843883655
2015-02-27,10.930470598363282
2015-03-02,10.990451630337576
2015-03-03,10.910123517299043
2015-03-04,10.821424313128944
2015-03-05,10.820814520292757
2015-03-06,11.109697183328764
2015-03-09,11.096236362503438
2015-03-10,11.103208272529127
2015-03-11,11.09601874422842
2015-03-12,11.044742623183826
2015-03-13,11.013344117865364
2015-03-16,11.01706393110489
2015-03-17,10.97833706879977
2015-03-18,11.142539003067983
2015-03-19,11.060182466454393
2015-03-20,11.08794348709825
2015-03-23,11.064634501025022
2015-03-24,11.065573271735753
2015-03-25,11.071409823488688
2015-03-26,11.081748422311664
2015-03-27,11.08905166374712
2015-03-30,11.116767479011733
2015-03-31,11.104103993538969
2015-04-01,11.187728720220388
2015-04-02,11.209745421468197
2015-04-06,11.213744874549631
2015-04-07,11.17292282411875
2015-04-08,11.176674419867306
2015-04-09,11.209408089687816
2015-04-10,11.224909141611306
2015-04-13,11.206578208789795
2015-04-14,11.201036203371423
2015-04-15,11.205168182263936
2015-04-16,11.19603118383834
2015-04-17,11.22420258544884
2015-04-20,11.2209862198426
2015-04-21,11.217784966889738
2015-04-22,11.313686601033579
2015-04-23,11.324578022063818
2015-04-24,11.325004740050419
2015-04-27,11.360785641585899
2015-04-28,11.353855894769662
2015-04-29,11.396592710098908
2015-04-30,11.425572231702827
2015-05-01,11.45249716240693
2015-05-04,11.424015853375465
2015-05-05,11.423129374251953
2015-05-06,11.457398331887859
2015-05-07,11.424426370708762
2015-05-08,11.428267257522904
2015-05-11,11.51548794162278
2015-05-12,11.527955960690601
2015-05-13,11.534625625269264
2015-05-14,11.496494135247543
2015-05-15,11.553024052010986
2015-05-18,11.58180877405673
2015-05-19,11.633683179339585
2015-05-20,11.633836480176711
2015-05-21,11.637720715181695
2015-05-22,11.637693810954458
2015-05-26,11.636621288801072
2015-05-27,11.610349862374422
2015-05-28,11.605538692486734
2015-05-29,11.600011744657658
2015-06-01,11.612635521568725
2015-06-02,11.603360492424674
2015-06-03,11.652554500556125
2015-06-04,11.655535682665112
2015-06-05,11.68256960250026
2015-06-08,11.682881058255505
2015-06-09,11.686304883014076
2015-06-10,11.68569212043839
2015-06-11,11.713902601804826
2015-06-12,11.67565453609992
2015-06-15,11.679059508489916
2015-06-16,11.680560371446399
2015-06-17,11.672602294594302
2015-06-18,11.666802830259414
2015-06-19,11.628581433062994
2015-06-22,11.747234902648318
2015-06-23,11.76390452474649
2015-06-24,11.754268883343086
2015-06-25,11.755699383115095
2015-06-26,11.765332476031748
2015-06-29,11.8668047997175
2015-06-30,11.865298137487766
2015-07-01,11.882744666193204
2015-07-02,11.871412685130812
2015-07-06,11.912923601836098
2015-07-07,11.909162536584459
2015-07-08,11.909188846543811
2015-07-09,11.934984380489372
2015-07-10,11.953194527994865
2015-07-13,11.95099763891881
2015-07-14,11.868837932500375
2015-07-15,11.858614861587176
2015-07-16,11.851252028167723
2015-07-17,11.760209368710381
2015-07-20,11.852281316200084
2015-07-21,11.84777172344563
2015-07-22,11.8474179960572
2015-07-23,11.854490197995101
2015-07-24,11.839426457433865
2015-07-27,11.780463956284441
2015-07-28,11.782805654756563
2015-07-29,11.783085653398413
2015-07-30,11.7538861102491
2015-07-31,11.752869674234669
2015-08-03,11.726567534627149
2015-08-04,11.726758768556833
2015-08-05,11.738730986607285
2015-08-06,11.73307193190038
2015-08-07,11.740038536873609
2015-08-10,11.740069559778044
2015-08-11,11.787521000931976
2015-08-12,11.791761008667851
2015-08-13,11.797864303771778
2015-08-14,11.789597062555458
2015-08-17,11.793164722505777
2015-08-18,11.779160279746092
2015-08-19,11.834385942343436
2015-08-20,11.910728453588407
2015-08-21,11.916792556286515
2015-08-24,11.913461950616203
2015-08-25,11.999384460570973
2015-08-26,12.112698545945644
2015-08-27,12.105370418689738
2015-08-28,12.108243014393937
2015-08-31,12.112360598605205
2015-09-01,11.99566906315027
2015-09-02,12.005521437708284
2015-09-03,11.97368108492595
2015-09-04,11.976521451982892
2015-09-08,11.986977152140302
2015-09-09,11.993609597585058
2015-09-10,11.982306734506867
2015-09-11,11.9742908032222
2015-09-14,11.934308659270258
2015-09-15,11.984710950981402
2015-09-16,11.993797772829181
2015-09-17,12.026939158265614
2015-09-18,12.077056133725566
2015-09-21,12.125908835553494
2015-09-22,12.130947479365783
2015-09-23,12.116248632522034
2015-09-24,12.183328919705266
2015-09-25,12.184505991911259
2015-09-28,12.184529414890065
2015-09-29,12.178635671791266
2015-09-30,12.181930221674323
2015-10-01,12.123119695773953
2015-10-02,12.190027940422643
2015-10-05,12.195008893204104
2015-10-06,12.19873891703259
2015-10-07,12.174091386480416
2015-10-08,12.183007623097513
2015-10-09,12.217041660183344
2015-10-12,12.221482947958627
2015-10-13,12.206052665482956
2015-10-14,12.270118313430318
2015-10-15,12.26653717802758
2015-10-16,12.269175417802897
2015-10-19,12.268297444721492
2015-10-20,12.257119406245295
2015-10-21,12.253420124121838
2015-10-22,12.25146492159082
2015-10-23,12.23665583231576
2015-10-26,12.240314152772914
2015-10-27,12.242520873150564
2015-10-28,12.254034132051839
2015-10-29,12.306334485365237
2015-10-30,12.298185550905577
2015-11-02,12.24823274045258
2015-11-03,12.301173663343203
2015-11-04,12.306764702574991
2015-11-05,12.255087416292284
2015-11-06,12.34028820792007
2015-11-09,12.182408806985574
2015-11-10,12.079898444459365
2015-11-11,12.059289872988828
2015-11-12,12.05888572330176
2015-11-13,12.05817790929237
2015-11-16,11.964676848715913
2015-11-17,11.974401661218867
2015-11-18,11.960926689760798
2015-11-19,11.959951296861906
2015-11-20,11.939655158504186
2015-11-23,11.929471553386675
2015-11-24,11.934243330203913
2015-11-25,11.922068404893542
2015-11-27,11.938298914704392
2015-11-30,11.91539359900444
2015-12-01,11.824292539674998
2015-12-02,11.797274434943706
2015-12-03,11.802787348672503
2015-12-04,11.902951478474378
2015-12-07,11.869205484306361
2015-12-08,11.807801897481069
2015-12-09,11.735317121996703
2015-12-10,11.731765777945004
2015-12-11,11.780843116404377
2015-12-14,11.835042425015233
2015-12-15,11.761766572653691
2015-12-16,11.73997525522038
2015-12-17,11.72849838847667
2015-12-18,11.766502629074907
2015-12-21,11.767616394436342
2015-12-22,11.749856477276222
2015-12-23,11.726609430362906
2015-12-24,11.74146000281678
2015-12-28,11.6906111423796
2015-12-29,11.720881384561345
2015-12-30,11.69841388785615
2015-12-31,11.686933350823013
2016-01-04,11.710075462786252
2016-01-05,11.606157591713698
2016-01-06,11.596862863554474
2016-01-07,11.620192395793536
2016-01-08,11.5887374383883
2016-01-11,11.573637099436677
2016-01-12,11.551717254572232
2016-01-13,11.576241504134922
2016-01-14,11.639881250182448
2016-01-15,11.531545685963449
2016-01-19,11.532619538276863
2016-01-20,11.515230714022177
2016-01-21,11.5056189864583
2016-01-22,11.509121811660284
2016-01-25,11.533629608221718
2016-01-26,11.534178411026911
2016-01-27,11.515736030399896
2016-01-28,11.514484876663058
2016-01-29,11.449369263046291
2016-02-01,11.27694879692774
2016-02-02,11.30460180548635
2016-02-03,11.190782465729411
2016-02-04,11.219565061153258
2016-02-05,11.244173418431531
2016-02-08,11.164451898016754
2016-02-09,11.163653867197766
2016-02-10,11.172385956334443
2016-02-11,11.400663561391795
2016-02-12,11.457965329157483
2016-02-16,11.64223294250267
2016-02-17,11.530244366452289
2016-02-18,11.66293375905499
2016-02-19,11.654531314111717
2016-02-22,11.691120928634275
2016-02-23,11.711848194168951
2016-02-24,11.69818659999565
2016-02-25,11.695354343561664
2016-02-26,11.713335613842043
2016-02-29,11.736175116471284
2016-03-01,11.747628031973267
2016-03-02,11.758315426214889
2016-03-03,11.80175689783575
2016-03-04,11.808535607764226
2016-03-07,11.536008333823132
2016-03-08,11.529681644087724
2016-03-09,11.54764963306959
2016-03-10,11.561686176933208
2016-03-11,11.646168023458372
2016-03-14,11.656932624321808
2016-03-15,11.64918569191506
2016-03-16,11.714005567456214
2016-03-17,11.557150157350813
2016-03-18,11.553155696727798
2016-03-21,11.548667650623083
2016-03-22,11.546728106109118
2016-03-23,11.545631385826244
2016-03-24,11.540520238302003
2016-03-28,11.532569248507285
2016-03-29,11.613205725886159
2016-03-30,11.650181262186402
2016-03-31,11.66409708987069
2016-04-01,11.569748717310745
2016-04-04,11.553990435853672
2016-04-05,11.609827450532388
2016-04-06,11.628768682028062
2016-04-07,11.699555066055616
2016-04-08,11.662419351950978
2016-04-11,11.660905987434727
2016-04-12,11.662284174465496
2016-04-13,11.668251300351287
2016-04-14,11.701352063586807
2016-04-15,11.7179278827751
2016-04-18,11.694110434444296
2016-04-19,11.679928473095917
2016-04-20,11.708872116480668
2016-04-21,11.61772492282779
2016-04-22,11.630761331578075
2016-04-25,11.62395806199287
2016-04-26,11.581474328864957
2016-04-27,11.595499469281416
2016-04-28,11.608318347913157
2016-04-29,11.628397996951357
2016-05-02,11.61632332081895
2016-05-03,11.62632948694511
2016-05-04,11.62643069875668
2016-05-05,11.592387794525932
2016-05-06,11.592018646154864
2016-05-09,11.622508974200771
2016-05-10,11.531400805865024
2016-05-11,11.541885771551087
2016-05-12,11.551644274602825
2016-05-13,11.565489939914531
2016-05-16,11.519469859582165
2016-05-17,11.488073552779008
2016-05-18,11.542785490686406
2016-05-19,11.542338787668655
2016-05-20,11.531612025742016
2016-05-23,11.531669928050272
2016-05-24,11.58590264104501
2016-05-25,11.590877988302848
2016-05-26,11.590729866593529
2016-05-27,11.601222721150975
2016-05-31,11.588940295714417
2016-06-01,11.577804943096343
2016-06-02,11.51740611141833
2016-06-03,11.694767821016539
2016-06-06,11.665201020057754
2016-06-07,11.665152476465355
2016-06-08,11.700071089847492
2016-06-09,11.712946840235617
2016-06-10,11.694097519985789
2016-06-13,11.706541176110571
2016-06-14,11.703867958676476
2016-06-15,11.713957624122665
2016-06-16,11.7169453855606
2016-06-17,11.715058011150916
2016-06-20,11.737399777082892
2016-06-21,11.676717710426265
2016-06-22,11.657040997431057
2016-06-23,11.693011676720435
2016-06-24,12.25485357992027
2016-06-27,12.326521952364132
2016-06-28,12.247773204787451
2016-06-29,12.228878329603022
2016-06-30,12.200003352441128
2016-07-01,12.278265678175806
2016-07-05,12.276517234031079
2016-07-06,12.27884021977678
2016-07-07,12.271192503235683
2016-07-08,12.249311266927485
2016-07-11,12.262383078234961
2016-07-12,12.376931003412949
2016-07-13,12.415078591187202
2016-07-14,12.470806282264812
2016-07-15,12.489709311197835
2016-07-18,12.485777875036266
2016-07-19,12.378691537068722
2016-07-20,12.4246673963166
2016-07-21,12.449610000165029
2016-07-22,12.450559957123625
2016-07-25,12.447061206410831
2016-07-26,12.449009660775964
2016-07-27,12.516676794830685
2016-07-28,12.519146050243558
2016-07-29,12.547702544177499
2016-08-01,12.544002716474251
2016-08-02,12.545204357186293
2016-08-03,12.542938067079138
2016-08-04,12.532725422756569
2016-08-05,12.608267351251865
2016-08-08,12.588211849981578
2016-08-09,12.602574728889898
2016-08-10,12.569737558470019
2016-08-11,12.593974089958982
2016-08-12,12.580159649116643
2016-08-15,12.585349564664629
2016-08-16,12.582030188891611
2016-08-17,12.575706741809167
2016-08-18,12.530290864046927
2016-08-19,12.485098740027277
2016-08-22,12.481853175118136
2016-08-23,12.477184619188526
2016-08-24,12.409275716821567
2016-08-25,12.292214798855047
2016-08-26,12.29962347758085
2016-08-29,12.308133606518695
2016-08-30,12.325418206559606
2016-08-31,12.3166185372017
2016-09-01,12.294697680538913
2016-09-02,12.293456771868069
2016-09-06,12.343989392678589
2016-09-07,12.321357427895139
2016-09-08,12.350016177524099
2016-09-09,12.407592268691346
2016-09-12,12.407116159299775
2016-09-13,12.444626157771827
2016-09-14,12.39002176608221
2016-09-15,12.397706672994627
2016-09-16,12.354297940979173
2016-09-19,12.30758915898565
2016-09-20,12.251087039161977
2016-09-21,12.29421903236309
2016-09-22,12.30185255896861
2016-09-23,12.230685044021843
2016-09-26,12.20629916757649
2016-09-27,12.205350351351875
2016-09-28,12.20911353908895
2016-09-29,12.185671393873584
2016-09-30,12.204330564877678
2016-10-03,12.13995926628533
2016-10-04,12.347125698549842
2016-10-05,12.33400533690012
2016-10-06,12.355932480529152
2016-10-07,12.335017819319432
2016-10-10,12.304600937256144
2016-10-11,12.2993542665298
2016-10-12,12.296108898123656
2016-10-13,12.233383564478304
2016-10-14,12.265098250360026
2016-10-17,12.266880254302684
2016-10-18,12.268812751972037
2016-10-19,12.272277581680193
2016-10-20,12.273018387987612
2016-10-21,12.273220551441623
2016-10-24,12.266372834520283
2016-10-25,12.272606066819591
2016-10-26,12.288494247071569
2016-10-27,12.281522389416594
2016-10-28,12.210520355596191
2016-10-31,12.216671713739528
2016-11-01,12.20526756376988
2016-11-02,12.157318282719906
2016-11-03,12.14949165376066
2016-11-04,12.15226062703875
2016-11-07,12.135596509146835
2016-11-08,12.143112771256822
2016-11-09,12.346718210998441
2016-11-10,12.438435518679094
2016-11-11,12.519503750311564
2016-11-14,12.541975239745646
2016-11-15,12.558733167564764
2016-11-16,12.546470121081184
2016-11-17,12.588557701139957
2016-11-18,12.57474908131084
2016-11-21,12.571239146065748
2016-11-22,12.56828383487059
2016-11-23,12.623983241978813
2016-11-25,12.625335051745623
2016-11-28,12.637292922044786
2016-11-29,12.62751991978279
2016-11-30,12.69161340041544
2016-12-01,12.683711839167648
2016-12-02,12.669645571012666
2016-12-05,12.582941499616584
2016-12-06,12.582061466018809
2016-12-07,12.595432484386146
2016-12-08,12.615360506558662
2016-12-09,12.6695703404237
2016-12-12,12.629274145811777
2016-12-13,12.561128701060678
2016-12-14,12.62218527650174
2016-12-15,12.620540312378145
2016-12-16,12.610592499478763
2016-12-19,12.592394541663312
2016-12-20,12.597199143439715
2016-12-21,12.583575049187136
2016-12-22,12.574153387855908
2016-12-23,12.56046826245327
2016-12-27,12.558745688600515
2016-12-28,12.537237303143275
2016-12-29,12.555517302761535
2016-12-30,12.55605059952436
2017-01-03,12.526367730455828
2017-01-04,12.531036172857693
2017-01-05,12.549605453508168
2017-01-06,12.554136565700212
2017-01-09,12.579389706317071
2017-01-10,12.539235697502823
2017-01-11,12.534899744286124
2017-01-12,12.514457626934577
2017-01-13,12.446301243187074
2017-01-17,12.441138576551976
2017-01-18,12.486918803955621
2017-01-19,12.438086597885919
2017-01-20,12.43455820786534
2017-01-23,12.452733432893623
2017-01-24,12.442802015798627
2017-01-25,12.473968004899039
2017-01-26,12.476476538027807
2017-01-27,12.47064406459007
2017-01-30,12.455885821148806
2017-01-31,12.493453848988851
2017-02-01,12.466965957564222
2017-02-02,12.468985433441526
2017-02-03,12.440888228727234
2017-02-06,12.450256169841008
2017-02-07,12.331158003884301
2017-02-08,12.370785697147115
2017-02-09,12.380090704107927
2017-02-10,12.155680672312027
2017-02-13,12.113924895665805
2017-02-14,11.941250981172814
2017-02-15,11.941247318059617
2017-02-16,11.813278174876402
2017-02-17,11.811514458723975
2017-02-21,11.77633652615678
2017-02-22,11.73840815984191
2017-02-23,11.753252279002854
2017-02-24,11.781859213740796
2017-02-27,11.765071987951266
2017-02-28,11.734816242248819
2017-03-01,11.703294263534527
2017-03-02,11.714979660101813
2017-03-03,11.667810055418645
2017-03-06,11.674979354546933
2017-03-07,11.684698738703071
2017-03-08,11.693213598577145
2017-03-09,11.689578426610524
2017-03-10,11.677162299281637
2017-03-13,11.601760867086545
2017-03-14,11.592204708865536
2017-03-15,11.69500271859101
2017-03-16,11.625567126992713
2017-03-17,11.63391532660373
2017-03-20,11.642683058177683
2017-03-21,11.651918271677573
2017-03-22,11.655702150041094
2017-03-23,11.642901278010635
2017-03-24,11.645480176607881
2017-03-27,11.655273338000274
2017-03-28,11.577139483444197
2017-03-29,11.519739025402796
2017-03-30,11.529766627121079
2017-03-31,11.531529225692697
2017-04-03,11.553598693258833
2017-04-04,11.492323668369478
2017-04-05,11.474147961961823
2017-04-06,11.399125175960405
2017-04-07,11.392945142945429
2017-04-10,11.378574059497778
2017-04-11,11.43719279717156
2017-04-12,11.448454577366668
2017-04-13,11.416057690436348
2017-04-17,11.393985747799675
2017-04-18,11.424708656572468
2017-04-19,11.430471642025912
2017-04-20,11.402185232931247
2017-04-21,11.402536193236532
2017-04-24,11.391484586655547
2017-04-25,11.445986699977967
2017-04-26,11.457804275504538
2017-04-27,11.441582826400571
2017-04-28,11.386794892248627
2017-05-01,11.365983121217512
2017-05-02,11.349727234812363
2017-05-03,11.356393126376037
2017-05-04,11.38038708831856
2017-05-05,11.377653592352354
2017-05-08,11.380531117914163
2017-05-09,11.351898729342818
2017-05-10,11.350861032625819
2017-05-11,11.32663001245249
2017-05-12,11.323256016441164
2017-05-15,11.299782003206747
2017-05-16,11.301349944260668
2017-05-17,11.416755839346484
2017-05-18,11.311291748800105
2017-05-19,11.31668734160217
2017-05-22,11.3169259713341
2017-05-23,11.335590195825906
2017-05-24,11.293063173306868
2017-05-25,11.288425750888162
2017-05-26,11.300405496265629
2017-05-30,11.290052468487431
2017-05-31,11.29047003764059
2017-06-01,11.289588645211005
2017-06-02,11.32720408648945
2017-06-05,11.13774961781529
2017-06-06,11.163237900778254
2017-06-07,11.17443058851676
2017-06-08,11.138219848921816
2017-06-09,11.134054812768717
2017-06-12,11.124996386791567
2017-06-13,11.108738467590747
2017-06-14,11.12047406501961
2017-06-15,11.108875499287475
2017-06-16,11.106327062504306
2017-06-19,11.109560104903863
2017-06-20,11.084837968174195
2017-06-21,11.023540558846475
2017-06-22,11.026650492414555
2017-06-23,10.991615609578053
2017-06-26,10.338130295170979
2017-06-27,10.229133363554286
2017-06-28,10.221457015731227
2017-06-29,10.240424565221911
2017-06-30,10.232256602095996
2017-07-03,10.168175975440542
2017-07-05,10.113894942442215
2017-07-06,10.112901111421493
2017-07-07,10.141043808481236
2017-07-10,10.11774899602114
2017-07-11,10.082376465310555
2017-07-12,9.966440149678906
2017-07-13,9.913917117968657
2017-07-14,9.867916789899569
2017-07-17,9.8581158597089
2017-07-18,9.891602033957863
2017-07-19,9.884401839979978
2017-07-20,9.839913816303586
2017-07-21,9.822615487990108
2017-07-24,9.820263824274456
2017-07-25,9.845629623181747
2017-07-26,9.853794194762937
2017-07-27,9.749587958626352
2017-07-28,9.772776533725219
2017-07-31,9.72588543459901
2017-08-01,9.722897633028255
2017-08-02,9.722685620651935
2017-08-03,9.74105657652705
2017-08-04,9.760661327582278
2017-08-07,9.660329066484286
2017-08-08,9.660013968671068
2017-08-09,9.675200369722956
2017-08-10,9.699470244038045
2017-08-11,9.67273821121269
2017-08-14,9.684908693996297
2017-08-15,9.698021816647323
2017-08-16,9.714128487411585
2017-08-17,9.730148003689383
2017-08-18,9.724424475196587
2017-08-21,9.706004198355075
2017-08-22,9.707083687397567
2017-08-23,9.722437246108607
2017-08-24,9.70553520598164
2017-08-25,9.711238089394907
2017-08-28,9.736054985461367
2017-08-29,9.70491402749392
2017-08-30,9.680790390314375
2017-08-31,9.709528108635991
2017-09-01,9.709674435093621
2017-09-05,9.802700785463342
2017-09-06,9.742699092923873
2017-09-07,9.796253261806163
2017-09-08,9.75714373051162
2017-09-11,9.774897556304746
2017-09-12,9.775458085128038
2017-09-13,9.75065415359501
2017-09-14,9.756919937045328
2017-09-15,9.744890133493191
2017-09-18,9.769600896757265
2017-09-19,9.769473664020213
2017-09-20,9.773226938106554
2017-09-21,9.71414784891544
2017-09-22,9.707333008742541
2017-09-25,9.744515620692795
2017-09-26,9.760793071331054
2017-09-27,9.835978141025096
2017-09-28,9.832986880090335
2017-09-29,9.833352409467285
2017-10-02,9.823457597108899
2017-10-03,9.820144526211559
2017-10-04,9.539449186805708
2017-10-05,9.545202442920615
2017-10-06,9.517290780867027
2017-10-09,9.534237530704848
2017-10-10,9.536022537279692
2017-10-11,9.532585614509063
2017-10-12,9.535124388345404
2017-10-13,9.558620885979234
2017-10-16,9.515111336716412
2017-10-17,9.508485369999526
2017-10-18,9.510787549134967
2017-10-19,9.512900990775643
2017-10-20,9.550240160543161
2017-10-23,9.551077578301124
2017-10-24,9.558584096100796
2017-10-25,9.547123760604686
2017-10-26,9.545181849415918
2017-10-27,9.552059129057419
2017-10-30,9.568695707350441
2017-10-31,9.559097130880799
2017-11-01,9.562106234016916
2017-11-02,9.547136202787009
2017-11-03,9.5469523244337
2017-11-06,9.554486035246622
2017-11-07,9.46122438052874
2017-11-08,9.452459390405009
2017-11-09,9.196262320418567
2017-11-10,9.148697949615388
2017-11-13,9.040416579484386
2017-11-14,9.019601096697647
2017-11-15,9.00715665537405
2017-11-16,9.014400470671296
2017-11-17,9.006482767616744
2017-11-20,9.011333046798477
2017-11-21,9.009378796228438
2017-11-22,9.028887923845113
2017-11-24,8.950446994395046
2017-11-27,8.947861284176216
2017-11-28,8.906090140616003
2017-11-29,8.945334392403693
2017-11-30,8.834047484223502
2017-12-01,8.849758244806791
2017-12-04,8.831152620558756
2017-12-05,8.82508090061287
2017-12-06,8.824329941899855
2017-12-07,8.872441214353405
2017-12-08,8.841709754469553
2017-12-11,8.768047599042356
2017-12-12,8.764451896269684
2017-12-13,8.798356163701095
2017-12-14,8.695822406063515
2017-12-15,8.686375749438115
2017-12-18,8.688815820342054
2017-12-19,8.681309114129267
2017-12-20,8.668510347509898
2017-12-21,8.672015481803843
2017-12-22,8.673313256774097
2017-12-26,8.682239692343808
2017-12-27,8.718196607078035
2017-12-28,8.70765087250954
2017-12-29,8.679288245721915
2018-01-02,8.674971869784972
2018-01-03,8.656831732600804
2018-01-04,8.653098849443037
2018-01-05,8.522883420132517
2018-01-08,8.478984696746611
2018-01-09,8.495132468528599
2018-01-10,8.493837263361188
2018-01-11,8.49558972684241
2018-01-12,8.52104146555793
2018-01-16,8.523870259617619
2018-01-17,8.45306100851996
2018-01-18,8.403246479217193
2018-01-19,8.393195034633901
2018-01-22,8.39391703454712
2018-01-23,8.367856363005066
2018-01-24,8.35199425598998
2018-01-25,8.281802470070517
2018-01-26,8.277137187832741
2018-01-29,8.300338526739932
2018-01-30,8.318089540321916
2018-01-31,8.278565830358726
2018-02-01,8.285125437376138
2018-02-02,8.36204011022465
2018-02-05,8.381329933432044
2018-02-06,8.371457259007553
2018-02-07,8.399601688076187
2018-02-08,8.342804895505795
2018-02-09,8.295849653137333
2018-02-12,8.307407076193758
2018-02-13,8.305847674937462
2018-02-14,8.304110955538729
2018-02-15,8.306652173578076
2018-02-16,8.290800065943552
2018-02-20,8.340395812669357
2018-02-21,8.384583034781127
2018-02-22,8.392572199745597
2018-02-23,8.38108241125754
2018-02-26,8.337712572421246
2018-02-27,8.34166265802925
2018-02-28,8.342641342026756
2018-03-01,8.293798479289832
2018-03-02,8.254387866868658
2018-03-05,8.257334585193577
2018-03-06,8.255307973119038
2018-03-07,8.244652128034266
2018-03-08,8.223604104138593
2018-03-09,8.20085563503353
2018-03-12,8.2009736496343
2018-03-13,8.200445133275297
2018-03-14,8.209007731181954
2018-03-15,8.076543790729005
2018-03-16,8.082669538672251
2018-03-19,8.072858691615618
2018-03-20,8.074246317259094
2018-03-21,8.082154638465683
2018-03-22,8.081273604552644
2018-03-23,8.101339069692294
2018-03-26,8.09796206237662
2018-03-27,8.0857644184986
2018-03-28,8.08714685506318
2018-03-29,8.080967365397553
2018-04-02,8.069624057924644
2018-04-03,8.104725102322096
2018-04-04,8.070068944762918
2018-04-05,8.094163574972848
2018-04-06,8.129058569761195
2018-04-09,8.127794119575663
2018-04-10,8.12714490518674
2018-04-11,8.142768477572378
2018-04-12,8.115280873172054
2018-04-13,8.104301364171656
2018-04-16,8.095661387540902
2018-04-17,8.091495246570139
2018-04-18,8.052034866924183
2018-04-19,8.035596840057215
2018-04-20,8.069896331642648
2018-04-23,8.078162058970962
2018-04-24,8.056386679401392
2018-04-25,8.005812391407895
2018-04-26,7.991025259671711
2018-04-27,8.010031483203376
2018-04-30,8.01076389016791
2018-05-01,7.980349626826786
2018-05-02,7.977185833355345
2018-05-03,7.9622557305559365
2018-05-04,7.926917778666317
2018-05-07,7.926352457082269
2018-05-08,7.916466388378153
2018-05-09,7.921144010281721
2018-05-10,7.954017561142817
2018-05-11,7.952050637054899
2018-05-14,7.95095282481663
2018-05-15,8.07318420580344
2018-05-16,8.068186866089674
2018-05-17,7.9058787813524765
2018-05-18,7.910843171155285
2018-05-21,7.902590253747919
2018-05-22,7.902959191811209
2018-05-23,7.886407989176044
2018-05-24,7.914815365525923
2018-05-25,7.916162054865437
2018-05-29,7.971974718935637
2018-05-30,7.976218236743607
2018-05-31,7.972281404073122
2018-06-01,7.988952387483213
2018-06-04,7.941939964657959
2018-06-05,7.943952344520173
2018-06-06,7.908673980301725
2018-06-07,7.906354278636798
2018-06-08,7.8934774367770615
2018-06-11,7.875283144583029
2018-06-12,7.876280990877526
2018-06-13,7.877056126335435
2018-06-14,7.876692073575932
2018-06-15,7.910546521870069
2018-06-18,7.911044980607646
2018-06-19,7.899670912713879
2018-06-20,7.920130444504412
2018-06-21,7.918226184075218
2018-06-22,7.91411352502972
2018-06-25,7.912018358588299
2018-06-26,7.910105441277703
2018-06-27,7.904992824439791
2018-06-28,7.905190986752551
2018-06-29,7.877143773452944
2018-07-02,7.8920876996285125
2018-07-03,7.867814145716357
2018-07-05,7.871436522752224
2018-07-06,7.859246414692758
2018-07-09,7.81862597207551
2018-07-10,7.818007954979064
2018-07-11,7.82500824691415
2018-07-12,7.810538926059073
2018-07-13,7.800207651483435
2018-07-16,7.790099660478498
2018-07-17,7.808237498691461
2018-07-18,7.770905915331879
2018-07-19,7.771602963536056
2018-07-20,7.77393073152203
2018-07-23,7.793826789610142
2018-07-24,7.794616457820461
2018-07-25,7.754810813539989
2018-07-26,7.754225730299563
2018-07-27,7.750166156805005
2018-07-30,7.724047299774891
2018-07-31,7.735416086155904
2018-08-01,7.766685368230724
2018-08-02,7.7686222331749795
2018-08-03,7.757000188083039
2018-08-06,7.718028612146633
2018-08-07,7.719180934874496
2018-08-08,7.721822820483364
2018-08-09,7.678950829963852
2018-08-10,7.6442736185358156
2018-08-13,7.685738108207671
2018-08-14,7.662801963633486
2018-08-15,7.658720715024785
2018-08-16,7.6374947903248005
2018-08-17,7.629495853643944
2018-08-20,7.653006682269318
2018-08-21,7.645910393434909
2018-08-22,7.642388108905218
2018-08-23,7.632164817874049
2018-08-24,7.68890670138224
2018-08-27,7.67927979216329
2018-08-28,7.669721797182734
2018-08-29,7.675916769527239
2018-08-30,7.67677341347648
2018-08-31,7.640642037996657
2018-09-04,7.653896503037987
2018-09-05,7.530364331699594
2018-09-06,7.517854912477528
2018-09-07,7.461599200664673
2018-09-10,7.462610915100229
2018-09-11,7.360404129202517
2018-09-12,7.381597023489885
2018-09-13,7.361574580007165
2018-09-14,7.367468130351705
2018-09-17,7.370386207478558
2018-09-18,7.356449545139592
2018-09-19,7.356854220036341
2018-09-20,7.36141809329634
2018-09-21,7.359168956889249
2018-09-24,7.349349568788611
2018-09-25,7.298816855701906
2018-09-26,7.272979859398971
2018-09-27,7.181999933500423
2018-09-28,7.184933991383437
2018-10-01,7.196773544331005
2018-10-02,7.241667738740654
2018-10-03,7.31732318680185
2018-10-04,7.321691886367896
2018-10-05,7.313587130580549
2018-10-08,7.346040803219955
2018-10-09,7.343383215562807
2018-10-10,7.339491019653897
2018-10-11,7.577093319127005
2018-10-12,7.582085433960091
2018-10-15,7.551200734090759
2018-10-16,7.543021789178199
2018-10-17,7.5438317911937425
2018-10-18,7.527702115437601
2018-10-19,7.516844028004443
2018-10-22,7.472674974861777
2018-10-23,7.485277696437322
2018-10-24,7.486925088878194
2018-10-25,7.490056849452115
2018-10-26,7.483026813698351
2018-10-29,7.466306488626447
2018-10-30,7.456529259753205
2018-10-31,7.472808460763731
2018-11-01,7.494273384600558
2018-11-02,7.512712485978927
2018-11-05,7.512993892259695
2018-11-06,7.487320079268705
2018-11-07,7.487640247616635
2018-11-08,7.4875993467687945
2018-11-09,7.488786646902675
2018-11-12,7.400452362079677
2018-11-13,7.397675022237876
2018-11-14,7.397881767805455
2018-11-15,7.380782050816381
2018-11-16,7.400548649635362
2018-11-19,7.336035861639662
2018-11-20,7.308998177922008
2018-11-21,7.3047730282417325
2018-11-23,7.276257260997112
2018-11-26,7.273739253840879
2018-11-27,7.2751431162928855
2018-11-28,7.274700338712977
2018-11-29,7.241849202534664
2018-11-30,7.223148561754836
2018-12-03,7.206659417772084
2018-12-04,7.297576348963417
2018-12-06,7.299225538096769
2018-12-07,7.3166580180845
2018-12-10,7.24147744392903
2018-12-11,7.241721448174003
2018-12-12,7.236565646113285
2018-12-13,7.239794033112034
2018-12-14,7.193670801694853
2018-12-17,7.221690724906822
2018-12-18,7.2280191370800715
2018-12-19,7.233907538766654
2018-12-20,7.23253581857392
2018-12-21,7.223842832364226
2018-12-24,7.258397622542879
2018-12-26,7.283351327838243
2018-12-27,7.277096802900981
2018-12-28,7.255327026408053
2018-12-31,7.2572878119068225
2019-01-02,7.2519934677834685
2019-01-03,7.323378358405409
2019-01-04,7.388660548333261
2019-01-07,7.384331848661157
2019-01-08,7.386537614229529
2019-01-09,7.390665664252801
2019-01-10,7.361222365993148
2019-01-11,7.366492803284462
2019-01-14,7.35722377374112
2019-01-15,7.3288412875699205
2019-01-16,7.325946216696646
2019-01-17,7.311234341632251
2019-01-18,7.322904935736251
2019-01-22,7.341520867303075
2019-01-23,7.3405379540133175
2019-01-24,7.3299226289288315
2019-01-25,7.338735218095075
2019-01-28,7.339454054928109
2019-01-29,7.357851592204495
2019-01-30,7.335217347197728
2019-01-31,7.331312425743253
2019-02-01,7.315484548561011
2019-02-04,7.307197695650822
2019-02-05,7.227966090159439
2019-02-06,7.21040318219049
2019-02-07,7.174762074825226
2019-02-08,7.14912126590129
2019-02-11,7.163486735769814
2019-02-12,7.151732298599139
2019-02-13,7.148503793792774
2019-02-14,7.152746064260983
2019-02-15,7.156347842547201
2019-02-19,7.206547168311865
2019-02-20,7.209890133035586
2019-02-21,7.226306639563244
2019-02-22,7.190146042454499
2019-02-25,7.182618179379339
2019-02-26,7.180244620694524
2019-02-27,7.239813337582904
2019-02-28,7.229225204953349
2019-03-01,7.34566971236325
2019-03-04,7.346707298830594
2019-03-05,7.34730205801494
2019-03-06,7.345165228249937
2019-03-07,7.327430706344163
2019-03-08,7.35597441183552
2019-03-11,7.365046352390238
2019-03-12,7.387646089769388
2019-03-13,7.386472933116435
2019-03-14,7.439549363281474
2019-03-15,7.449246366147257
2019-03-18,7.442193351257899
2019-03-19,7.435930794301119
2019-03-20,7.48264205085433
2019-03-21,7.470522626806218
2019-03-22,7.466527474318616
2019-03-25,7.47467793021818
2019-03-26,7.456530005507528
2019-03-27,7.4586899513956
2019-03-28,7.475229750328097
2019-03-29,7.453638013522087
2019-04-01,7.505501385212281
2019-04-02,7.4797612709535235
2019-04-03,7.457644294768123
2019-04-04,7.46221618511849
2019-04-05,7.4348397453318675
2019-04-08,7.39447229721389
2019-04-09,7.40191868883042
2019-04-10,7.406822651215346
2019-04-11,7.445149972506312
2019-04-12,7.394910541216183
2019-04-15,7.381703253254291
2019-04-16,7.420606174831049
2019-04-17,7.418580342745501
2019-04-18,7.416048856057799
2019-04-22,7.402632018517159
2019-04-23,7.364996643738289
2019-04-24,7.375033409088526
2019-04-25,7.375122446828001
2019-04-26,7.361068421615594
2019-04-29,7.37995999897117
2019-04-30,7.367317319977306
2019-05-01,7.3630749083261575
2019-05-02,7.356084867778009
2019-05-03,7.368050422927973
2019-05-06,7.355669765729405
2019-05-07,7.373382680200643
2019-05-08,7.381316992466473
2019-05-09,7.387881134414979
2019-05-10,7.376142705583315
2019-05-13,7.393450572480287
2019-05-14,7.397419789724764
2019-05-15,7.386363585665928
2019-05-16,7.2718979621445445
2019-05-17,7.270873733269982
2019-05-20,7.267899696290993
2019-05-21,7.258135011814644
2019-05-22,7.261386669459669
2019-05-23,7.319311946949493
2019-05-24,7.30901683897727
2019-05-28,7.265880165843586
2019-05-29,7.266092046463559
2019-05-30,7.2265097666893325
2019-05-31,7.332666537664508
2019-06-03,7.401180637814821
2019-06-04,7.404407041747083
2019-06-05,7.3935936398313356
2019-06-06,7.394039716582236
2019-06-07,7.414300822834313
2019-06-10,7.469661454111421
2019-06-11,7.4689691203403585
2019-06-12,7.473805507475448
2019-06-13,7.485000980865333
2019-06-14,7.484820487591472
2019-06-17,7.470585228756272
2019-06-18,7.440755468831392
2019-06-19,7.446427460601025
2019-06-20,7.566012376147623
2019-06-21,7.537399673624389
2019-06-24,7.611404433541992
2019-06-25,7.613853098754948
2019-06-26,7.657831320682737
2019-06-27,7.6584962726859445
2019-06-28,7.657413573548283
2019-07-01,7.739235801237931
2019-07-02,7.864989416787546
2019-07-03,7.852276219549633
2019-07-05,7.922486574872861
2019-07-08,7.923461914760715
2019-07-09,7.9241841325234175
2019-07-10,7.934417721618469
2019-07-11,8.014734791516677
2019-07-12,8.011839635755454
2019-07-15,8.013959530825321
2019-07-16,8.036557768504341
2019-07-17,8.13812514218187
2019-07-18,8.135600534532164
2019-07-19,8.182936399093641
2019-07-22,8.182858193517324
2019-07-23,8.19835625166576
2019-07-24,8.157921244357524
2019-07-25,8.182554485960855
2019-07-26,8.182630515565126
2019-07-29,8.169990355325767
2019-07-30,8.173147000066578
2019-07-31,8.173309879738651
2019-08-01,8.434907747740253
2019-08-02,8.395201023929012
2019-08-05,8.521128785243377
2019-08-06,8.545212581824975
2019-08-07,8.568262377172113
2019-08-08,8.569781385989698
2019-08-09,8.576099341251968
2019-08-12,8.691605693730489
2019-08-13,8.70540275324504
2019-08-14,8.762115889144319
2019-08-15,8.796676317091285
2019-08-16,8.811720886896161
2019-08-19,8.921503498367677
2019-08-20,8.948081990205079
2019-08-21,8.953203008396375
2019-08-22,8.969180694712945
2019-08-23,9.126548632557796
2019-08-26,9.11807951622171
2019-08-27,9.14861750266151
2019-08-28,9.148197023511415
2019-08-29,9.136357873412289
2019-08-30,9.13642261756915
2019-09-03,9.157801849806022
2019-09-04,9.1585132904209
2019-09-05,9.403252843746035
2019-09-06,9.40448637515617
2019-09-09,9.474986751681424
2019-09-10,9.555758915024965
2019-09-11,9.55644355043843
2019-09-12,9.551584757474556
2019-09-13,9.66950199217123
2019-09-16,9.716851781570718
2019-09-17,9.699579773167635
2019-09-18,9.699658447556807
2019-09-19,9.679323024204773
2019-09-20,9.746575756420794
2019-09-23,9.743204383735208
2019-09-24,9.763193661577434
2019-09-25,9.919185954090949
2019-09-26,9.921415108140755
2019-09-27,9.92393754027971
2019-09-30,9.939405562401728
2019-10-01,9.944613860735537
2019-10-02,9.948697863609105
2019-10-03,9.934894122881511
2019-10-04,9.869678105020018
2019-10-07,9.905532673816904
2019-10-08,9.909288723501621
2019-10-09,9.88057603125287
2019-10-10,9.954743163652303
2019-10-11,10.00372882789832
2019-10-14,9.853645278401187
2019-10-15,9.896279314900461
2019-10-16,9.89715167548246
2019-10-17,9.897897878461087
2019-10-18,9.891334707927971
2019-10-21,9.916027677325058
2019-10-22,9.921234438639045
2019-10-23,9.917628231556407
2019-10-24,9.912290910409604
2019-10-25,9.906053937466027
2019-10-28,9.945418643101341
2019-10-29,9.939791212080914
2019-10-30,9.974906981912854
2019-10-31,10.018249884561856
2019-11-01,10.00057057243242
2019-11-04,10.022550616222706
2019-11-05,10.10514968072284
2019-11-06,10.114467587962107
2019-11-07,10.266804991760642
2019-11-08,10.284743998125107
2019-11-11,10.284310592281
2019-11-12,10.284936678572851
2019-11-13,10.293995333761316
2019-11-14,10.313711296600552
2019-11-15,10.310679140792622
2019-11-18,10.31179961398077
2019-11-19,10.301907521410984
2019-11-20,10.311920362016064
2019-11-21,10.333477025444976
2019-11-22,10.334040591240862
2019-11-25,10.335263773261618
2019-11-26,10.342173210529127
2019-11-27,10.348853095337029
2019-11-29,10.348667155582486
2019-12-02,10.374067550972965
2019-12-03,10.473324423684254
2019-12-04,10.47337330319242
2019-12-05,10.423363998749645
2019-12-06,10.457390633865732
2019-12-09,10.448562988234313
2019-12-10,10.4488004537042
2019-12-11,10.469162938518176
2019-12-12,10.522592400197414
2019-12-13,10.543755161376932
2019-12-16,10.55639898449852
2019-12-17,10.542136034943377
2019-12-18,10.54686763126554
2019-12-19,10.54382212379915
2019-12-20,10.530803895241824
2019-12-23,10.52686384970559
2019-12-24,10.515839704866197
2019-12-26,10.498432488846191
2019-12-27,10.493501243622962
2019-12-30,10.479505657208724
2019-12-31,10.487424695388185
2020-01-02,10.520712401783975
2020-01-03,10.565481005125074
2020-01-06,10.51403243292914
2020-01-07,10.514601852807541
2020-01-08,10.537937081161836
2020-01-09,10.53787117012313
2020-01-10,10.537216230480716
2020-01-13,10.551798824739128
2020-01-14,10.55193131484767
2020-01-15,10.560922167224282
2020-01-16,10.564490067324941
2020-01-17,10.571575797616951
2020-01-21,10.554691871134345
2020-01-22,10.546084249776086
2020-01-23,10.551945543363628
2020-01-24,10.568692301082605
2020-01-27,10.61139781167619
2020-01-28,10.651140626712587
2020-01-29,10.663207439119882
2020-01-30,10.66199825953406
2020-01-31,10.676266660326766
2020-02-03,10.674660886750424
2020-02-04,10.754995005888217
2020-02-05,10.765709869902803
2020-02-06,10.767114884530077
2020-02-07,10.782010282164627
2020-02-10,10.778712233391754
2020-02-11,10.777878726707899
2020-02-12,10.783743907336817
2020-02-13,10.781296358112721
2020-02-14,10.775983955230288
2020-02-18,10.809666527437882
2020-02-19,10.781398437100894
2020-02-20,10.789448489037055
2020-02-21,10.792271176466265
2020-02-24,10.841411564653573
2020-02-25,10.861447566624825
2020-02-26,10.859556305508521
2020-02-27,10.821655432352463
2020-02-28,10.836878301471685
2020-03-02,10.74518602099509
2020-03-03,10.971819199450785
2020-03-04,10.985355637757577
2020-03-05,11.202550538682452
2020-03-06,11.471810480115986
2020-03-09,11.528721383866905
2020-03-10,12.130963824240233
2020-03-11,12.307393287089765
2020-03-12,12.43700201452219
2020-03-13,12.703185171377125
2020-03-16,12.947551913697767
2020-03-17,13.243476747739388
2020-03-18,13.826717670425637
2020-03-19,13.809168801602075
2020-03-20,14.475850195354935
2020-03-23,15.023779443834673
2020-03-24,15.083486948664415
2020-03-25,15.105545101927676
2020-03-26,15.125637771797892
2020-03-27,15.139166037505795
2020-03-30,15.141717799016304
2020-03-31,15.256449117819042
2020-04-01,15.292605881823503
2020-04-02,15.314402797927839
2020-04-03,15.315701794531005
2020-04-06,15.357351805782043
2020-04-07,15.38419378701369
2020-04-08,15.408934717068341
2020-04-09,15.461055058131558
2020-04-13,15.427612474789505
2020-04-14,15.420812708732752
2020-04-15,15.44928266383527
2020-04-16,15.428468670884222
2020-04-17,15.530156846089715
2020-04-20,15.542023392763552
2020-04-21,15.538490605528159
2020-04-22,15.541755430790776
2020-04-23,15.54882139405395
2020-04-24,15.549647988556961
2020-04-27,15.608133861020162
2020-04-28,15.595406256141096
2020-04-29,15.593234477641712
2020-04-30,15.675948742291654
2020-05-01,15.67813935513026
2020-05-04,15.676084379551371
2020-05-05,15.67757284024658
2020-05-06,15.75121821781317
2020-05-07,15.813521089775408
2020-05-08,15.848756152150198
2020-05-11,15.869759548529082
2020-05-12,15.861293435743862
2020-05-13,15.873538899581195
2020-05-14,15.893436273200564
2020-05-15,15.880194986400998
2020-05-18,15.95744624017991
2020-05-19,15.965302535782735
2020-05-20,15.96282155567884
2020-05-21,15.978973299411425
2020-05-22,15.96464628971301
2020-05-26,16.03572752728407
2020-05-27,16.036031453886455
2020-05-28,16.03643287696053
2020-05-29,16.034694326309904
2020-06-01,15.992156428303467
2020-06-02,15.975472997307227
2020-06-03,16.052348698033914
2020-06-04,16.053075173406082
2020-06-05,16.118793742183872
2020-06-08,16.119525526985747
2020-06-09,16.11256125265623
2020-06-10,16.16865057472669
2020-06-11,16.17464339952973
2020-06-12,16.17839365817778
2020-06-15,16.179181634894725
2020-06-16,16.20373046381513
2020-06-17,16.199900063029826
2020-06-18,16.200971857790293
2020-06-19,16.157105465716516
2020-06-22,16.155866367033443
2020-06-23,16.123626146931475
2020-06-24,16.125112475558144
2020-06-25,16.101413378434177
2020-06-26,16.113692911394896
2020-06-29,16.11526396123684
2020-06-30,16.071719229195608
2020-07-01,16.020241588881774
2020-07-02,16.016609761083036
2020-07-06,15.961843162422323
2020-07-07,15.984293515040328
2020-07-08,15.984198329958813
2020-07-09,15.988648567711666
2020-07-10,15.950908762970373
2020-07-13,15.949157248172014
2020-07-14,15.949364251719336
2020-07-15,15.937624182474163
2020-07-16,15.891708866046294
2020-07-17,15.881345198784059
2020-07-20,15.854613051862849
2020-07-21,15.8634282768229
2020-07-22,15.869694200165164
2020-07-23,15.891753899406902
2020-07-24,15.878984148253162
2020-07-27,15.893465303712068
2020-07-28,15.904794924476574
2020-07-29,15.904810534544634
2020-07-30,15.901210042479097
2020-07-31,15.770493417377745
2020-08-03,15.772712039295302
2020-08-04,15.770655653532053
2020-08-05,15.755592229809816
2020-08-06,15.763416627363357
2020-08-07,15.810307764663404
2020-08-10,15.81393694361031
2020-08-11,16.119551250518782
2020-08-12,16.128645751627626
2020-08-13,16.07944520873319
2020-08-14,16.06650958206895
2020-08-17,16.08597918053109
2020-08-18,16.041346821377612
2020-08-19,16.14445272591602
2020-08-20,16.149993954842532
2020-08-21,16.141833780995903
2020-08-24,16.05752856104779
2020-08-25,16.060196045877582
2020-08-26,16.020900694621783
2020-08-27,16.091457053837754
2020-08-28,16.097385084496135
2020-08-31,16.10067315143495
2020-09-01,16.095741236268076
2020-09-02,16.094724666258294
2020-09-03,15.946058325181028
2020-09-04,15.970467685104103
2020-09-08,15.928608377155033
2020-09-09,15.86906233418701
2020-09-10,15.868565847024314
2020-09-11,15.865450628704941
2020-09-14,15.78841471392827
2020-09-15,15.763032090081042
2020-09-16,15.76088067378995
2020-09-17,15.761133296322766
2020-09-18,15.75996455725873
2020-09-21,15.73955766503905
2020-09-22,15.742598960081164
2020-09-23,15.760905281105739
2020-09-24,15.66621444970136
2020-09-25,15.666107477753933
2020-09-28,15.667189277962533
2020-09-29,15.654784776312018
2020-09-30,15.674979998273837
2020-10-01,15.668923476320566
2020-10-02,15.660300944243767
2020-10-05,15.678456207205787
2020-10-06,15.65646545785837
2020-10-07,15.655215846911556
2020-10-08,15.65673683347324
2020-10-09,15.626994101612576
2020-10-12,15.596154937364807
2020-10-13,15.597138772719985
2020-10-14,15.563447268130677
2020-10-15,15.561223667268653
2020-10-16,15.565702075043205
2020-10-19,15.56706193544019
2020-10-20,15.554544669242219
2020-10-21,15.550945231643734
2020-10-22,15.589367888038375
2020-10-23,15.589335012191368
2020-10-26,15.592133808414511
2020-10-27,15.56645414948186
2020-10-28,15.588436156919101
2020-10-29,15.580390778259572
2020-10-30,15.545466504602713
2020-11-02,15.56423734774671
2020-11-03,15.539403455993579
2020-11-04,15.500530148536136
2020-11-05,15.536667344280154
2020-11-06,15.445740489459379
2020-11-09,15.806488860058723
2020-11-10,15.806919107133162
2020-11-11,15.804848668702126
2020-11-12,15.834648133509585
2020-11-13,15.822784569822813
2020-11-16,15.821924184558464
2020-11-17,15.821264357980517
2020-11-18,15.818726055036512
2020-11-19,15.812176935498133
2020-11-20,15.806284075474979
2020-11-23,15.85963937456129
2020-11-24,15.916162562483922
2020-11-25,15.911481981529777
2020-11-27,15.904404656314444
2020-11-30,15.91077291570082
2020-12-01,15.894093149847816
2020-12-02,15.82829663124971
2020-12-03,15.831892823628793
2020-12-04,15.85794044944093
2020-12-07,15.87437226321871
2020-12-08,15.87782191768632
2020-12-09,15.916068999444356
2020-12-10,15.904659611936902
2020-12-11,15.868958856268891
2020-12-14,15.860056770105578
2020-12-15,15.857718673548007
2020-12-16,15.85706040451456
2020-12-17,15.852615323336172
2020-12-18,15.855255698108143
2020-12-21,15.855265681378045
2020-12-22,15.856749821806432
2020-12-23,15.847947232005792
2020-12-24,15.845173695911393
2020-12-28,15.846874942397507
2020-12-29,15.846198993641147
2020-12-30,15.844472985983566
2020-12-31,15.82261765292043
2021-01-04,15.794934013607067
2021-01-05,15.796879703606765
2021-01-06,15.913814193754018
2021-01-07,15.907226204248188
2021-01-08,16.02623034901131
2021-01-11,16.013309032915604
2021-01-12,16.004293482541275
2021-01-13,16.006154204804595
2021-01-14,16.005789227391592
2021-01-15,16.010290959820924
2021-01-19,16.01416654115985
2021-01-20,16.025806810829717
2021-01-21,16.031343130917357
2021-01-22,16.028786254815184
2021-01-25,16.026355087712478
2021-01-26,15.993325207413953
2021-01-27,15.97016204482546
2021-01-28,15.956885827392426
2021-01-29,15.961116051998905
2021-02-01,15.953060219526376
2021-02-02,15.977929199736948
2021-02-03,15.928286236047898
2021-02-04,15.969563459467073
2021-02-05,15.963203973264667
2021-02-08,15.961765143877315
2021-02-09,15.960960749327551
2021-02-10,15.96104444299849
2021-02-11,15.975350211438863
2021-02-12,15.990380264827422
2021-02-16,16.058398478685177
2021-02-17,16.03259066627457
2021-02-18,16.032096453627364
2021-02-19,16.029065885439984
2021-02-22,15.988281234223667
2021-02-23,15.947230423481399
2021-02-24,15.938740049711644
2021-02-25,16.03828490308077
2021-02-26,16.034964780357125
2021-03-01,16.037323888777387
2021-03-02,16.039320664828868
2021-03-03,15.907827626810652
2021-03-04,15.922490671735718
2021-03-05,15.75376891444344
2021-03-08,15.560184650217936
2021-03-09,15.592849354231621
2021-03-10,15.159536374657842
2021-03-11,15.027995653000339
2021-03-12,14.970432444885544
2021-03-15,14.734202901369166
2021-03-16,14.497593342617247
2021-03-17,14.244122528695428
2021-03-18,13.720553339237332
2021-03-19,13.723908779275787
2021-03-22,13.00543442374238
2021-03-23,12.31116605984991
2021-03-24,12.227712407933337
2021-03-25,12.215339211848015
2021-03-26,12.181958876950478
2021-03-29,12.179564086990833
2021-03-30,12.191671746688966
2021-03-31,12.037289108105526
2021-04-01,12.068700876134951
2021-04-05,12.015414690159973
2021-04-06,12.033310708517828
2021-04-07,11.974651269458496
2021-04-08,11.98937241295288
2021-04-09,11.97528523841154
2021-04-12,11.895297682343939
2021-04-13,11.911551382142283
2021-04-14,11.90965919458886
2021-04-15,11.975329150128509
2021-04-16,11.962711305778775
2021-04-19,11.85373774856181
2021-04-20,11.835842716756805
2021-04-21,11.847936434536843
2021-04-22,11.837745498904916
2021-04-23,11.81468060630943
2021-04-26,11.81484579630747
2021-04-27,11.761332682040562
2021-04-28,11.757007389185237
2021-04-29,11.761465259682888
2021-04-30,11.668355332269376
2021-05-03,11.664751645838328
2021-05-04,11.664696113193044
2021-05-05,11.668577506581277
2021-05-06,11.616103200806142
2021-05-07,11.506224292094371
2021-05-10,11.472784592623938
2021-05-11,11.454925422713172
2021-05-12,11.476679048853033
2021-05-13,11.449124997353808
2021-05-14,11.448422132941372
2021-05-17,11.457921834096023
2021-05-18,11.363149044009825
2021-05-19,11.342607481326516
2021-05-20,11.358022751517245
2021-05-21,11.344404296813035
2021-05-24,11.33159918864216
2021-05-25,11.285021058359682
2021-05-26,11.286248187100803
2021-05-27,11.287588237687272
2021-05-28,11.264375923982783
2021-06-01,11.264781327516918
2021-06-02,11.259788890118553
2021-06-03,11.207155921265064
2021-06-04,11.271850569679483
2021-06-07,11.18652486310216
2021-06-08,11.164506559875461
2021-06-09,11.1208500807163
2021-06-10,11.037824832628075
2021-06-11,11.040729176231155
2021-06-14,11.053718014004634
2021-06-15,11.05621367538943
2021-06-16,11.063518599667146
2021-06-17,11.086595691632473
2021-06-18,11.098273253995298
2021-06-21,11.083705251983544
2021-06-22,11.078498459813304
2021-06-23,11.078993763468423
2021-06-24,11.072628076617368
2021-06-25,11.076817740529886
2021-06-28,11.062209212576123
2021-06-29,11.069646413763886
2021-06-30,11.080432921609592
2021-07-01,11.07810052684478
2021-07-02,11.095615793004361
2021-07-06,11.127535890821012
2021-07-07,11.098593345025796
2021-07-08,11.099325006541045
2021-07-09,11.090697564520879
2021-07-12,11.085327214774942
2021-07-13,11.086486318337139
2021-07-14,11.138478186167017
2021-07-15,11.152164332349763
2021-07-16,11.16431686059314
2021-07-19,11.220548605209261
2021-07-20,11.226725970465614
2021-07-21,11.236418499902216
2021-07-22,11.213469073112519
2021-07-23,11.173779080994416
2021-07-26,11.166807688426932
2021-07-27,11.154530733478953
2021-07-28,11.12979591968873
2021-07-29,11.12943713968505
2021-07-30,11.130106031734032
2021-08-02,11.128599106392349
2021-08-03,11.12751270310366
2021-08-04,11.017025399267439
2021-08-05,11.024448139631966
2021-08-06,11.17137723840584
2021-08-09,11.165529183636988
2021-08-10,11.161435898597768
2021-08-11,10.68803133020171
2021-08-12,10.668099135978016
2021-08-13,10.756210327178295
2021-08-16,10.757057887395915
2021-08-17,10.68563049641989
2021-08-18,10.65507194991231
2021-08-19,10.491314603409714
2021-08-20,10.459019243674764
2021-08-23,10.47637930408682
2021-08-24,10.47804974790485
2021-08-25,10.499764075906546
2021-08-26,10.493359830480363
2021-08-27,10.457423023119038
2021-08-30,10.422820002913976
2021-08-31,10.413955750136669
2021-09-01,10.393598984063376
2021-09-02,10.393176508066007
2021-09-03,10.3911243477525
2021-09-07,10.453284877586857
2021-09-08,10.453382913411385
2021-09-09,10.481350261125877
2021-09-10,10.501764083046007
2021-09-13,10.512908499018266
2021-09-14,10.547851636417242
2021-09-15,10.554925791539693
2021-09-16,10.639655311374574
2021-09-17,10.643112809737067
2021-09-20,10.690675065164914
2021-09-21,10.670896479605437
2021-09-22,10.668742043722073
2021-09-23,10.757226734922522
2021-09-24,10.762244047347176
2021-09-27,10.76178456568326
2021-09-28,10.825630699516084
2021-09-29,10.813600425436892
2021-09-30,10.827708247805244
2021-10-01,10.82796521599793
2021-10-04,10.827078535363961
2021-10-05,10.825933289620433
2021-10-06,10.831377666246913
2021-10-07,10.852104042512284
2021-10-08,10.84545580583701
2021-10-11,10.806730190655518
2021-10-12,10.863947371989621
2021-10-13,10.946724009587962
2021-10-14,10.94785275401254
2021-10-15,10.998646775829917
2021-10-18,10.995978483470711
2021-10-19,11.006520217728982
2021-10-20,11.005445030243
2021-10-21,11.003150529684696
2021-10-22,10.99426302809064
2021-10-25,10.994701756833734
2021-10-26,10.985047263718805
2021-10-27,11.025385520075588
2021-10-28,11.00156041207547
2021-10-29,10.983727041136403
2021-11-01,10.981258232102995
2021-11-02,10.946855306848272
2021-11-03,10.984931531011659
2021-11-04,10.98848637983017
2021-11-05,11.008324006303539
2021-11-08,10.997004087132465
2021-11-09,10.526303244248075
2021-11-10,10.532011917215264
2021-11-11,10.534128102967742
2021-11-12,10.470853395000535
2021-11-15,10.489969518731108
2021-11-16,10.500161479840084
2021-11-17,10.534676407552396
2021-11-18,10.533982445592246
2021-11-19,10.533698151548295
2021-11-22,10.653597653616213
2021-11-23,10.647110381372611
2021-11-24,10.600908457895034
2021-11-26,10.666180593501247
2021-11-29,10.676212374959446
2021-11-30,10.677932881950204
2021-12-01,10.685451192030888
2021-12-02,10.687464414641424
2021-12-03,10.706114726226614
2021-12-06,10.700931222519346
2021-12-07,10.635516493466717
2021-12-08,10.659206577725673
2021-12-09,10.611057756217805
2021-12-10,10.605418501819047
2021-12-13,10.637767637501298
2021-12-14,10.645756942246692
2021-12-15,10.634767372915675
2021-12-16,10.65274007593769
2021-12-17,10.655452884999958
2021-12-20,10.668653947505122
2021-12-21,10.670321831915306
2021-12-22,10.693507754396986
2021-12-23,10.697974462511045
2021-12-27,10.693080593031535
2021-12-28,10.699595461474049
2021-12-29,10.712708885820735
2021-12-30,10.730085386441175
2021-12-31,10.736241682144048
2022-01-03,10.88422730300105
2022-01-04,10.884100542895089
2022-01-05,10.735747807677008
2022-01-06,10.732237057223635
2022-01-07,10.567695176782353
2022-01-10,10.57030408695265
2022-01-11,10.608353278326454
2022-01-12,10.602403659118151
2022-01-13,10.595050543719157
2022-01-14,10.624785199317902
2022-01-18,10.636439685639907
2022-01-19,10.662590499518393
2022-01-20,10.657990932110534
2022-01-21,10.664910278025324
2022-01-24,10.646236632504182
2022-01-25,10.644632656859647
2022-01-26,10.736397439734127
2022-01-27,10.738134809848901
2022-01-28,10.734363316755122
2022-01-31,10.720812820241008
2022-02-01,10.681597280986402
2022-02-02,10.675509934178054
2022-02-03,10.616236987520967
2022-02-04,10.636157184731243
2022-02-07,10.618969014889089
2022-02-08,10.618236804466974
2022-02-09,10.608717126483564
2022-02-10,10.630769602633398
2022-02-11,10.737186099149302
2022-02-14,10.639032886043356
2022-02-15,10.687701396096356
2022-02-16,10.716369439965034
2022-02-17,10.757495248229683
2022-02-18,10.76224726739938
2022-02-22,10.761271624033501
2022-02-23,10.76525144287238
2022-02-24,10.619930554044203
2022-02-25,10.612211839176824
2022-02-28,10.70265106116016
2022-03-01,10.797994822538788
2022-03-02,10.979254074227832
2022-03-03,10.974436598603555
2022-03-04,11.092567401980327
2022-03-07,11.05653491343778
2022-03-08,10.955143317617493
2022-03-09,11.13711611382119
2022-03-10,11.144443281463916
2022-03-11,11.091421017312163
2022-03-14,11.254204483067216
2022-03-15,11.301592638823411
2022-03-16,11.328660534050785
2022-03-17,11.299727243344954
2022-03-18,11.289792082330209
2022-03-21,11.308366820382
2022-03-22,11.354428749374168
2022-03-23,11.480855295567968
2022-03-24,11.46541954041134
2022-03-25,11.502310623262476
2022-03-28,11.465870027657797
2022-03-29,11.455637952060222
2022-03-30,11.472260321416478
2022-03-31,11.383050712869824
2022-04-01,11.381122184076293
2022-04-04,11.358786159051503
2022-04-05,11.44232200723823
2022-04-06,11.407606301730343
2022-04-07,11.395136140561604
2022-04-08,11.392699500592835
2022-04-11,11.383160813959252
2022-04-12,11.380980807317906
2022-04-13,11.268517484837066
2022-04-14,11.329321971844667
2022-04-18,11.326232383889465
2022-04-19,11.375222860747396
2022-04-20,11.428171363209398
2022-04-21,11.440643089777287
2022-04-22,11.46438362491271
2022-04-25,11.470759247205326
2022-04-26,11.472437019289798
2022-04-27,11.5158322209046
2022-04-28,11.516143126370777
2022-04-29,11.534235945062205
2022-05-02,11.65266964006344
2022-05-03,11.662969041875971
2022-05-04,11.685217071768573
2022-05-05,11.750709388862173
2022-05-06,11.765175462349903
2022-05-09,11.763424932375408
2022-05-10,11.761033959237418
2022-05-11,11.800237586843863
2022-05-12,11.826369959442893
2022-05-13,11.84169965411659
2022-05-16,11.839621345752056
2022-05-17,11.872975699742199
2022-05-18,11.925852567233495
2022-05-19,11.939772297539427
2022-05-20,11.954584957986466
2022-05-23,11.963905539500328
2022-05-24,12.006929489159779
2022-05-25,12.006304397227916
2022-05-26,12.008827857594099
2022-05-27,12.009347290814583
2022-05-31,12.106397138290248
2022-06-01,12.10355349760583
2022-06-02,12.068395575324908
2022-06-03,12.017432630521425
2022-06-06,12.068410072248561
2022-06-07,12.09994035011942
2022-06-08,12.10213678759332
2022-06-09,12.089364851914185
2022-06-10,12.081013876185063
2022-06-13,12.406288812548897
2022-06-14,12.443894114394308
2022-06-15,12.5209601716546
2022-06-16,12.537902779083064
2022-06-17,12.520152035474416
2022-06-21,12.558714405292925
2022-06-22,12.66075602688661
2022-06-23,12.660903506662155
2022-06-24,12.680454899949684
2022-06-27,12.684344581118523
2022-06-28,12.673823228724272
2022-06-29,12.691272312452138
2022-06-30,12.682518323891172
2022-07-01,12.690931584680007
2022-07-05,12.689149621802015
2022-07-06,12.759720690256573
2022-07-07,12.746398389983957
2022-07-08,12.75346791878714
2022-07-11,12.760810161964352
2022-07-12,12.761652179716878
2022-07-13,12.78786113156228
2022-07-14,12.78021765054923
2022-07-15,12.76752860681603
2022-07-18,12.763599464613732
2022-07-19,12.706289035748016
2022-07-20,12.699992647448624
2022-07-21,12.77962034884787
2022-07-22,12.8047394040839
2022-07-25,12.810156021018232
2022-07-26,12.808362583410393
2022-07-27,12.794014209733124
2022-07-28,12.83378086197427
2022-07-29,12.829705546515699
2022-08-01,12.919729459394217
2022-08-02,12.979766113618078
2022-08-03,13.01485178116163
2022-08-04,13.041878495777574
2022-08-05,13.149087117606632
2022-08-08,13.047300443647394
2022-08-09,13.005822111499619
2022-08-10,13.01135284247205
2022-08-11,13.054830727914583
2022-08-12,13.093286606231349
2022-08-15,13.018693446906028
2022-08-16,13.013088386286647
2022-08-17,13.037720163968457
2022-08-18,13.035183909221637
2022-08-19,13.080909367454884
2022-08-22,13.087940301052711
2022-08-23,13.073229635048223
2022-08-24,13.06940052765844
2022-08-25,13.081404486124763
2022-08-26,13.080225901970065
2022-08-29,13.034027749617154
2022-08-30,13.035985223814519
2022-08-31,13.059729136055848
2022-09-01,13.12336773585858
2022-09-02,13.146245269829164
2022-09-06,13.22785251843676
2022-09-07,13.2295357189599
2022-09-08,13.247977122823405
2022-09-09,13.225315316034898
2022-09-12,13.21062036796788
2022-09-13,13.207901379860125
2022-09-14,13.170226668231848
2022-09-15,13.194857209653232
2022-09-16,13.130899920466167
2022-09-19,13.130466536045963
2022-09-20,13.108131415301562
2022-09-21,13.152646450375146
2022-09-22,13.209729929919394
2022-09-23,13.119599450305461
2022-09-26,13.193598212058648
2022-09-27,13.242983684672561
2022-09-28,13.47389730437719
2022-09-29,13.47521466111087
2022-09-30,13.453153893011836
2022-10-03,13.59736287105444
2022-10-04,13.611485133653996
2022-10-05,13.613447767029204
2022-10-06,13.607455191436289
2022-10-07,13.622973610064466
2022-10-10,13.70062621252875
2022-10-11,13.701207649903631
2022-10-12,13.665297784971195
2022-10-13,13.608711035075254
2022-10-14,13.63641064341757
2022-10-17,13.599308655380995
2022-10-18,13.601447979670397
2022-10-19,13.67756295091051
2022-10-20,13.702420346135654
2022-10-21,13.702678582774215
2022-10-24,13.678046531978879
2022-10-25,13.773266570308481
2022-10-26,13.818721460032945
2022-10-27,13.782973920457568
2022-10-28,13.803910249529968
2022-10-31,13.819127582972484
2022-11-01,13.860527165484562
2022-11-02,13.867020581804178
2022-11-03,13.8462156320353
2022-11-04,13.81803864223056
2022-11-07,13.75012918071574
2022-11-08,13.865140952955002
2022-11-09,13.829394637213895
2022-11-10,14.260025964807397
2022-11-11,14.25893830578353
2022-11-14,14.25907816839909
2022-11-15,14.285128276002558
2022-11-16,14.317901600714965
2022-11-17,14.311195601402137
2022-11-18,14.323752576185752
2022-11-21,14.321910574032424
2022-11-22,14.252228173603942
2022-11-23,14.26497905384655
2022-11-25,14.241454982594169
2022-11-28,14.187662444107648
2022-11-29,14.184564344609612
2022-11-30,14.2166996023199
2022-12-01,14.43360106823747
2022-12-02,14.44211689603888
2022-12-05,14.480257618142161
2022-12-06,14.485867429280987
2022-12-07,14.582250679604426
2022-12-08,14.561113314445565
2022-12-09,14.600688741358445
2022-12-12,14.601195543135242
2022-12-13,14.638197175614017
2022-12-14,14.629316480924322
2022-12-15,14.638866370766477
2022-12-16,14.623069839460383
2022-12-19,14.642915396655047
2022-12-20,14.633551872757835
2022-12-21,14.633193048203655
2022-12-22,14.623502044705077
2022-12-23,14.630442438070455
2022-12-27,14.635633023258778
2022-12-28,14.638523733110135
2022-12-29,14.658862047177285
2022-12-30,14.636589911228805
2023-01-03,14.69806220848518
2023-01-04,14.605446561837908
2023-01-05,14.608233867458784
2023-01-06,14.725993557648122
2023-01-09,14.725632713863616
2023-01-10,14.737630369589388
2023-01-11,14.757097007549273
2023-01-12,14.811078283072924
2023-01-13,14.812092488038308
2023-01-17,14.821222781019113
2023-01-18,14.837361149235381
2023-01-19,14.827092472391904
2023-01-20,14.810906577555741
2023-01-23,14.809517838442398
2023-01-24,14.83171713820924
2023-01-25,14.836566491907538
2023-01-26,14.850256868540743
2023-01-27,14.786229733338317
2023-01-30,14.785482943807573
2023-01-31,14.798135749173905
2023-02-01,14.851509292354924
2023-02-02,14.88133149677836
2023-02-03,15.007381347007113
2023-02-06,15.003185997757498
2023-02-07,14.993634740345431
2023-02-08,14.992476844956908
2023-02-09,15.014837592097214
2023-02-10,15.017460259580805
2023-02-13,14.989206240275061
2023-02-14,14.888991273421524
2023-02-15,14.914233928923656
2023-02-16,14.897340291946275
2023-02-17,14.884123109440322
2023-02-21,14.88417491953155
2023-02-22,14.875864294802298
2023-02-23,14.882139265245298
2023-02-24,14.907225147190113
2023-02-27,14.91080632372683
2023-02-28,14.919561218656488
2023-03-01,14.827204757162942
2023-03-02,14.751574022175557
2023-03-03,14.698734374078596
2023-03-06,14.684644829500222
2023-03-07,14.59235425562079
2023-03-08,14.586182090199154
2023-03-09,14.572311405472002
2023-03-10,14.71930871521482
2023-03-13,14.768538194283739
2023-03-14,14.80654503199342
2023-03-15,14.750770469841736
2023-03-16,14.719606824302401
2023-03-17,14.862775211087298
2023-03-20,14.867581251176272
2023-03-21,14.927254390014516
2023-03-22,14.98836036895694
2023-03-23,14.97032856515374
2023-03-24,14.8659301024287
2023-03-27,14.95381729754303
2023-03-28,14.938195520134155
2023-03-29,14.934718318135166
2023-03-30,14.945489238520455
2023-03-31,14.931907911513813
2023-04-03,14.944044904341009
2023-04-04,14.992149001363343
2023-04-05,15.00050082424848
2023-04-06,14.933097208518024
2023-04-10,14.976099149009771
2023-04-11,14.981619077508405
2023-04-12,14.981639301586608
2023-04-13,14.975262444052555
2023-04-14,15.031127088874246
2023-04-17,15.047930875096165
2023-04-18,15.008817890647075
2023-04-19,15.011026486918896
2023-04-20,14.982737996483102
2023-04-21,14.948855766245558
2023-04-24,14.953720294880027
2023-04-25,14.966142998982907
2023-04-26,14.982401226723983
2023-04-27,14.978448017019836
2023-04-28,14.967091275365142
2023-05-01,15.055908045385895
2023-05-02,15.202269175845156
2023-05-03,15.110009843220029
2023-05-04,15.103546354643324
2023-05-05,15.114266798331832
2023-05-08,15.045764414240587
2023-05-09,15.032356463372578
2023-05-10,15.035153191663792
2023-05-11,15.035424640056386
2023-05-12,14.98212398622007
2023-05-15,14.962816938498017
2023-05-16,14.93863523761154
2023-05-17,14.936024454330676
2023-05-18,14.94268238169538
2023-05-19,14.903415844955596
2023-05-22,14.881355159692983
2023-05-23,14.87029670175874
2023-05-24,14.8728145573597
2023-05-25,14.821258226568037
2023-05-26,14.834023442491038
2023-05-30,14.853643111998455
2023-05-31,14.862025537060424
2023-06-01,14.791828964297851
2023-06-02,14.84564328050138
2023-06-05,14.833007107510886
2023-06-06,14.82478292418065
2023-06-07,14.841859090762526
2023-06-08,14.868669957691576
2023-06-09,14.862036657053324
2023-06-12,14.862422440822932
2023-06-13,14.882828459639173
2023-06-14,14.596770567500618
2023-06-15,14.582411654885018
2023-06-16,14.500573259158932
2023-06-20,14.470186116333476
2023-06-21,14.468083224190277
2023-06-22,14.47297043887867
2023-06-23,14.402061271928241
2023-06-26,14.402373826399073
2023-06-27,14.387620066342429
2023-06-28,14.379796787949385
2023-06-29,14.411103214669115
2023-06-30,14.421493336580916
2023-07-03,14.422578224179778
2023-07-05,14.429254728918847
2023-07-06,14.439243897108009
2023-07-07,14.345734828235546
2023-07-10,14.340195315229346
2023-07-11,14.336999117878417
2023-07-12,14.377075346075836
2023-07-13,14.38736400183125
2023-07-14,14.372184319362256
2023-07-17,14.328280734226789
2023-07-18,14.348976697321522
2023-07-19,14.35162929058333
2023-07-20,14.377556676818983
2023-07-21,14.374039333265348
2023-07-24,14.295761984510772
2023-07-25,14.264663425486747
2023-07-26,14.253596237447018
2023-07-27,14.3641479252644
2023-07-28,14.377296138406638
2023-07-31,14.344349868797662
2023-08-01,14.4070996958981
2023-08-02,14.349941682767936
2023-08-03,14.33353332813984
2023-08-04,14.344447609796596
2023-08-07,14.33268481862446
2023-08-08,14.22779034344471
2023-08-09,14.17354509850889
2023-08-10,14.199709140638534
2023-08-11,14.193423805904553
2023-08-14,14.136802833125524
2023-08-15,14.10880390848768
2023-08-16,14.10848924755685
2023-08-17,14.110308412760618
2023-08-18,14.087457832862558
2023-08-21,14.096697368271608
2023-08-22,14.057046926760252
2023-08-23,14.156523174018332
2023-08-24,14.160260847886194
2023-08-25,14.15906808847387
2023-08-28,14.134655012987588
2023-08-29,14.168996370997148
2023-08-30,14.164078499650019
2023-08-31,14.161772114013704
2023-09-01,14.155363437978547
2023-09-05,14.13346530669301
2023-09-06,14.115353776083424
2023-09-07,14.031702403953803
2023-09-08,13.973700399485546
2023-09-11,13.952275883937109
2023-09-12,13.947302576040984
2023-09-13,13.946979903642116
2023-09-14,13.940694714440317
2023-09-15,13.940696277548087
2023-09-18,13.918169651552352
2023-09-19,13.923901485497886
2023-09-20,13.924348745760593
2023-09-21,14.001483060270463
2023-09-22,13.972237282847596
2023-09-25,13.990873126953092
2023-09-26,13.98701288179595
2023-09-27,13.92848771395735
2023-09-28,13.874439213769453
2023-09-29,13.622719871719548
2023-10-02,13.68868044576018
2023-10-03,13.728238828212989
2023-10-04,13.599325988590223
2023-10-05,13.590217301831713
2023-10-06,13.574053591781778
2023-10-09,13.729996434738139
2023-10-10,13.691767024699883
2023-10-11,13.67536158218614
2023-10-12,13.759865213186341
2023-10-13,13.970900783303842
2023-10-16,13.986263487364914
2023-10-17,13.954568112786347
2023-10-18,13.956813530550022
2023-10-19,13.961515464344457
2023-10-20,13.874543849675923
2023-10-23,13.847488725394271
2023-10-24,13.861738769239178
2023-10-25,13.880010989223155
2023-10-26,13.818950807471643
2023-10-27,13.785983625180698
2023-10-30,13.789287034930215
2023-10-31,13.77189751581401
2023-11-01,13.779133939424145
2023-11-02,13.805443565366401
2023-11-03,13.801543223882547
2023-11-06,13.822672487231594
2023-11-07,13.815722314684
2023-11-08,13.800364627470891
2023-11-09,13.734510643379274
2023-11-10,13.73706455747809
2023-11-13,13.314953478254216
2023-11-14,13.405515257642202
2023-11-15,13.432302167536754
2023-11-16,13.448193105312294
2023-11-17,13.415102889592589
2023-11-20,13.386305770285986
2023-11-21,13.377268005671471
2023-11-22,13.377103771286418
2023-11-24,13.360239648400345
2023-11-27,13.359239238323877
2023-11-28,13.379622948498607
2023-11-29,13.394417920952634
2023-11-30,13.41398494356457
2023-12-01,13.494930226186701
2023-12-04,13.32915561564292
2023-12-05,13.350433368047815
2023-12-06,13.282492318820472
2023-12-07,13.26221016802214
2023-12-08,13.20875784388207
2023-12-11,13.224961482985883
2023-12-12,13.176852094419196
2023-12-13,13.36852018717099
2023-12-14,13.395883942064934
2023-12-15,13.402184080403938
2023-12-18,13.388185514152596
2023-12-19,13.400600675783153
2023-12-20,13.362746588208951
2023-12-21,13.36251460156579
2023-12-22,13.362527078263652
2023-12-26,13.35644511442101
2023-12-27,13.38580822056519
2023-12-28,13.390034098998688
2023-12-29,13.390432036731665
2024-01-02,13.372763538053663
2024-01-03,13.370244269253122
2024-01-04,13.323161200193969
2024-01-05,13.283787959855642
2024-01-08,13.277123071968875
2024-01-09,13.15411475937683
2024-01-10,13.15360198614929
2024-01-11,13.142664443415319
2024-01-12,13.12575109498533
2024-01-16,13.105211183778998
2024-01-17,13.119468231210732
2024-01-18,13.103577639269199
2024-01-19,13.06353842227281
2024-01-22,13.054900545336755
2024-01-23,13.01982306642429
2024-01-24,13.038011995964128
2024-01-25,13.017377268949334
2024-01-26,13.012861575772368
2024-01-29,13.028724729597112
2024-01-30,13.037952870820078
2024-01-31,13.042209928958734
2024-02-01,13.11436835540043
2024-02-02,13.15329097906401
2024-02-05,13.180460151948008
2024-02-06,13.047006075329199
2024-02-07,13.046779221256513
2024-02-08,13.046256213154269
2024-02-09,13.044640830917945
2024-02-12,13.015403995400842
2024-02-13,13.100478092490466
2024-02-14,13.10134869933984
2024-02-15,13.114590236703858
2024-02-16,13.078825825377058
2024-02-20,13.06110770395456
2024-02-21,13.055330869736457
2024-02-22,13.004788099569842
2024-02-23,13.037432553150483
2024-02-26,13.032578850127226
2024-02-27,12.998637083444134
2024-02-28,13.00064591466254
2024-02-29,13.006815040169103
2024-03-01,13.062495183129501
2024-03-04,13.06608389794958
2024-03-05,12.990909517636222
2024-03-06,12.99144745777727
2024-03-07,12.97929915089733
2024-03-08,12.982830843647605
2024-03-11,12.969745037601543
2024-03-12,12.714379543437202
2024-03-13,12.653822052364387
2024-03-14,12.642337857592377
2024-03-15,12.572310473704983
2024-03-18,12.569046794475307
2024-03-19,12.37787754527117
2024-03-20,12.384261715039083
2024-03-21,12.306143952429453
2024-03-22,12.21396863459542
2024-03-25,12.198234849254883
2024-03-26,12.196865588759296
2024-03-27,12.113196076262705
2024-03-28,12.117736529106363
2024-04-01,12.120152558567868
2024-04-02,12.110045895422656
2024-04-03,12.107807651699167
2024-04-04,12.09379170985693
2024-04-05,12.038036215938392
2024-04-08,12.03230382560873
2024-04-09,12.052387729005114
2024-04-10,12.097545149708091
2024-04-11,12.112941157239009
2024-04-12,12.118156894950024
2024-04-15,12.115961775510499
2024-04-16,12.042511099948685
2024-04-17,12.014982292075807
2024-04-18,12.009919378559085
2024-04-19,12.010584148608492
2024-04-22,12.069435981429457
2024-04-23,12.044315816018544
2024-04-24,12.03644952091083
2024-04-25,11.996187130031576
2024-04-26,11.976150352186613
2024-04-29,11.969709080594635
2024-04-30,12.028429485407747
2024-05-01,11.937452758236107
2024-05-02,11.73557951135436
2024-05-03,11.723819341683981
2024-05-06,11.744951428916334
2024-05-07,11.705886765443983
2024-05-08,11.69685218141868
2024-05-09,11.740104439241586
2024-05-10,11.733723038360608
2024-05-13,11.74172584121091
2024-05-14,11.750906573000025
2024-05-15,11.81510979130944
2024-05-16,11.790962415246836
2024-05-17,11.79513570328449
2024-05-20,11.748066750960414
2024-05-21,11.748558722267642
2024-05-22,11.777910351788515
2024-05-23,11.854114083726849
2024-05-24,11.836043448534188
2024-05-28,11.821080068081688
2024-05-29,11.85798496938192
2024-05-30,11.844913285115025
2024-05-31,11.83458844039397
2024-06-03,11.884714586975214
2024-06-04,11.811966683967475
2024-06-05,11.847160352242158
2024-06-06,11.84579329901113
2024-06-07,12.086610055857447
2024-06-10,12.025279680700345
2024-06-11,12.040244837677761
2024-06-12,12.049809126200467
2024-06-13,12.02051799157693
2024-06-14,12.058534865561976
2024-06-17,12.057437648664168
2024-06-18,12.070387929760727
2024-06-20,12.071605913104783
2024-06-21,12.09849413739466
2024-06-24,12.050749557918708
2024-06-25,12.037081132136889
2024-06-26,12.09727656074058
2024-06-27,12.113630862429074
2024-06-28,12.151186133203517
2024-07-01,12.134951477073441
2024-07-02,12.10720304511725
2024-07-03,12.162927663905348
2024-07-05,12.189112990547027
2024-07-08,12.168486556312068
2024-07-09,12.169648417589837
2024-07-10,12.173254658568512
2024-07-11,12.238695754080405
2024-07-12,12.181511361796954
2024-07-15,12.178393094531284
2024-07-16,12.280404375402817
2024-07-17,12.283186429550241
2024-07-18,12.281951384582733
2024-07-19,12.33151658437236
2024-07-22,12.300108996307475
2024-07-23,12.299187314809608
2024-07-24,12.31458486174125
2024-07-25,12.320139848798961
2024-07-26,12.349138060980993
2024-07-29,12.216802063418248
2024-07-30,12.218662472937448
2024-07-31,12.29336960987919
2024-08-01,12.215920807024576
2024-08-02,12.268088314366052
2024-08-05,12.213022153022765
2024-08-06,12.274553349985439
2024-08-07,12.264653310648479
2024-08-08,12.27018674682667
2024-08-09,12.283020881420857
2024-08-12,12.285969595636994
2024-08-13,12.286440900116864
2024-08-14,12.283117569539725
2024-08-15,12.276746075127319
2024-08-16,12.314276520981334
2024-08-19,12.30911875670664
2024-08-20,12.319035852529963
2024-08-21,12.304499393572216
2024-08-22,12.354555423784902
2024-08-23,12.270065473239727
2024-08-26,12.263228121188355
2024-08-27,12.263211071025333
2024-08-28,12.272034368434639
2024-08-29,12.23606666122874
2024-08-30,12.273411717536918
2024-09-03,12.285044372394866
2024-09-04,12.272624865878381
2024-09-05,12.23106527710301
2024-09-06,12.238064692065667
2024-09-09,12.242565074985711
2024-09-10,12.251832894962098
2024-09-11,12.248549792881773
2024-09-12,12.261555463307749
2024-09-13,12.2721941276143
2024-09-16,12.270603533344044
2024-09-17,12.285343611020103
2024-09-18,12.32365538292392
2024-09-19,12.325152583412866
2024-09-20,12.329992957070974
2024-09-23,12.205844200025489
2024-09-24,12.21134969362711
2024-09-25,12.120804767799505
2024-09-26,12.105426439307701
2024-09-27,12.067938775837195
2024-09-30,12.089013840416778
2024-10-01,12.099002766661751
2024-10-02,12.019460954685583
2024-10-03,11.960643139508411
2024-10-04,11.974459208612306
2024-10-07,11.983922184075663
2024-10-08,11.981667689911236
2024-10-09,11.835619948094047
2024-10-10,11.833306300373108
2024-10-11,11.763207233073786
2024-10-14,11.652477438604423
2024-10-15,11.426713018984868
2024-10-16,11.374938086654366
2024-10-17,11.376679596249309
2024-10-18,11.38492426755911
2024-10-21,11.41614579840621
2024-10-22,11.422144509980349
2024-10-23,11.447551053134328
2024-10-24,11.450194404401092
2024-10-25,11.409623467528025
2024-10-28,11.386985448610599
2024-10-29,11.395913930676608
2024-10-30,11.384806420953623
2024-10-31,11.395776299231567
2024-11-01,11.409569084842431
2024-11-04,11.370133517606584
2024-11-05,11.365559081727815
2024-11-06,11.719842296248304
2024-11-07,11.788166381421416
2024-11-08,11.786982921030656
2024-11-11,11.83783018233456
2024-11-12,11.90039618223997
2024-11-13,11.94678357019407
2024-11-14,11.852056429772189
2024-11-15,11.821088138227989
2024-11-18,11.808324708752979
2024-11-19,11.824312559285199
2024-11-20,11.823394115418532
2024-11-21,11.818896740512239
2024-11-22,11.83387779020355
2024-11-25,11.829757021665673
2024-11-26,11.779559339637055
2024-11-27,11.76532332042286
2024-11-29,11.781020123944826
2024-12-02,11.756179836104723
2024-12-03,11.634677624026915
2024-12-04,11.572876438439813
2024-12-05,11.548562609369979
2024-12-06,11.521611514654147
2024-12-09,11.518631209367916
2024-12-10,11.467208438495907
2024-12-11,11.444289780663961
2024-12-12,11.531484346788048
2024-12-13,11.375947413714266
2024-12-16,11.27360004562847
2024-12-17,11.265281123115852
2024-12-18,11.382249158716844
2024-12-19,11.390902039296211
2024-12-20,11.41686594423416
2024-12-23,11.44033564615977
2024-12-24,11.443630426157725
2024-12-26,11.436495189881983
2024-12-27,11.412684616936156
2024-12-30,11.394112542691317
2024-12-31,11.380221422895728
2025-01-02,11.398402696504748
2025-01-03,11.41112696604951
2025-01-06,11.391030907535365
2025-01-07,11.384127691179824
2025-01-08,11.387679081613513
2025-01-10,11.382998719494513
2025-01-13,11.39001914282127
2025-01-14,11.3858214964759
2025-01-15,11.442495700671492
2025-01-16,11.364221983513298
2025-01-17,11.345964020043061
2025-01-21,11.40484161988087
2025-01-22,11.40218841576617
2025-01-23,11.413710809629839
2025-01-24,11.420937807708748
2025-01-27,11.395172441677603
2025-01-28,11.39071396418241
2025-01-29,11.394625928784077
2025-01-30,11.395847203693894
2025-01-31,11.389954652139497
2025-02-03,11.399725337058221
2025-02-04,11.324029020045657
2025-02-05,11.25437977750113
2025-02-06,11.17384055075283
2025-02-07,11.157019846517738
2025-02-10,11.17007456792889
2025-02-11,11.177422205291728
2025-02-12,11.193199925894
2025-02-13,11.26184823569989
2025-02-14,11.156315652023455
2025-02-18,11.156518355013244
2025-02-19,11.144431573243944
2025-02-20,11.143825830712947
2025-02-21,11.1509629502292
2025-02-24,11.147769923172897
2025-02-25,11.146898091829161
2025-02-26,11.116651522311557
2025-02-27,11.176031565816979
2025-02-28,11.167926807081361
2025-03-03,11.192615028192487
2025-03-04,11.182852575232003
2025-03-05,11.126471666764969
2025-03-06,11.124018169968336
2025-03-07,11.085300836673685
2025-03-10,11.06657594590124
2025-03-11,11.066450195057142
2025-03-12,11.06382792902585
2025-03-13,11.135695491486624
2025-03-14,11.091873131032546
2025-03-17,11.101138429494803
2025-03-18,11.065597745378486
2025-03-19,11.069716456545992
2025-03-20,11.069270262024176
2025-03-21,11.096359555132699
2025-03-24,11.114026195084932
2025-03-25,11.115012325636469
2025-03-26,11.123595045883457
2025-03-27,11.131927017062644
2025-03-28,11.173459951852951
2025-03-31,11.203592957895122
2025-04-01,11.194098527074251
2025-04-02,11.183153407396253
2025-04-03,11.17722389668636
2025-04-04,11.193149399572704
2025-04-07,11.509992100997778
2025-04-08,11.532577729306293
2025-04-09,11.714137291524192
2025-04-10,11.696303456905156
2025-04-11,11.638728712749947
2025-04-14,11.618992657990578
2025-04-15,11.615775278996946
2025-04-16,11.75727615850152
2025-04-17,11.775375097496452
2025-04-21,11.790010476240546
2025-04-22,11.79986552169689
2025-04-23,11.823208845242728
2025-04-24,11.798071070531211
2025-04-25,11.799335793796079
2025-04-28,11.824947973070632
2025-04-29,11.825135753051265
2025-04-30,11.85188421090422
2025-05-01,11.929540840230993
2025-05-02,11.84516797406237
2025-05-05,11.875892471062093
2025-05-06,11.967262264738052
2025-05-07,11.97740551876282
2025-05-08,12.071231942557466
2025-05-09,12.07673589243485
2025-05-12,12.224714543175057
2025-05-13,12.186791370630214
2025-05-14,12.273406286936346
2025-05-15,12.319234290548367
2025-05-16,12.31410290628153
2025-05-19,12.257386177159695
2025-05-20,12.264359808058545
2025-05-21,12.268951335839144
2025-05-22,12.271239162662251
2025-05-23,12.321294459120768
2025-05-27,12.288377171627186
2025-05-28,12.215407970060465
2025-05-29,12.234261395011407
2025-05-30,12.235747048924434
2025-06-02,12.207228757263296
2025-06-03,12.211866521090524
2025-06-04,12.257461961622093
2025-06-05,12.204281815161014
2025-06-06,12.282394454025065
2025-06-09,12.251893435707103
2025-06-10,12.251486328104287
2025-06-11,11.929878100793156
2025-06-12,11.983961904588876
2025-06-13,11.970196347871308
2025-06-16,12.0325840819132
2025-06-17,12.0430235964019
2025-06-18,12.004260604998924
2025-06-20,11.977100356846723
2025-06-23,11.965072565661586
2025-06-24,11.972947415995826
2025-06-25,11.944044941546611
2025-06-26,11.940100890496101
2025-06-27,12.008396778076555
2025-06-30,11.986484582111945
2025-07-01,11.976818200276439
2025-07-02,11.935183867733686
2025-07-03,11.93229363899726
2025-07-07,11.939239559749328
2025-07-08,11.90205231659013
2025-07-09,11.877755590730082
2025-07-10,11.863953066260002
2025-07-11,11.86543444547368
2025-07-14,11.867444988870734
2025-07-15,11.811489009476126
2025-07-16,11.813773410652885
2025-07-17,11.805698946697076
2025-07-18,11.692633697239987
2025-07-21,11.746397717657702
2025-07-22,11.743342927569412
2025-07-23,11.715082299136105
2025-07-24,11.722427843640483
2025-07-25,11.724231917457717
2025-07-28,11.719860880081967
2025-07-29,11.74733511379242
2025-07-30,11.77698337388098
2025-07-31,11.780026502545775
2025-08-01,11.878782290479812
2025-08-04,11.80769670685825
2025-08-05,11.806769245568166
2025-08-06,11.732248565077697
2025-08-07,11.727971398648014
2025-08-08,11.623132912396475
2025-08-11,11.637107003773417
2025-08-12,11.634984601856246
2025-08-13,11.63272523419849
2025-08-14,11.614901048876503
2025-08-15,11.618842016014039
2025-08-18,11.621118106541836
2025-08-19,11.617442557568907
2025-08-20,11.564771203080983
2025-08-21,11.573667519039768
2025-08-22,11.593118165375461
2025-08-25,11.596939493717684
2025-08-26,11.543551520327291
2025-08-27,11.511741972486966
2025-08-28,11.53023070604874
2025-08-29,11.53050654282667
2025-09-02,11.546086777764799
2025-09-03,11.57978901942695
2025-09-04,11.54095199557686
2025-09-05,11.608369347853987
2025-09-08,11.650856733940559
2025-09-09,11.642726408346732
2025-09-10,11.64139074912141
2025-09-11,11.637405835523348
2025-09-12,11.627735679407461
2025-09-15,11.640453023321724
2025-09-16,11.626829764734408
2025-09-17,11.627037700557718
2025-09-18,11.64607619005436
2025-09-19,11.638041294532007
2025-09-22,11.605305348721059
2025-09-23,11.602743495617739
2025-09-24,11.618026744278982
2025-09-25,11.61877820952749
2025-09-26,11.603251337962487
2025-09-29,11.649054321983236
2025-09-30,11.647032403054752
2025-10-01,11.646147726957693
2025-10-02,11.624945614630963
2025-10-03,11.598737813454038
2025-10-06,11.598562094370392
2025-10-07,11.593709579231406
2025-10-08,11.592919251978918
2025-10-09,11.623223760284151
2025-10-10,11.681768025460235
2025-10-13,11.71501727535012
2025-10-14,11.722429682622773
2025-10-15,11.738399887384947
2025-10-16,11.825236715856438
2025-10-17,11.858782004389838
2025-10-20,12.004339285880977
2025-10-21,12.387555110527435
2025-10-22,12.378411012969561
2025-10-23,12.341837371270923
2025-10-24,12.33403754544892
2025-10-27,12.376682228936422
2025-10-28,12.365112049483827
2025-10-29,12.386963182079612
2025-10-30,12.399999162079373
2025-10-31,12.398540546305766
2025-11-03,12.394311858939918
2025-11-04,12.398993242648636
2025-11-05,12.359062794143716
2025-11-06,12.339230154713057
2025-11-07,12.33619576311803
2025-11-10,12.02615531098174
2025-11-11,11.957086753108745
2025-11-12,11.982041620533408
2025-11-13,11.91975396359326
2025-11-14,11.920462071400616
2025-11-17,11.88387376870272
2025-11-18,11.886298068150882
2025-11-19,11.882537705708563
2025-11-20,11.845751051260454
2025-11-21,11.830247686487786
2025-11-24,11.870521338425553
2025-11-25,11.86720966529133
2025-11-26,11.86487151491076
2025-11-28,11.865087893951818
2025-12-01,11.873231469837751
2025-12-02,11.874377285466378
2025-12-03,11.8438072893847
2025-12-04,11.841282373216329
2025-12-05,11.840917760168338
2025-12-08,11.832149141875691
2025-12-09,11.828733445070355
2025-12-10,11.832934616636066
2025-12-11,11.838832719084932
2025-12-12,11.837878028192451
2025-12-15,11.837563886063505
2025-12-16,11.750405354781325
2025-12-17,11.689897625765866
2025-12-18,11.688789346766184
2025-12-19,11.689834782314426
2025-12-22,11.601993706566597
2025-12-23,11.590849986627127
2025-12-24,11.570480948731987
2025-12-26,11.545569520334846
2025-12-29,11.7384877390871
2025-12-30,11.73840444980648
2025-12-31,11.736081176455905
2026-01-02,11.735507027367518
2026-01-05,11.823448985617079
2026-01-06,11.807110487273444
2026-01-07,11.791898794966487
2026-01-08,11.78538550673232
2026-01-09,11.792518125470949
2026-01-12,11.809423255683557
2026-01-13,11.809889673047273
2026-01-14,11.811734743902102
2026-01-15,11.81999381601049
2026-01-16,11.785983585973302
2026-01-20,11.83200561567929
2026-01-21,11.868779595460595
2026-01-22,11.861694280817796
2026-01-23,11.881287879037737
2026-01-26,11.895837085690363
2026-01-27,11.914511229550808
2026-01-28,12.031066003235516
2026-01-29,12.028342676676182
2026-01-30,13.308806886524904
2026-02-02,13.478724893796828
2026-02-03,13.834845371991088
2026-02-04,13.82674274018648
2026-02-05,13.846576670237273
2026-02-06,13.88478481063506
2026-02-09,13.928418130624005
2026-02-10,13.923925621005203
2026-02-11,13.913273094519305
2026-02-12,13.950917094997749
2026-02-13,13.999543352814246
2026-02-17,14.040936042551513
2026-02-18,14.05174716887881
2026-02-19,14.051420106556348
2026-02-20,14.071051879676633
2026-02-23,14.140238246540894
2026-02-24,14.152735071368964
2026-02-25,14.151811960273458
2026-02-26,14.160583125364179
2026-02-27,14.182921214055842
2026-03-02,14.127449988519452
2026-03-03,14.34413742219691
2026-03-04,14.323903361634947
2026-03-05,14.350632956418485
2026-03-06,14.352926732383976
2026-03-09,14.344219477603067
2026-03-10,14.342194944022777
2026-03-11,14.37303233831139
2026-03-12,14.423058848661652
2026-03-13,14.457269108347676
2026-03-16,14.40827738954505
2026-03-17,14.404261556827139
2026-03-18,14.534711557217891
2026-03-19,14.644532926632278
2026-03-20,14.86800676023231
2026-03-23,14.89389947736773
2026-03-24,14.876308378145179
2026-03-25,14.973324465711004
2026-03-26,15.166036326002285
2026-03-27,15.223168966515557
2026-03-30,15.227331821496831
2026-03-31,15.295916153017627
2026-04-01,15.272658476062317
2026-04-02,15.28858925943101
2026-04-06,15.29302231382591
2026-04-07,15.297423957401557
2026-04-08,15.285751588501652
2026-04-09,15.043720273662055
2026-04-10,15.026939624656784
2026-04-13,14.890107558774345
2026-04-14,14.942920460910328
2026-04-15,14.923858568967212
2026-04-16,14.93066044085771
2026-04-17,14.96196421065611
2026-04-20,14.86218903083742
2026-04-21,14.951028796099271
2026-04-22,14.954745119601244
2026-04-23,14.961277222934035
2026-04-24,14.942438098005985
2026-04-27,14.91375482505459
2026-04-28,14.942239442948418
2026-04-29,14.944803351257598
2026-04-30,14.957705667732373
2026-05-01,14.93349947314826
2026-05-04,14.942010069218618
2026-05-05,14.946034473612183
2026-05-06,15.012191551980775
2026-05-07,14.940593469514214
2026-05-08,14.933892123993859
2026-05-11,14.846752734684308
2026-05-12,14.855013726365042
2026-05-13,14.730643683953677
2026-05-14,14.73574351529235
2026-05-15,14.798088087244897
2026-05-18,14.752878144286536
2026-05-19,14.794269271467984
2026-05-20,14.834702051561168
2026-05-21,14.826519011945956
2026-05-22,14.81699143055557
2026-05-26,14.816040588675893
2026-05-27,14.788231786269046
2026-05-28,14.803565685885497
2026-05-29,14.80527502777057
