Date,GLD_TLT rolling correlation
2004-11-19,
2004-11-22,
2004-11-23,
2004-11-24,
2004-11-26,
2004-11-29,
2004-11-30,
2004-12-01,
2004-12-02,
2004-12-03,
2004-12-06,
2004-12-07,
2004-12-08,
2004-12-09,
2004-12-10,
2004-12-13,
2004-12-14,
2004-12-15,
2004-12-16,
2004-12-17,
2004-12-20,
2004-12-21,
2004-12-22,
2004-12-23,
2004-12-27,
2004-12-28,
2004-12-29,
2004-12-30,
2004-12-31,
2005-01-03,
2005-01-04,
2005-01-05,
2005-01-06,
2005-01-07,
2005-01-10,
2005-01-11,
2005-01-12,
2005-01-13,
2005-01-14,
2005-01-18,
2005-01-19,
2005-01-20,
2005-01-21,
2005-01-24,
2005-01-25,
2005-01-26,
2005-01-27,
2005-01-28,
2005-01-31,
2005-02-01,
2005-02-02,
2005-02-03,
2005-02-04,
2005-02-07,
2005-02-08,
2005-02-09,
2005-02-10,
2005-02-11,
2005-02-14,
2005-02-15,
2005-02-16,
2005-02-17,
2005-02-18,
2005-02-22,
2005-02-23,
2005-02-24,
2005-02-25,
2005-02-28,
2005-03-01,
2005-03-02,
2005-03-03,
2005-03-04,
2005-03-07,
2005-03-08,
2005-03-09,
2005-03-10,
2005-03-11,
2005-03-14,
2005-03-15,
2005-03-16,
2005-03-17,
2005-03-18,
2005-03-21,
2005-03-22,
2005-03-23,
2005-03-24,
2005-03-28,
2005-03-29,
2005-03-30,
2005-03-31,
2005-04-01,
2005-04-04,
2005-04-05,
2005-04-06,
2005-04-07,
2005-04-08,
2005-04-11,
2005-04-12,
2005-04-13,
2005-04-14,
2005-04-15,
2005-04-18,
2005-04-19,
2005-04-20,
2005-04-21,
2005-04-22,
2005-04-25,
2005-04-26,
2005-04-27,
2005-04-28,
2005-04-29,
2005-05-02,
2005-05-03,
2005-05-04,
2005-05-05,
2005-05-06,
2005-05-09,
2005-05-10,
2005-05-11,
2005-05-12,
2005-05-13,
2005-05-16,
2005-05-17,
2005-05-18,
2005-05-19,
2005-05-20,
2005-05-23,
2005-05-24,
2005-05-25,
2005-05-26,
2005-05-27,
2005-05-31,
2005-06-01,
2005-06-02,
2005-06-03,
2005-06-06,
2005-06-07,
2005-06-08,
2005-06-09,
2005-06-10,
2005-06-13,
2005-06-14,
2005-06-15,
2005-06-16,
2005-06-17,
2005-06-20,
2005-06-21,
2005-06-22,
2005-06-23,
2005-06-24,
2005-06-27,
2005-06-28,
2005-06-29,
2005-06-30,
2005-07-01,
2005-07-05,
2005-07-06,
2005-07-07,
2005-07-08,
2005-07-11,
2005-07-12,
2005-07-13,
2005-07-14,
2005-07-15,
2005-07-18,
2005-07-19,
2005-07-20,
2005-07-21,
2005-07-22,
2005-07-25,
2005-07-26,
2005-07-27,
2005-07-28,
2005-07-29,
2005-08-01,
2005-08-02,
2005-08-03,
2005-08-04,
2005-08-05,
2005-08-08,
2005-08-09,
2005-08-10,
2005-08-11,
2005-08-12,
2005-08-15,
2005-08-16,
2005-08-17,
2005-08-18,
2005-08-19,
2005-08-22,
2005-08-23,
2005-08-24,
2005-08-25,
2005-08-26,
2005-08-29,
2005-08-30,
2005-08-31,
2005-09-01,
2005-09-02,
2005-09-06,
2005-09-07,
2005-09-08,
2005-09-09,
2005-09-12,
2005-09-13,
2005-09-14,
2005-09-15,
2005-09-16,
2005-09-19,
2005-09-20,
2005-09-21,
2005-09-22,
2005-09-23,
2005-09-26,
2005-09-27,
2005-09-28,
2005-09-29,
2005-09-30,
2005-10-03,
2005-10-04,
2005-10-05,
2005-10-06,
2005-10-07,
2005-10-10,
2005-10-11,
2005-10-12,
2005-10-13,
2005-10-14,
2005-10-17,
2005-10-18,
2005-10-19,
2005-10-20,
2005-10-21,
2005-10-24,
2005-10-25,
2005-10-26,
2005-10-27,
2005-10-28,
2005-10-31,
2005-11-01,
2005-11-02,
2005-11-03,
2005-11-04,
2005-11-07,
2005-11-08,
2005-11-09,
2005-11-10,
2005-11-11,
2005-11-14,
2005-11-15,
2005-11-16,
2005-11-17,0.0731691708844084
2005-11-18,0.08001821600173985
2005-11-21,0.0808328893852135
2005-11-22,0.08178256449354297
2005-11-23,0.08326589684990479
2005-11-25,0.08784210166049333
2005-11-28,0.09266240304688451
2005-11-29,0.0891107584013473
2005-11-30,0.09122644200324775
2005-12-01,0.0831554738408775
2005-12-02,0.06646755880964247
2005-12-05,0.06563385020575335
2005-12-06,0.06687787966736342
2005-12-07,0.10040588214980291
2005-12-08,0.10245521635838746
2005-12-09,0.09738924917742486
2005-12-12,0.09555281462342564
2005-12-13,0.09209224806117035
2005-12-14,0.0605001830432397
2005-12-15,0.0519712820086906
2005-12-16,0.05275946446469331
2005-12-19,0.0525159467966899
2005-12-20,0.05536581245689772
2005-12-21,0.0527354451973759
2005-12-22,0.06362067516395871
2005-12-23,0.06629557383533437
2005-12-27,0.07207699255855926
2005-12-28,0.06588944628284317
2005-12-29,0.06420235829084911
2005-12-30,0.06464645582301745
2006-01-03,0.06265285202296136
2006-01-04,0.056791692830313364
2006-01-05,0.05977252738423922
2006-01-06,0.054774184924519714
2006-01-09,0.056281600370054
2006-01-10,0.06324390910841303
2006-01-11,0.05972456000340291
2006-01-12,0.05747250336796223
2006-01-13,0.06572981839402323
2006-01-17,0.06403660269001783
2006-01-18,0.06448857374274662
2006-01-19,0.05707550881059624
2006-01-20,0.05564386412963754
2006-01-23,0.054562895911231084
2006-01-24,0.055350757615045376
2006-01-25,0.0396692794272489
2006-01-26,0.04045232894807537
2006-01-27,0.04007635190153866
2006-01-30,0.03795214673265714
2006-01-31,0.04054559119124671
2006-02-01,0.04032280645399181
2006-02-02,0.04079034507148604
2006-02-03,0.03478760177108673
2006-02-06,0.042430520150491154
2006-02-07,0.05884091993199697
2006-02-08,0.058948779119106814
2006-02-09,0.06602915492122316
2006-02-10,0.08648801621149994
2006-02-13,0.08603163136274533
2006-02-14,0.07997468043334435
2006-02-15,0.07703966900147374
2006-02-16,0.0762784592099381
2006-02-17,0.08208996269635384
2006-02-21,0.08186917196787967
2006-02-22,0.09005328795313036
2006-02-23,0.0935201828907827
2006-02-24,0.09018504943466553
2006-02-27,0.09030428524035891
2006-02-28,0.09524798777814461
2006-03-01,0.09505396354858188
2006-03-02,0.08904063386553153
2006-03-03,0.09244029048247608
2006-03-06,0.09831986320444137
2006-03-07,0.09775333633593253
2006-03-08,0.10688102276014569
2006-03-09,0.10750886121752744
2006-03-10,0.10850482510695764
2006-03-13,0.1106784032595633
2006-03-14,0.11950318499141324
2006-03-15,0.11792265237451864
2006-03-16,0.11756117729023023
2006-03-17,0.12179860001413406
2006-03-20,0.12245270132526695
2006-03-21,0.12163836516758991
2006-03-22,0.11472854583843888
2006-03-23,0.11761296332385147
2006-03-24,0.12599580351321776
2006-03-27,0.12378515649577039
2006-03-28,0.12846264301728938
2006-03-29,0.12152174134375944
2006-03-30,0.10483017591640566
2006-03-31,0.10650218658181239
2006-04-03,0.10650247550145084
2006-04-04,0.10679281811169196
2006-04-05,0.10652126292650022
2006-04-06,0.09955921441560042
2006-04-07,0.10760894691872348
2006-04-10,0.10908125197122533
2006-04-11,0.10636680765312004
2006-04-12,0.10354559101081082
2006-04-13,0.10212748956942586
2006-04-17,0.10804034596006357
2006-04-18,0.10956124804163106
2006-04-19,0.08760107535999408
2006-04-20,0.0866231688250138
2006-04-21,0.09479964355479092
2006-04-24,0.08500735597657012
2006-04-25,0.07079261395016978
2006-04-26,0.06968381595577096
2006-04-27,0.07132145407800504
2006-04-28,0.0754337319726827
2006-05-01,0.07613246219355546
2006-05-02,0.07944404601410464
2006-05-03,0.08074533284450836
2006-05-04,0.0804583400927982
2006-05-05,0.08280782847575444
2006-05-08,0.07754580224262801
2006-05-09,0.07581230696592817
2006-05-10,0.07694674723197491
2006-05-11,0.07481056730500572
2006-05-12,0.07910625922474619
2006-05-15,0.06285522711434446
2006-05-16,0.06961705186637836
2006-05-17,0.073059925430485
2006-05-18,0.06107622763582676
2006-05-19,0.054734884240247465
2006-05-22,0.05472036506695352
2006-05-23,0.05570096521860116
2006-05-24,0.052971951168425846
2006-05-25,0.051919015818997806
2006-05-26,0.05178042751229978
2006-05-30,0.051595841456488004
2006-05-31,0.06247227626021518
2006-06-01,0.05785706382801077
2006-06-02,0.06549389851370493
2006-06-05,0.06606125482504568
2006-06-06,0.06018915032678346
2006-06-07,0.06214947971212611
2006-06-08,0.05794636959179543
2006-06-09,0.05475475788782275
2006-06-12,0.05915762955955307
2006-06-13,0.05300788793930435
2006-06-14,0.0544408317292902
2006-06-15,0.044774678530439246
2006-06-16,0.03990463431940846
2006-06-19,0.04116169430406114
2006-06-20,0.03984960820262055
2006-06-21,0.03940586417551653
2006-06-22,0.045262664187686014
2006-06-23,0.045166687965225424
2006-06-26,0.04606114898838048
2006-06-27,0.042748391184195045
2006-06-28,0.039667279247472396
2006-06-29,0.0460174630648266
2006-06-30,0.0630918689259309
2006-07-03,0.051289415882855925
2006-07-05,0.04418244651860184
2006-07-06,0.04722260386979757
2006-07-07,0.044070752760412626
2006-07-10,0.0424890769497649
2006-07-11,0.04711196391776296
2006-07-12,0.04770848520440738
2006-07-13,0.048845059185960375
2006-07-14,0.04747173022978677
2006-07-17,0.043880143582749685
2006-07-18,0.05083741841429515
2006-07-19,0.059557834317712194
2006-07-20,0.053461947550066814
2006-07-21,0.058747393218401785
2006-07-24,0.05991662236555169
2006-07-25,0.0591418701515108
2006-07-26,0.0610137307692587
2006-07-27,0.060218812940511623
2006-07-28,0.058237088398861034
2006-07-31,0.05864134841651246
2006-08-01,0.05969096371153388
2006-08-02,0.06047363012333015
2006-08-03,0.05834371885002548
2006-08-04,0.05871064973691162
2006-08-07,0.05763417923668633
2006-08-08,0.05803160837594305
2006-08-09,0.05687723983273656
2006-08-10,0.058692281072348834
2006-08-11,0.0548359114178502
2006-08-14,0.05625291095927101
2006-08-15,0.0523362863305859
2006-08-16,0.051605022231417795
2006-08-17,0.046331279723780115
2006-08-18,0.04759749151504143
2006-08-21,0.051610755870885164
2006-08-22,0.05144526452312258
2006-08-23,0.051372456455064726
2006-08-24,0.0513953656452953
2006-08-25,0.05101163990428955
2006-08-28,0.050103826463097974
2006-08-29,0.05008466824758213
2006-08-30,0.05627080715114412
2006-08-31,0.054730633510878764
2006-09-01,0.0605317543837464
2006-09-05,0.05416307653356085
2006-09-06,0.05458903235388403
2006-09-07,0.05152079081536653
2006-09-08,0.05062105690704855
2006-09-11,0.05093353092247506
2006-09-12,0.04989642182827029
2006-09-13,0.05258071684420365
2006-09-14,0.05701929540640857
2006-09-15,0.06139093389533506
2006-09-18,0.06319237838647782
2006-09-19,0.04713472777050939
2006-09-20,0.0477205418574487
2006-09-21,0.0448266803652491
2006-09-22,0.04623007692359086
2006-09-25,0.04483881330513476
2006-09-26,0.045450191949660275
2006-09-27,0.04316254208119673
2006-09-28,0.03960245379113968
2006-09-29,0.04144274142121413
2006-10-02,0.03876004343190695
2006-10-03,0.03837598459417085
2006-10-04,0.032913485173337496
2006-10-05,0.030033378359127123
2006-10-06,0.03319847045947045
2006-10-09,0.033123545076524104
2006-10-10,0.03471394847191861
2006-10-11,0.035110487373624794
2006-10-12,0.029315660131643526
2006-10-13,0.02496581363020831
2006-10-16,0.02661098127585478
2006-10-17,0.026369590948238257
2006-10-18,0.02652280048427953
2006-10-19,0.02552338452737309
2006-10-20,0.02739678749465267
2006-10-23,0.02618683891707255
2006-10-24,0.024777274506696687
2006-10-25,0.03493319596367489
2006-10-26,0.03623325188123523
2006-10-27,0.035632034010815467
2006-10-30,0.03664844811540162
2006-10-31,0.04015451374143392
2006-11-01,0.0438166628900231
2006-11-02,0.04398589414860619
2006-11-03,0.03867988369013586
2006-11-06,0.036514435294929454
2006-11-07,0.03602012857829339
2006-11-08,0.03231999564999031
2006-11-09,0.03852245414705481
2006-11-10,0.03888702178815332
2006-11-13,0.03891298485545659
2006-11-14,0.034961212345271546
2006-11-15,0.034622402352930785
2006-11-16,0.024775710452604457
2006-11-17,0.02507221293954098
2006-11-20,0.024672225282090957
2006-11-21,0.024041426503351792
2006-11-22,0.02390537740568329
2006-11-24,0.024190250307753743
2006-11-27,0.023751467399253764
2006-11-28,0.02205719820807824
2006-11-29,0.023385533164315634
2006-11-30,0.028529159843688225
2006-12-01,0.030029254149218865
2006-12-04,0.02993839725928018
2006-12-05,0.03366851692837574
2006-12-06,0.03543608058861283
2006-12-07,0.03720811863362409
2006-12-08,0.03835831526859152
2006-12-11,0.0442935067552256
2006-12-12,0.044425344591738664
2006-12-13,0.04844528608622599
2006-12-14,0.06535319257285102
2006-12-15,0.06432792558739486
2006-12-18,0.06506320734309026
2006-12-19,0.06393885756577593
2006-12-20,0.06245451491162405
2006-12-21,0.06166538278328017
2006-12-22,0.053776888281626814
2006-12-26,0.055068889512446886
2006-12-27,0.04953942076931308
2006-12-28,0.050777493646598615
2006-12-29,0.05069686141309668
2007-01-03,0.04435091991817489
2007-01-04,0.043065779515702465
2007-01-05,0.0485958548656026
2007-01-08,0.04784795289303086
2007-01-09,0.05087958471399261
2007-01-10,0.05158244833142562
2007-01-11,0.04689169588835671
2007-01-12,0.04083620543937411
2007-01-16,0.04142076471868941
2007-01-17,0.03392839079492632
2007-01-18,0.033751055119247496
2007-01-19,0.031688903996623934
2007-01-22,0.035780780155799066
2007-01-23,0.02789939650529368
2007-01-24,0.028081744068246265
2007-01-25,0.029601052109477104
2007-01-26,0.03415737815288977
2007-01-29,0.03376989662024499
2007-01-30,0.034182524098807635
2007-01-31,0.039373967104793545
2007-02-01,0.039023201217731306
2007-02-02,0.03782885455418463
2007-02-05,0.03737305978255355
2007-02-06,0.04323554508630824
2007-02-07,0.042343175394504357
2007-02-08,0.03267436300251179
2007-02-09,0.03025113262285053
2007-02-12,0.02526358054672358
2007-02-13,0.01679453253084439
2007-02-14,0.020761541734022615
2007-02-15,0.023647991705000142
2007-02-16,0.025329627405219726
2007-02-20,0.023112032537815606
2007-02-21,0.016553489664614597
2007-02-22,0.0179363102345064
2007-02-23,0.01982025268412862
2007-02-26,0.019535031291975605
2007-02-27,-0.008307258324739627
2007-02-28,-0.013255027521514685
2007-03-01,-0.016801622483848484
2007-03-02,-0.025732411411426615
2007-03-05,-0.022483337365816546
2007-03-06,-0.028803386177294197
2007-03-07,-0.03868958928509637
2007-03-08,-0.03870313678329858
2007-03-09,-0.036424587840236854
2007-03-12,-0.03616708312334871
2007-03-13,-0.041468522029721025
2007-03-14,-0.041675925306768495
2007-03-15,-0.04536711748565325
2007-03-16,-0.044452477755027996
2007-03-19,-0.04659808871134956
2007-03-20,-0.047341618938830696
2007-03-21,-0.04724212946422342
2007-03-22,-0.048465423411404224
2007-03-23,-0.04644372806536423
2007-03-26,-0.046176341129949186
2007-03-27,-0.053399484652038684
2007-03-28,-0.05153007798041115
2007-03-29,-0.05496616548911664
2007-03-30,-0.05029230106892445
2007-04-02,-0.039705500850832035
2007-04-03,-0.039975877382454866
2007-04-04,-0.039290168127238415
2007-04-05,-0.03951123159983171
2007-04-09,-0.03749651858876547
2007-04-10,-0.03161868875329874
2007-04-11,-0.039199457581639195
2007-04-12,-0.04087544293902037
2007-04-13,-0.04126154050123853
2007-04-16,-0.03644238214276409
2007-04-17,-0.03825586436291545
2007-04-18,-0.04217472576594473
2007-04-19,-0.041590992986733494
2007-04-20,-0.03320946146803668
2007-04-23,-0.038505617376366943
2007-04-24,-0.052855476516889814
2007-04-25,-0.04789846809795572
2007-04-26,-0.02699406072005465
2007-04-27,-0.02566032822439454
2007-04-30,-0.029345558828289424
2007-05-01,-0.030458480440863918
2007-05-02,-0.030111960835008403
2007-05-03,-0.03532544712679592
2007-05-04,-0.03310021022990388
2007-05-07,-0.030990689340159496
2007-05-08,-0.03282458969406105
2007-05-09,-0.030902274118165693
2007-05-10,-0.03180602831261046
2007-05-11,-0.03447523542918971
2007-05-14,-0.03087719559187013
2007-05-15,-0.030437402095317707
2007-05-16,-0.017518098686871344
2007-05-17,-0.023660324599946055
2007-05-18,-0.029995926284307396
2007-05-21,-0.0209963407069443
2007-05-22,-0.013915631089392077
2007-05-23,-0.014498344623003019
2007-05-24,-0.014079942922771857
2007-05-25,-0.014306344952180035
2007-05-29,-0.011482146558432714
2007-05-30,-0.011730819444916347
2007-05-31,-0.013589479924552885
2007-06-01,-0.024922224308450314
2007-06-04,-0.016884785102575222
2007-06-05,-0.02914082443962273
2007-06-06,-0.029552118336465247
2007-06-07,-0.0023511533896170282
2007-06-08,-0.0012305339339789487
2007-06-11,0.00020040898613224225
2007-06-12,0.012560142615218163
2007-06-13,0.0178913530781793
2007-06-14,0.022267025157901882
2007-06-15,0.019598778454870756
2007-06-18,0.032602776040169666
2007-06-19,0.03845999515620197
2007-06-20,0.04315450441447877
2007-06-21,0.04637615571081753
2007-06-22,0.04766534327630996
2007-06-25,0.04081523772491004
2007-06-26,0.04139834320829889
2007-06-27,0.042177189372258964
2007-06-28,0.04568542953022982
2007-06-29,0.044040111162002724
2007-07-02,0.04112534478419465
2007-07-03,0.02417177210462026
2007-07-05,0.029697835514649315
2007-07-06,0.030262375270011563
2007-07-09,0.02833272689030435
2007-07-10,0.03474783638393292
2007-07-11,0.037159796832503846
2007-07-12,0.028960658517154795
2007-07-13,0.028990638934203134
2007-07-16,0.02398556287272301
2007-07-17,0.024026703030462247
2007-07-18,0.030696895010422318
2007-07-19,0.019746653438173146
2007-07-20,0.013077270264580013
2007-07-23,0.01840960477187148
2007-07-24,0.016190034894896965
2007-07-25,0.014413514167169761
2007-07-26,0.004122219538290385
2007-07-27,0.001563174855726788
2007-07-30,0.0022420101995545426
2007-07-31,0.0009988346368415954
2007-08-01,0.0005893856915805237
2007-08-02,0.0009572859915462925
2007-08-03,0.0049865775477562985
2007-08-06,0.006483115649962297
2007-08-07,0.005524134835966811
2007-08-08,0.0014372143406407429
2007-08-09,-0.0018534178555372604
2007-08-10,-0.002364940179220068
2007-08-13,-0.006144119941308078
2007-08-14,-0.009105550798810504
2007-08-15,-0.009480343217725102
2007-08-16,-0.023566837312722785
2007-08-17,-0.028835263873843307
2007-08-20,-0.03004498451361397
2007-08-21,-0.03034660453407361
2007-08-22,-0.037016656335930286
2007-08-23,-0.03732102271678107
2007-08-24,-0.03286598132282031
2007-08-27,-0.033456193376080266
2007-08-28,-0.03412200626018311
2007-08-29,-0.03505035198923385
2007-08-30,-0.03694470026935298
2007-08-31,-0.03783336936863569
2007-09-04,-0.039832796377083805
2007-09-05,-0.03878307040200922
2007-09-06,-0.03351054953040784
2007-09-07,-0.026634749702378335
2007-09-10,-0.022115806671592755
2007-09-11,-0.02275960695579921
2007-09-12,-0.02632172379112618
2007-09-13,-0.02049589137570233
2007-09-14,-0.020736749459578475
2007-09-17,-0.021429918260264965
2007-09-18,-0.026648242127322558
2007-09-19,-0.02130398701834549
2007-09-20,-0.026150439745189036
2007-09-21,-0.030335625598818916
2007-09-24,-0.03835606395912389
2007-09-25,-0.04148655779238128
2007-09-26,-0.04150491931176603
2007-09-27,-0.035791768022250744
2007-09-28,-0.03037405927690158
2007-10-01,-0.02860512628897937
2007-10-02,-0.033850763591527507
2007-10-03,-0.031044012167937007
2007-10-04,-0.03241169595981085
2007-10-05,-0.029963462150534085
2007-10-08,-0.024370777759626417
2007-10-09,-0.02505803787023555
2007-10-10,-0.02551198409473806
2007-10-11,-0.02903666766001351
2007-10-12,-0.03289983843765233
2007-10-15,-0.03319927257557712
2007-10-16,-0.026361658191428584
2007-10-17,-0.03678566396857036
2007-10-18,-0.02846034818867294
2007-10-19,-0.033203902235849854
2007-10-22,-0.030867738548968588
2007-10-23,-0.032999953860479395
2007-10-24,-0.03772060976023657
2007-10-25,-0.03913903863851733
2007-10-26,-0.04820446934847188
2007-10-29,-0.050811755070024375
2007-10-30,-0.05032369764864844
2007-10-31,-0.06186090717669758
2007-11-01,-0.07314177342545339
2007-11-02,-0.07465789281662348
2007-11-05,-0.0721403668193218
2007-11-06,-0.07514292967813044
2007-11-07,-0.0726493587229907
2007-11-08,-0.07295724543618097
2007-11-09,-0.07010185636356138
2007-11-12,-0.07804249849241293
2007-11-13,-0.07831871903753415
2007-11-14,-0.0774708716550508
2007-11-15,-0.09285642958341313
2007-11-16,-0.09251017950307099
2007-11-19,-0.09899770332385942
2007-11-20,-0.1031100959917451
2007-11-21,-0.10370646466798217
2007-11-23,-0.09976283752027239
2007-11-26,-0.09814179126435167
2007-11-27,-0.08832712775420937
2007-11-28,-0.0849417222685243
2007-11-29,-0.09319156681228172
2007-11-30,-0.08965493682518105
2007-12-03,-0.0917164386888596
2007-12-04,-0.0911603413812533
2007-12-05,-0.08161092264386342
2007-12-06,-0.08809359802556502
2007-12-07,-0.0825199068951758
2007-12-10,-0.08861828923965417
2007-12-11,-0.1111739462957317
2007-12-12,-0.12481292926509871
2007-12-13,-0.1047473650583456
2007-12-14,-0.10578781613151005
2007-12-17,-0.11014435161648
2007-12-18,-0.10493912174107806
2007-12-19,-0.10486866824521385
2007-12-20,-0.10257255995126559
2007-12-21,-0.11615493852119153
2007-12-24,-0.1146264932797645
2007-12-26,-0.12105910739526388
2007-12-27,-0.12148327034154441
2007-12-28,-0.10422157803629233
2007-12-31,-0.10516933830526384
2008-01-02,-0.08090898720983655
2008-01-03,-0.07597255192356595
2008-01-04,-0.07243861705127745
2008-01-07,-0.0815281203052841
2008-01-08,-0.08320753330132895
2008-01-09,-0.08344128263984008
2008-01-10,-0.09819734932182733
2008-01-11,-0.09748158107728717
2008-01-14,-0.08968628942066055
2008-01-15,-0.09963784516634171
2008-01-16,-0.0902450888722618
2008-01-17,-0.09108440521785917
2008-01-18,-0.09284881555722892
2008-01-22,-0.08774197727935022
2008-01-23,-0.07889385493546845
2008-01-24,-0.10293424571526336
2008-01-25,-0.10338761341352423
2008-01-28,-0.10631963737965225
2008-01-29,-0.10405742181506338
2008-01-30,-0.10715751920359913
2008-01-31,-0.11362858179525565
2008-02-01,-0.11903030973604542
2008-02-04,-0.11586543365952932
2008-02-05,-0.12149360345173842
2008-02-06,-0.1253739604792136
2008-02-07,-0.13210539903279583
2008-02-08,-0.1253373412080731
2008-02-11,-0.1226805584573531
2008-02-12,-0.11512392060187288
2008-02-13,-0.11439019515890633
2008-02-14,-0.11823745330859695
2008-02-15,-0.12055443769925125
2008-02-19,-0.13184127271344542
2008-02-20,-0.12460619216388504
2008-02-21,-0.12339099788607302
2008-02-22,-0.12469282322132563
2008-02-25,-0.12241305582761204
2008-02-26,-0.1238301457250463
2008-02-27,-0.10123221737877514
2008-02-28,-0.08680642599143878
2008-02-29,-0.08641776627220137
2008-03-03,-0.08126113608043913
2008-03-04,-0.06774956707210172
2008-03-05,-0.07942375682399175
2008-03-06,-0.08285888060387119
2008-03-07,-0.08305102068139472
2008-03-10,-0.08835356266720608
2008-03-11,-0.08802709202424726
2008-03-12,-0.07553237087856086
2008-03-13,-0.07961571683796603
2008-03-14,-0.07803865516725672
2008-03-17,-0.07667212376288286
2008-03-18,-0.06962281532125227
2008-03-19,-0.09578548783871986
2008-03-20,-0.09726600724437405
2008-03-24,-0.09774060880017042
2008-03-25,-0.09382954736643725
2008-03-26,-0.09614595323546228
2008-03-27,-0.09460593149958865
2008-03-28,-0.1009878378205076
2008-03-31,-0.10356463269617722
2008-04-01,-0.07046575762806127
2008-04-02,-0.06799050620445175
2008-04-03,-0.06806617432965714
2008-04-04,-0.06539524927391108
2008-04-07,-0.06754652634454496
2008-04-08,-0.06769767451859789
2008-04-09,-0.05981526273925961
2008-04-10,-0.058756188298031545
2008-04-11,-0.060332591522373004
2008-04-14,-0.05775574813015961
2008-04-15,-0.06158801719803207
2008-04-16,-0.06664449724112931
2008-04-17,-0.06668071070024494
2008-04-18,-0.06644585630431567
2008-04-21,-0.06541910754999586
2008-04-22,-0.06457661363509706
2008-04-23,-0.0613106149562108
2008-04-24,-0.05190849676957788
2008-04-25,-0.057060885104862576
2008-04-28,-0.05646034827081719
2008-04-29,-0.0561996086383066
2008-04-30,-0.05357760549352299
2008-05-01,-0.0525422840750661
2008-05-02,-0.05431177065280936
2008-05-05,-0.055819092552919586
2008-05-06,-0.05668604535538353
2008-05-07,-0.058920265534862126
2008-05-08,-0.05463859436267686
2008-05-09,-0.05300022135069803
2008-05-12,-0.05167637692597876
2008-05-13,-0.042815597821830635
2008-05-14,-0.04274907321279375
2008-05-15,-0.03636607880117456
2008-05-16,-0.0418739835885724
2008-05-19,-0.04026795461545985
2008-05-20,-0.03731442260608542
2008-05-21,-0.03930118703081428
2008-05-22,-0.03277365129779841
2008-05-23,-0.03233834509310335
2008-05-27,-0.0257741760102631
2008-05-28,-0.024340288103632392
2008-05-29,-0.014563619798763845
2008-05-30,-0.011294701422615195
2008-06-02,-0.00798425171167054
2008-06-03,-0.011507336201622198
2008-06-04,-0.011093208520349626
2008-06-05,-0.010271723920463402
2008-06-06,-0.009862754596171452
2008-06-09,-0.010505993897209055
2008-06-10,-0.0018207840188176894
2008-06-11,-0.0095645332134439
2008-06-12,-0.004863096743437142
2008-06-13,-0.005020797559790436
2008-06-16,-0.005778719992359732
2008-06-17,-0.005648820549252053
2008-06-18,-0.0047998347096063175
2008-06-19,-0.009140063394184245
2008-06-20,-0.008895743310424063
2008-06-23,-0.010733057707341644
2008-06-24,-0.00874165498458291
2008-06-25,-0.0088834045240291
2008-06-26,-0.0007203094333183673
2008-06-27,0.0028415678882773936
2008-06-30,0.0033278621028730356
2008-07-01,0.00020274021107400428
2008-07-02,-0.0005000733530706521
2008-07-03,-0.001966415326724674
2008-07-07,-0.0023102352661561977
2008-07-08,-0.004066232105286946
2008-07-09,-0.0046231733544474865
2008-07-10,-0.006788229497319332
2008-07-11,-0.014444670473386045
2008-07-14,-0.012353024051073238
2008-07-15,-0.010851135746619925
2008-07-16,0.0026199810437020753
2008-07-17,0.0019645890157920106
2008-07-18,0.002364943900794733
2008-07-21,0.0012191629187150946
2008-07-22,0.005559132889517705
2008-07-23,0.00810931414117951
2008-07-24,0.01107338370331414
2008-07-25,0.015924599134576972
2008-07-28,0.016026731802169847
2008-07-29,0.01869393751721003
2008-07-30,0.01861076724696126
2008-07-31,0.02035850954057186
2008-08-01,0.020034075055193414
2008-08-04,0.01920156152958931
2008-08-05,0.02500989024813741
2008-08-06,0.024060586563148117
2008-08-07,0.021310647395029636
2008-08-08,0.020350263688170563
2008-08-11,0.03590043662290625
2008-08-12,0.03369455745604966
2008-08-13,0.0320196667704048
2008-08-14,0.025451200518917385
2008-08-15,0.02684547046110904
2008-08-18,0.02920720007338203
2008-08-19,0.0261418541156756
2008-08-20,0.025948579660257508
2008-08-21,0.023990644122500526
2008-08-22,0.024760417278486713
2008-08-25,0.02213398918487753
2008-08-26,0.02264427047589913
2008-08-27,0.02297882195576732
2008-08-28,0.02356621580796236
2008-08-29,0.025735095220806248
2008-09-02,0.015760541629259387
2008-09-03,0.015174510174898525
2008-09-04,0.013092283296338889
2008-09-05,0.014805758533331657
2008-09-08,0.011310398230248564
2008-09-09,0.0006157749722418414
2008-09-10,0.00787572289686086
2008-09-11,0.008208416025458406
2008-09-12,-0.008258889983691458
2008-09-15,0.018090659240795632
2008-09-16,0.016507215104860716
2008-09-17,0.03129811430627608
2008-09-18,0.04393834923605441
2008-09-19,0.018117101448094797
2008-09-22,0.018758866468075612
2008-09-23,0.020101627434779328
2008-09-24,0.01794444055986277
2008-09-25,0.01826785269451343
2008-09-26,0.016939149285284196
2008-09-29,0.04079887543889885
2008-09-30,0.07317945310576332
2008-10-01,0.07776248577260998
2008-10-02,0.06760883410557758
2008-10-03,0.06704268700333287
2008-10-06,0.07736790336959229
2008-10-07,0.07319782071011963
2008-10-08,0.06391822609925722
2008-10-09,0.06275093832896857
2008-10-10,0.07498650577268001
2008-10-13,0.08072239915708114
2008-10-14,0.08032223225462892
2008-10-15,0.08290737561122082
2008-10-16,0.0907100427891444
2008-10-17,0.09271885321380316
2008-10-20,0.09728694767228657
2008-10-21,0.09298439649347569
2008-10-22,0.0643895128938713
2008-10-23,0.06134374106387536
2008-10-24,0.056038948750600406
2008-10-27,0.05756997109025738
2008-10-28,0.04903386258851659
2008-10-29,0.048447949190117356
2008-10-30,0.05569720974772813
2008-10-31,0.06366643643478005
2008-11-03,0.062071738459420905
2008-11-04,0.0847450792130519
2008-11-05,0.07760229830383437
2008-11-06,0.07846066352083207
2008-11-07,0.07772967205274406
2008-11-10,0.07926256292934603
2008-11-11,0.08233237962538179
2008-11-12,0.07916234328828312
2008-11-13,0.06119849144098425
2008-11-14,0.07343212398273326
2008-11-17,0.07267048661932608
2008-11-18,0.0728823503592463
2008-11-19,0.0714360076158541
2008-11-20,0.08473137702264809
2008-11-21,0.06010777067267614
2008-11-24,0.051511006229826024
2008-11-25,0.04768339628148818
2008-11-26,0.04668781773804899
2008-11-28,0.049016282485571425
2008-12-01,0.0046362426247490655
2008-12-02,0.003962072588612092
2008-12-03,0.0038162096338813364
2008-12-04,-0.0015400229223500308
2008-12-05,0.004283197640143645
2008-12-08,0.0008571822062151182
2008-12-09,0.0037831980574156133
2008-12-10,0.005999397293949565
2008-12-11,0.010560183898524072
2008-12-12,0.005026230720459635
2008-12-15,0.00916136602874523
2008-12-16,0.01921498979070914
2008-12-17,0.022840428724098305
2008-12-18,0.016212331587806033
2008-12-19,0.015798394592068873
2008-12-22,0.01942700828187907
2008-12-23,0.019945127316127877
2008-12-24,0.022486516705762006
2008-12-26,0.023301395652489704
2008-12-29,0.018546532335821625
2008-12-30,0.018310360723330435
2008-12-31,0.00861089363025078
2009-01-02,0.010492671435252798
2009-01-05,0.020088149354050025
2009-01-06,0.0188209987411839
2009-01-07,0.018110801176666008
2009-01-08,0.017519662368984387
2009-01-09,0.02255629352518273
2009-01-12,0.015622746253487299
2009-01-13,0.015091517284318904
2009-01-14,0.014562705183797542
2009-01-15,0.012607980771182133
2009-01-16,0.004728955172695391
2009-01-20,0.0057802552297956805
2009-01-21,0.006609619291915072
2009-01-22,0.0046088920672782
2009-01-23,0.0067635709697274555
2009-01-26,0.005322915562348539
2009-01-27,0.004061575417085939
2009-01-28,0.007911138448688309
2009-01-29,-0.0003570602245088788
2009-01-30,-0.0008223765456794006
2009-02-02,-0.006878175400432738
2009-02-03,-0.0056465989645955
2009-02-04,-0.004298833346997066
2009-02-05,-0.003400780939661963
2009-02-06,0.000641336481545712
2009-02-09,-0.0022840934723651167
2009-02-10,0.004833259051544867
2009-02-11,0.0069958437632063825
2009-02-12,0.005642819129324462
2009-02-13,0.009389007599239193
2009-02-17,0.02468867677130136
2009-02-18,0.02719059927256418
2009-02-19,0.028754528346118895
2009-02-20,0.0317204660703025
2009-02-23,0.03171782556361267
2009-02-24,0.03127166358584327
2009-02-25,0.03453808000972409
2009-02-26,0.034619272985439806
2009-02-27,0.03175278988850347
2009-03-02,0.026554415048228124
2009-03-03,0.028199891871627077
2009-03-04,0.025738476764617258
2009-03-05,0.04493903800304736
2009-03-06,0.04545051457818141
2009-03-09,0.04730797934369619
2009-03-10,0.055875350915808523
2009-03-11,0.05804293594345587
2009-03-12,0.056465213966082686
2009-03-13,0.058154494990745716
2009-03-16,0.05862193468852723
2009-03-17,0.05879374272623025
2009-03-18,0.07479719179513072
2009-03-19,0.08460450368372187
2009-03-20,0.08683441704226345
2009-03-23,0.09007274178590746
2009-03-24,0.08685474760266157
2009-03-25,0.08500514981175278
2009-03-26,0.08443379477022729
2009-03-27,0.08549442483810442
2009-03-30,0.08592697472750743
2009-03-31,0.07641231028543809
2009-04-01,0.07702139014311458
2009-04-02,0.08164290117330927
2009-04-03,0.08447558202525324
2009-04-06,0.08716402053228918
2009-04-07,0.08709683562943567
2009-04-08,0.08383838702884748
2009-04-09,0.08400343086483689
2009-04-13,0.08679424548184644
2009-04-14,0.08619608286115496
2009-04-15,0.0876024989173563
2009-04-16,0.0930505254291822
2009-04-17,0.09382253251329219
2009-04-20,0.09769353442511379
2009-04-21,0.09786783885259896
2009-04-22,0.09720057244622649
2009-04-23,0.09632410988412532
2009-04-24,0.09158633676968021
2009-04-27,0.091171002801003
2009-04-28,0.09432361388967454
2009-04-29,0.0945981308714821
2009-04-30,0.09442002923026085
2009-05-01,0.09505210716964828
2009-05-04,0.09737684708830509
2009-05-05,0.09777382678927032
2009-05-06,0.09761460120610604
2009-05-07,0.09793468639879811
2009-05-08,0.09614192942236206
2009-05-11,0.09509652030256029
2009-05-12,0.09546534990332367
2009-05-13,0.09298956551862589
2009-05-14,0.09292858356707004
2009-05-15,0.0903596348667969
2009-05-18,0.09517809592539751
2009-05-19,0.09450499657577659
2009-05-20,0.09538423188005031
2009-05-21,0.08774604429968387
2009-05-22,0.08525609968564084
2009-05-26,0.08585382504368187
2009-05-27,0.08446347119702746
2009-05-28,0.08572419108351019
2009-05-29,0.08961096484292617
2009-06-01,0.09010843492654534
2009-06-02,0.09027205083020351
2009-06-03,0.08859786860326116
2009-06-04,0.0817788085697996
2009-06-05,0.08436646065929451
2009-06-08,0.0793294769544339
2009-06-09,0.07935470092730507
2009-06-10,0.07663761157198613
2009-06-11,0.07690400439236511
2009-06-12,0.07216613477830777
2009-06-15,0.07058228248892275
2009-06-16,0.07262250330544791
2009-06-17,0.07214139823153048
2009-06-18,0.07251040866505992
2009-06-19,0.07311676957066364
2009-06-22,0.07042869987938838
2009-06-23,0.0717292406328886
2009-06-24,0.07040729930796426
2009-06-25,0.072539079067104
2009-06-26,0.06960843483537744
2009-06-29,0.0680975934438065
2009-06-30,0.0683376665377295
2009-07-01,0.06843943481598148
2009-07-02,0.0676224078254117
2009-07-06,0.0674024777190659
2009-07-07,0.0679394934556082
2009-07-08,0.06374306601928162
2009-07-09,0.0627229548036239
2009-07-10,0.06304818155152517
2009-07-13,0.06643823000424386
2009-07-14,0.06347771951123071
2009-07-15,0.05683654127358325
2009-07-16,0.05175634587992184
2009-07-17,0.051555370895581924
2009-07-20,0.05255898064462751
2009-07-21,0.051387686287687924
2009-07-22,0.04933222472687894
2009-07-23,0.048979185134577975
2009-07-24,0.0479797387075923
2009-07-27,0.048003533986649145
2009-07-28,0.04570022573745986
2009-07-29,0.044155170157048354
2009-07-30,0.04514177220015347
2009-07-31,0.04923594038965205
2009-08-03,0.04805780945447822
2009-08-04,0.0464808796709066
2009-08-05,0.043688705470934966
2009-08-06,0.043973463552924016
2009-08-07,0.04678331002437288
2009-08-10,0.04589318457470341
2009-08-11,0.0401132212254068
2009-08-12,0.0410056793448793
2009-08-13,0.04317219077339501
2009-08-14,0.04545894180136021
2009-08-17,0.04490410718985657
2009-08-18,0.04376228289414041
2009-08-19,0.045551804021019125
2009-08-20,0.04532681038513419
2009-08-21,0.041621828833010396
2009-08-24,0.03748869445241645
2009-08-25,0.03816926352915522
2009-08-26,0.038122070852433146
2009-08-27,0.03785884348860319
2009-08-28,0.0383065239091867
2009-08-31,0.03782759471651265
2009-09-01,0.04209690406828575
2009-09-02,0.04706019471761559
2009-09-03,0.04670661152032607
2009-09-04,0.04667007774643956
2009-09-08,0.04698969645043014
2009-09-09,0.051879156530625706
2009-09-10,0.05050227295857083
2009-09-11,0.05114352811089917
2009-09-14,0.05913699977332655
2009-09-15,0.047163533690327386
2009-09-16,0.04737072915071712
2009-09-17,0.04070408677917451
2009-09-18,0.03437364870063518
2009-09-21,0.0546995284891877
2009-09-22,0.05568015515317299
2009-09-23,0.05459913169837132
2009-09-24,0.05535944484043043
2009-09-25,0.05387822533194139
2009-09-28,0.053675234330832905
2009-09-29,0.03874136168213029
2009-09-30,0.017041608268052007
2009-10-01,0.012583878958573134
2009-10-02,0.01811498897313111
2009-10-05,0.017714914157479483
2009-10-06,0.007507994179037537
2009-10-07,0.00947211366458424
2009-10-08,0.013401481939344307
2009-10-09,0.017448691407950447
2009-10-12,0.008116082864652787
2009-10-13,0.004877502380898776
2009-10-14,0.005540066213010925
2009-10-15,0.004595921057739867
2009-10-16,-2.1063293185440086e-05
2009-10-19,-0.002440065079782339
2009-10-20,-0.005550400851569684
2009-10-21,-0.0026585387586185658
2009-10-22,0.02065446459145734
2009-10-23,0.02390153223542852
2009-10-26,0.0326683369795706
2009-10-27,0.032236348917034904
2009-10-28,0.03731841500010359
2009-10-29,0.033409495400130204
2009-10-30,0.029199687948890617
2009-11-02,0.02280498863636884
2009-11-03,0.01841651722870231
2009-11-04,-0.003661420532752691
2009-11-05,0.005369938153379378
2009-11-06,0.0039846302458996985
2009-11-09,0.0044216799456375955
2009-11-10,0.00311441743914752
2009-11-11,0.00527504465187269
2009-11-12,0.009928832805244689
2009-11-13,0.025966536410593953
2009-11-16,0.023940273510305806
2009-11-17,0.025072632711264413
2009-11-18,0.026000310503534636
2009-11-19,0.028970439492215127
2009-11-20,0.013578557084558423
2009-11-23,0.03728327567278701
2009-11-24,0.04695446775177993
2009-11-25,0.050340732908430066
2009-11-27,0.049129023294705434
2009-11-30,0.050122458047862875
2009-12-01,0.10792303140514264
2009-12-02,0.1068040035037006
2009-12-03,0.10923089257704782
2009-12-04,0.12376510271076695
2009-12-07,0.11830224394304006
2009-12-08,0.11811144100720956
2009-12-09,0.11887998452695207
2009-12-10,0.12354061265038233
2009-12-11,0.12251546901879552
2009-12-14,0.12275933432965142
2009-12-15,0.11737539991297662
2009-12-16,0.10493393897068826
2009-12-17,0.07890993448924592
2009-12-18,0.08924841972498364
2009-12-21,0.09812943531443989
2009-12-22,0.10071557323330674
2009-12-23,0.1008388798256786
2009-12-24,0.09695173957625522
2009-12-28,0.09486496491396297
2009-12-29,0.09260606389142292
2009-12-30,0.09317654993684106
2009-12-31,0.09679377333743527
2010-01-04,0.09441420702339437
2010-01-05,0.08097551309862874
2010-01-06,0.07719673839504329
2010-01-07,0.08115484816796323
2010-01-08,0.08154896190569576
2010-01-11,0.08038308691683993
2010-01-12,0.08235457918415179
2010-01-13,0.07972834672652956
2010-01-14,0.08816283049167359
2010-01-15,0.08535919390079637
2010-01-19,0.09709378023173305
2010-01-20,0.08917878619458729
2010-01-21,0.0833727036136282
2010-01-22,0.08610254108081511
2010-01-25,0.09749092140274616
2010-01-26,0.09855065937173267
2010-01-27,0.10425699712331372
2010-01-28,0.09706965778498308
2010-01-29,0.11222390841500653
2010-02-01,0.10799810917954215
2010-02-02,0.12611906314474064
2010-02-03,0.12510332922347062
2010-02-04,0.10318577987660822
2010-02-05,0.10313324634030603
2010-02-08,0.10228625458449114
2010-02-09,0.10022108163104766
2010-02-10,0.0890515986694455
2010-02-11,0.07792751970923943
2010-02-12,0.08027852795834739
2010-02-16,0.0765221781357272
2010-02-17,0.05096214375441133
2010-02-18,0.054109622420614
2010-02-19,0.04709116513093268
2010-02-22,0.041421034187361344
2010-02-23,0.03596254058460095
2010-02-24,0.03533020324450539
2010-02-25,0.03088497548237885
2010-02-26,0.032047186344485196
2010-03-01,0.031157802601952778
2010-03-02,0.041260602112589154
2010-03-03,0.03883457379857543
2010-03-04,0.03570315989829638
2010-03-05,0.007427312783316084
2010-03-08,0.009383058271723201
2010-03-09,0.005869795563114066
2010-03-10,-0.01104535871541469
2010-03-11,-0.015313899773714204
2010-03-12,-0.0204047997840322
2010-03-15,-0.020271314306176548
2010-03-16,-0.01852736136736889
2010-03-17,-0.021409519076530794
2010-03-18,-0.06633824900276343
2010-03-19,-0.06780312786450765
2010-03-22,-0.0697567345073616
2010-03-23,-0.07584813906605006
2010-03-24,-0.058351259458279854
2010-03-25,-0.05447243959824775
2010-03-26,-0.05204114790971197
2010-03-29,-0.048356316834084666
2010-03-30,-0.0480811810645186
2010-03-31,-0.046575686282092105
2010-04-01,-0.04994705383232017
2010-04-05,-0.06391050870256958
2010-04-06,-0.0753168601067002
2010-04-07,-0.0739449183850058
2010-04-08,-0.07598569781214905
2010-04-09,-0.07438701792861438
2010-04-12,-0.07796352974419338
2010-04-13,-0.08494558962666982
2010-04-14,-0.0840509752706036
2010-04-15,-0.08374399188247157
2010-04-16,-0.09570036958243652
2010-04-19,-0.09901607922342595
2010-04-20,-0.11080723924287546
2010-04-21,-0.10927408144101164
2010-04-22,-0.10780627683450866
2010-04-23,-0.10943254404224446
2010-04-26,-0.10657140051620698
2010-04-27,-0.09607902229587555
2010-04-28,-0.10498065012209211
2010-04-29,-0.10354714069821393
2010-04-30,-0.1017219658549622
2010-05-03,-0.10318329138284345
2010-05-04,-0.11097729606894947
2010-05-05,-0.11101444752699655
2010-05-06,-0.07553727558110383
2010-05-07,-0.0768925145975356
2010-05-10,-0.07116963291219774
2010-05-11,-0.07091407375895432
2010-05-12,-0.07362960867888745
2010-05-13,-0.0768524842311804
2010-05-14,-0.07783354711868816
2010-05-17,-0.07639446657896438
2010-05-18,-0.08472769560654457
2010-05-19,-0.08573061162168559
2010-05-20,-0.09587551539137965
2010-05-21,-0.08240784683139017
2010-05-24,-0.08321300932526045
2010-05-25,-0.08588940668847328
2010-05-26,-0.09027807419938934
2010-05-27,-0.09430306018117447
2010-05-28,-0.11450339515820906
2010-06-01,-0.12132896150271526
2010-06-02,-0.1215238451803622
2010-06-03,-0.10994512436559754
2010-06-04,-0.08566264425527276
2010-06-07,-0.0898912865480047
2010-06-08,-0.08906555502715205
2010-06-09,-0.08869863590257286
2010-06-10,-0.07861844043292285
2010-06-11,-0.0738667057061606
2010-06-14,-0.06769449309153551
2010-06-15,-0.06549552464445528
2010-06-16,-0.07240727979726666
2010-06-17,-0.06789002499008873
2010-06-18,-0.07438237105814796
2010-06-21,-0.07245381685783163
2010-06-22,-0.06352509693879448
2010-06-23,-0.06625672754601401
2010-06-24,-0.06491490165586732
2010-06-25,-0.06946607639202536
2010-06-28,-0.0741735961824462
2010-06-29,-0.07368837062424677
2010-06-30,-0.07407283241614186
2010-07-01,-0.07294821605808363
2010-07-02,-0.07554990791619491
2010-07-06,-0.08089886878048366
2010-07-07,-0.08451877689075386
2010-07-08,-0.07242196678768331
2010-07-09,-0.07376921899128903
2010-07-12,-0.07343085341289042
2010-07-13,-0.07459926145462961
2010-07-14,-0.07180013170888745
2010-07-15,-0.05869838575679437
2010-07-16,-0.05955311708824421
2010-07-19,-0.05836616343896102
2010-07-20,-0.060770653094470044
2010-07-21,-0.06393593406595115
2010-07-22,-0.06656870607340963
2010-07-23,-0.06571951770881283
2010-07-26,-0.06533450915052733
2010-07-27,-0.05666526334261607
2010-07-28,-0.05099503688261441
2010-07-29,-0.04910132827819429
2010-07-30,-0.04536418537673367
2010-08-02,-0.058786059509830416
2010-08-03,-0.0555368697874545
2010-08-04,-0.05473125871081115
2010-08-05,-0.054667318893641875
2010-08-06,-0.05151809930850994
2010-08-09,-0.054400691083215845
2010-08-10,-0.04992020538649473
2010-08-11,-0.05096387756945783
2010-08-12,-0.05201293783063359
2010-08-13,-0.05666118320303234
2010-08-16,-0.04771247930780356
2010-08-17,-0.03881060197256603
2010-08-18,-0.03762698597984869
2010-08-19,-0.03850282917498049
2010-08-20,-0.03707202818633633
2010-08-23,-0.025579920749468358
2010-08-24,-0.012688374886544113
2010-08-25,-0.014531842297634963
2010-08-26,-0.0159359003440567
2010-08-27,-0.014284654450491268
2010-08-30,-0.01651676628646203
2010-08-31,-0.012857910947037615
2010-09-01,-0.008666119931290895
2010-09-02,-0.023170046515412688
2010-09-03,-0.017728343883683533
2010-09-07,-0.013183908485110099
2010-09-08,-0.013481334390240051
2010-09-09,-0.005439013918462352
2010-09-10,-0.009393640172959418
2010-09-13,-0.011738672678351164
2010-09-14,-0.008786624978338889
2010-09-15,-0.005946771681740193
2010-09-16,-0.008301101946276934
2010-09-17,-0.00544346215552975
2010-09-20,-0.00788803908181212
2010-09-21,-0.0033407772921237775
2010-09-22,-0.003929098918600645
2010-09-23,-0.003025847593863431
2010-09-24,-0.002820643261229185
2010-09-27,-0.00017195787100397983
2010-09-28,0.0019369200986090861
2010-09-29,0.0021371624454515014
2010-09-30,0.00289741399573611
2010-10-01,0.007117661020795113
2010-10-04,0.007821060667822665
2010-10-05,0.0033417062803442134
2010-10-06,0.015305650742456671
2010-10-07,0.019496497470432757
2010-10-08,0.0228118984832957
2010-10-11,0.014872556456992703
2010-10-12,0.01601949987587227
2010-10-13,0.013716908589062698
2010-10-14,0.010144533009126766
2010-10-15,0.011907196895445754
2010-10-18,0.01231788950240161
2010-10-19,0.0023240325491721463
2010-10-20,0.004614824631527549
2010-10-21,0.012352389203005472
2010-10-22,0.012781378278833784
2010-10-25,0.011960153066359693
2010-10-26,0.003627587484501566
2010-10-27,0.00826954542054882
2010-10-28,0.011469281832877307
2010-10-29,0.02290366475057025
2010-11-01,0.025558581673690788
2010-11-02,0.02960126622338372
2010-11-03,0.04547374199771737
2010-11-04,0.05585850626704241
2010-11-05,0.05433606438425261
2010-11-08,0.05563162121806171
2010-11-09,0.06904236228459841
2010-11-10,0.06943291603792333
2010-11-11,0.06800734278754327
2010-11-12,0.07250777188398869
2010-11-15,0.07788332325337528
2010-11-16,0.059950751981336446
2010-11-17,0.06053956344235338
2010-11-18,0.06260255682180141
2010-11-19,0.06261093507961579
2010-11-22,0.06392902500045722
2010-11-23,0.06568545463861285
2010-11-24,0.06612431036271262
2010-11-26,0.059320333579210356
2010-11-29,0.06196555209621883
2010-11-30,0.06388019461109488
2010-12-01,0.07020925252052401
2010-12-02,0.0702739227490148
2010-12-03,0.06222382584643174
2010-12-06,0.05003223174895086
2010-12-07,0.0652234896207869
2010-12-08,0.07113145436438878
2010-12-09,0.07142113056648974
2010-12-10,0.07125882947970827
2010-12-13,0.07180601693829179
2010-12-14,0.07122894315765589
2010-12-15,0.0763247437133171
2010-12-16,0.07511465880650794
2010-12-17,0.10242410079754566
2010-12-20,0.104829317158399
2010-12-21,0.09292589413063577
2010-12-22,0.09197372131220569
2010-12-23,0.09229083491701656
2010-12-27,0.09988730872041032
2010-12-28,0.08724655123783145
2010-12-29,0.09123525272601189
2010-12-30,0.09295624385880905
2010-12-31,0.09758969972226945
2011-01-03,0.10111930136695049
2011-01-04,0.09968338321504888
2011-01-05,0.11050313135175424
2011-01-06,0.11016118967072103
2011-01-07,0.109756522287537
2011-01-10,0.11341455665240271
2011-01-11,0.1275642120994365
2011-01-12,0.13083578484614486
2011-01-13,0.12527490419817214
2011-01-14,0.13054488093637912
2011-01-18,0.1302228985145614
2011-01-19,0.14134599820308014
2011-01-20,0.15364619167380794
2011-01-21,0.15267568092293282
2011-01-24,0.15296853629016952
2011-01-25,0.15171972565511876
2011-01-26,0.14662132268187228
2011-01-27,0.1405646517226107
2011-01-28,0.14510748825713427
2011-01-31,0.1550313792216775
2011-02-01,0.1530892622567508
2011-02-02,0.1514384024004232
2011-02-03,0.17763208288068835
2011-02-04,0.17904433809582276
2011-02-07,0.17932819175500334
2011-02-08,0.1806691657954704
2011-02-09,0.17890147342882168
2011-02-10,0.1847528589012354
2011-02-11,0.1816066315262322
2011-02-14,0.1820006663004155
2011-02-15,0.18154837752757022
2011-02-16,0.18265206416089333
2011-02-17,0.18416644207612043
2011-02-18,0.18324041806255506
2011-02-22,0.1940989851233291
2011-02-23,0.1955700521319266
2011-02-24,0.19174523132326898
2011-02-25,0.1913702980093787
2011-02-28,0.19139253546035234
2011-03-01,0.1935986339968943
2011-03-02,0.1943260344953494
2011-03-03,0.20065277433029416
2011-03-04,0.20286932542864405
2011-03-07,0.2007302330463841
2011-03-08,0.20142936996124755
2011-03-09,0.20017958580504924
2011-03-10,0.19031147648354596
2011-03-11,0.19158023070918495
2011-03-14,0.19164306209246476
2011-03-15,0.17424506996849515
2011-03-16,0.174968258578194
2011-03-17,0.17429452710865243
2011-03-18,0.1768154742537775
2011-03-21,0.1758499515448955
2011-03-22,0.17658510052049622
2011-03-23,0.163703610450825
2011-03-24,0.16715195636193556
2011-03-25,0.16653278398320104
2011-03-28,0.1662635818701896
2011-03-29,0.16827903886497833
2011-03-30,0.16705479356461067
2011-03-31,0.16777350306471958
2011-04-01,0.17084583252611257
2011-04-04,0.17088826187493378
2011-04-05,0.1624796555354806
2011-04-06,0.16088944825209475
2011-04-07,0.16043105218964462
2011-04-08,0.1601289384729971
2011-04-11,0.1602148379777807
2011-04-12,0.15702057510454098
2011-04-13,0.1570998048730626
2011-04-14,0.16419502327444466
2011-04-15,0.16727556341403635
2011-04-18,0.16738633625119653
2011-04-19,0.16544185368970585
2011-04-20,0.16395871944449306
2011-04-21,0.16606570101626938
2011-04-25,0.16626014265188094
2011-04-26,0.157137108793332
2011-04-27,0.1470044723704948
2011-04-28,0.14798904625969056
2011-04-29,0.14581114973303302
2011-05-02,0.14459224426702877
2011-05-03,0.15052674097822977
2011-05-04,0.14698755331698687
2011-05-05,0.10311158010144728
2011-05-06,0.09957021360031627
2011-05-09,0.09367422577470992
2011-05-10,0.09687025370671726
2011-05-11,0.0962544916218403
2011-05-12,0.09849105872378497
2011-05-13,0.09779709794068295
2011-05-16,0.09588521735458824
2011-05-17,0.09375971018910619
2011-05-18,0.09508669497873587
2011-05-19,0.10281379866593163
2011-05-20,0.10310193284716063
2011-05-23,0.10566150632059414
2011-05-24,0.1056093877103307
2011-05-25,0.10698851856905767
2011-05-26,0.1077513120677862
2011-05-27,0.10724461327880787
2011-05-31,0.10509128945842544
2011-06-01,0.10462149584835218
2011-06-02,0.10231150126831448
2011-06-03,0.0940482319295574
2011-06-06,0.08843736794900962
2011-06-07,0.08716194236558855
2011-06-08,0.08515679237783474
2011-06-09,0.0739585655003942
2011-06-10,0.06656167790609896
2011-06-13,0.06788842002951961
2011-06-14,0.06618048745970176
2011-06-15,0.06906906848793208
2011-06-16,0.06476803667995117
2011-06-17,0.06407116279086873
2011-06-20,0.061926681395191974
2011-06-21,0.057213945081352746
2011-06-22,0.05880943999779589
2011-06-23,0.05268604337874116
2011-06-24,0.05344608967886359
2011-06-27,0.062153821848360304
2011-06-28,0.06087520814216995
2011-06-29,0.05841230267576046
2011-06-30,0.06426458873569527
2011-07-01,0.06915211825063557
2011-07-05,0.077985146705765
2011-07-06,0.08519064320785429
2011-07-07,0.08364948479728446
2011-07-08,0.08990235821179847
2011-07-11,0.09474385071163789
2011-07-12,0.09899223623231379
2011-07-13,0.10070838624501104
2011-07-14,0.10020581721469717
2011-07-15,0.10423920448036024
2011-07-18,0.09815024323476057
2011-07-19,0.08389339712977986
2011-07-20,0.08619932479915371
2011-07-21,0.0933742962199437
2011-07-22,0.09219222792504675
2011-07-25,0.08816435019755459
2011-07-26,0.0810700381003128
2011-07-27,0.08086345724419729
2011-07-28,0.08083490861599635
2011-07-29,0.07860061561434212
2011-08-01,0.07596750787619587
2011-08-02,0.10277899128982873
2011-08-03,0.10462661752881644
2011-08-04,0.09199319270900447
2011-08-05,0.08071542438268912
2011-08-08,0.11666754406724482
2011-08-09,0.11722557466000219
2011-08-10,0.15386045043950866
2011-08-11,0.19330951604315838
2011-08-12,0.1888624434273345
2011-08-15,0.1801640068198195
2011-08-16,0.18535667416367535
2011-08-17,0.18519395650574647
2011-08-18,0.1963623026906646
2011-08-19,0.19861857469787264
2011-08-22,0.19373344009919963
2011-08-23,0.20597393211913564
2011-08-24,0.23489949948898858
2011-08-25,0.23733566314316504
2011-08-26,0.24476194275301677
2011-08-29,0.25519017659523063
2011-08-30,0.26323270039229274
2011-08-31,0.26531203065935055
2011-09-01,0.2648488887723213
2011-09-02,0.28470280421655886
2011-09-06,0.2815718523161074
2011-09-07,0.2956999107514719
2011-09-08,0.2944627646348874
2011-09-09,0.29135973095547146
2011-09-12,0.28874889718036345
2011-09-13,0.2798799737119242
2011-09-14,0.2770853128104322
2011-09-15,0.2852474897066333
2011-09-16,0.286723721201941
2011-09-19,0.27432559278632
2011-09-20,0.27281023288410094
2011-09-21,0.25463342470141404
2011-09-22,0.21738553376524805
2011-09-23,0.23909708175346292
2011-09-26,0.2456669045823335
2011-09-27,0.2344842570854938
2011-09-28,0.2326896623587179
2011-09-29,0.23379027281958253
2011-09-30,0.23412513751952382
2011-10-03,0.24352429635404468
2011-10-04,0.25397544233769326
2011-10-05,0.24992893316064227
2011-10-06,0.24351857711562971
2011-10-07,0.24655806600522379
2011-10-10,0.2343475052913342
2011-10-11,0.23440371039338034
2011-10-12,0.23255575388861982
2011-10-13,0.23312989423009017
2011-10-14,0.22762158019331766
2011-10-17,0.2237784148408693
2011-10-18,0.23237642479148407
2011-10-19,0.23208212022356148
2011-10-20,0.23035236092600017
2011-10-21,0.22649103719982075
2011-10-24,0.22624329599616197
2011-10-25,0.24020197534593535
2011-10-26,0.23189788403645245
2011-10-27,0.21696168973443838
2011-10-28,0.21487231875023147
2011-10-31,0.1957621074631398
2011-11-01,0.1920985643309974
2011-11-02,0.18539736955459662
2011-11-03,0.17593242332422787
2011-11-04,0.17726145610868896
2011-11-07,0.17852626218684095
2011-11-08,0.17299834184839077
2011-11-09,0.16748979839069358
2011-11-10,0.1695189495594832
2011-11-11,0.163406456767964
2011-11-14,0.1560411048179909
2011-11-15,0.164762239353357
2011-11-16,0.16106495730986076
2011-11-17,0.15396902316481306
2011-11-18,0.15394969239914716
2011-11-21,0.14880324944009896
2011-11-22,0.15051033922753357
2011-11-23,0.14898587749659983
2011-11-25,0.15544625531996903
2011-11-28,0.15373185389275926
2011-11-29,0.15237954082793023
2011-11-30,0.1437629917485098
2011-12-01,0.1440843085775587
2011-12-02,0.14930367790631927
2011-12-05,0.1481992449825272
2011-12-06,0.1370445929891648
2011-12-07,0.1341722896864046
2011-12-08,0.12674397762884482
2011-12-09,0.12502101598022214
2011-12-12,0.11647929994088482
2011-12-13,0.11147447371777472
2011-12-14,0.09007173613524574
2011-12-15,0.09161772806633423
2011-12-16,0.09513078636687815
2011-12-19,0.09457329375715587
2011-12-20,0.08512531699446602
2011-12-21,0.08423979564821646
2011-12-22,0.08335166446312763
2011-12-23,0.08252841737258472
2011-12-27,0.09023914837177228
2011-12-28,0.07760759876911456
2011-12-29,0.07728926148928286
2011-12-30,0.07509767400126352
2012-01-03,0.06342198847357244
2012-01-04,0.06234111309915249
2012-01-05,0.060347653472004235
2012-01-06,0.05998407692960867
2012-01-09,0.060590821432895244
2012-01-10,0.05925387902013338
2012-01-11,0.06168496808235974
2012-01-12,0.06224356456264909
2012-01-13,0.06273934728455141
2012-01-17,0.061380859332532525
2012-01-18,0.05997897882280255
2012-01-19,0.06075493978335754
2012-01-20,0.052484530735864926
2012-01-23,0.05175162580778418
2012-01-24,0.05150323448601988
2012-01-25,0.049542161822794265
2012-01-26,0.05365692954116803
2012-01-27,0.05656604189138064
2012-01-30,0.05328150694455408
2012-01-31,0.053979287277111536
2012-02-01,0.0547068114659801
2012-02-02,0.05427230824713842
2012-02-03,0.06829373634767477
2012-02-06,0.06619212857993449
2012-02-07,0.06138080450577765
2012-02-08,0.06409785781431389
2012-02-09,0.06512476508164312
2012-02-10,0.06260038599470968
2012-02-13,0.06429326136406213
2012-02-14,0.0640185804613588
2012-02-15,0.06314875731814269
2012-02-16,0.06344885650267085
2012-02-17,0.06357006293109704
2012-02-21,0.05722412258817761
2012-02-22,0.05817235423730161
2012-02-23,0.05775759363629744
2012-02-24,0.05813140979425795
2012-02-27,0.05674469447563051
2012-02-28,0.05566571935206728
2012-02-29,0.06244936463035215
2012-03-01,0.05863443453999425
2012-03-02,0.05481448806512988
2012-03-05,0.05446716023111332
2012-03-06,0.04989149700011509
2012-03-07,0.048482256151688115
2012-03-08,0.04603861218599133
2012-03-09,0.050872939608651344
2012-03-12,0.05150638783704653
2012-03-13,0.05884890531565061
2012-03-14,0.07534514026643452
2012-03-15,0.07572448723909422
2012-03-16,0.07674040807650427
2012-03-19,0.07592221644348585
2012-03-20,0.07595915681142053
2012-03-21,0.07592171469550048
2012-03-22,0.0761541584151635
2012-03-23,0.07670498054724761
2012-03-26,0.07406554420999195
2012-03-27,0.07297985329653672
2012-03-28,0.07296389115652897
2012-03-29,0.07224400948623787
2012-03-30,0.07067264376638237
2012-04-02,0.07160931535800599
2012-04-03,0.07906680598277954
2012-04-04,0.07558707960942569
2012-04-05,0.07735879297276756
2012-04-09,0.07999925220774742
2012-04-10,0.08333138070545602
2012-04-11,0.08336072669845318
2012-04-12,0.08393870199464011
2012-04-13,0.07947930399913286
2012-04-16,0.08031362421381773
2012-04-17,0.07831839496331496
2012-04-18,0.07789902796621669
2012-04-19,0.07793283177544431
2012-04-20,0.07858160430315302
2012-04-23,0.07815046872810916
2012-04-24,0.07785860521421144
2012-04-25,0.07837492052085238
2012-04-26,0.08439381992162028
2012-04-27,0.08387253926629083
2012-04-30,0.08330106291347321
2012-05-01,0.08410491880550212
2012-05-02,0.08382894472632256
2012-05-03,0.0853771578891045
2012-05-04,0.09236777862978147
2012-05-07,0.09410783196026425
2012-05-08,0.09259341709521819
2012-05-09,0.09327804524945556
2012-05-10,0.0942174393364296
2012-05-11,0.09286262282475753
2012-05-14,0.08949313938596451
2012-05-15,0.08887792967531684
2012-05-16,0.08981798638625131
2012-05-17,0.09931170054470304
2012-05-18,0.09894638375378699
2012-05-21,0.09924878324750332
2012-05-22,0.1032883852048431
2012-05-23,0.10257104350972288
2012-05-24,0.10272322558286229
2012-05-25,0.10361527621214868
2012-05-29,0.1049387613689652
2012-05-30,0.10732464338926846
2012-05-31,0.10644871043120087
2012-06-01,0.1219115700732216
2012-06-04,0.1216709643257328
2012-06-05,0.12220773602710355
2012-06-06,0.12150521829095114
2012-06-07,0.12166726487292968
2012-06-08,0.12223815244896893
2012-06-11,0.12391206497668865
2012-06-12,0.12098681398434916
2012-06-13,0.12411683540530075
2012-06-14,0.12326676934397117
2012-06-15,0.12338110027519456
2012-06-18,0.12430054484368233
2012-06-19,0.125563813187681
2012-06-20,0.12547519584270672
2012-06-21,0.12232476156244003
2012-06-22,0.12369402714049617
2012-06-25,0.12408183764364064
2012-06-26,0.1239142085570469
2012-06-27,0.12472976919507062
2012-06-28,0.12547097288067002
2012-06-29,0.11552323770421877
2012-07-02,0.11484969399445637
2012-07-03,0.11161257496531087
2012-07-05,0.10989193648862294
2012-07-06,0.10758504660866151
2012-07-09,0.10611171051697263
2012-07-10,0.10346366040198099
2012-07-11,0.10314028291573019
2012-07-12,0.10256044959005567
2012-07-13,0.10275772015716274
2012-07-16,0.10276460386327388
2012-07-17,0.10592061714338386
2012-07-18,0.11169210752848625
2012-07-19,0.11432141322791625
2012-07-20,0.11329561503931249
2012-07-23,0.11187801700928243
2012-07-24,0.11467371402219506
2012-07-25,0.11451310159101312
2012-07-26,0.11259153535479562
2012-07-27,0.10982994754201234
2012-07-30,0.10770061174656644
2012-07-31,0.10835673573164191
2012-08-01,0.096045768533142
2012-08-02,0.09533996249399206
2012-08-03,0.09654917091115209
2012-08-06,0.10236282928235135
2012-08-07,0.08163603490867508
2012-08-08,0.08098385535826176
2012-08-09,0.05911580326531763
2012-08-10,0.033666000559926856
2012-08-13,0.03622603864253465
2012-08-14,0.041053065622751975
2012-08-15,0.034882598572177764
2012-08-16,0.03214518250412324
2012-08-17,0.023109983719853407
2012-08-20,0.02086939383668984
2012-08-21,0.024016656797579937
2012-08-22,0.014955159102967132
2012-08-23,-0.01030960268851269
2012-08-24,-0.011508438594543875
2012-08-27,-0.019252074873268257
2012-08-28,-0.027172510023887667
2012-08-29,-0.03903697925979982
2012-08-30,-0.04245474172565007
2012-08-31,-0.034627630180028186
2012-09-04,-0.06190153046303281
2012-09-05,-0.0614868713447764
2012-09-06,-0.08222914258261639
2012-09-07,-0.09209591066205615
2012-09-10,-0.09090800440041485
2012-09-11,-0.09179594030054503
2012-09-12,-0.08757841001845712
2012-09-13,-0.08807585102234823
2012-09-14,-0.09711766824540352
2012-09-17,-0.10151637682071865
2012-09-18,-0.09299920871492072
2012-09-19,-0.0947630997239702
2012-09-20,-0.08483889094877081
2012-09-21,-0.058069139258106466
2012-09-24,-0.09620753291460073
2012-09-25,-0.10485139501561115
2012-09-26,-0.09802158836810121
2012-09-27,-0.10297995892544765
2012-09-28,-0.10512367333783336
2012-10-01,-0.1075164034089811
2012-10-02,-0.12542853377441668
2012-10-03,-0.1358887034122122
2012-10-04,-0.13585825539899132
2012-10-05,-0.12971042359329554
2012-10-08,-0.13300078671987622
2012-10-09,-0.12184877568146968
2012-10-10,-0.12306162765903833
2012-10-11,-0.11938171627062956
2012-10-12,-0.11808162406363201
2012-10-15,-0.11404960750426008
2012-10-16,-0.11438982843906463
2012-10-17,-0.1156364343445828
2012-10-18,-0.11504842208380393
2012-10-19,-0.12341922540614815
2012-10-22,-0.12048112508010123
2012-10-23,-0.12652752095446076
2012-10-24,-0.15247972755521186
2012-10-25,-0.14789759060128754
2012-10-26,-0.13518137811526018
2012-10-31,-0.13440961503501261
2012-11-01,-0.11768903671870722
2012-11-02,-0.11901727678804647
2012-11-05,-0.11377333077022757
2012-11-06,-0.11233512415791075
2012-11-07,-0.11062289009760934
2012-11-08,-0.11163710135137384
2012-11-09,-0.11637104867604392
2012-11-12,-0.1111267134779405
2012-11-13,-0.1151461143966546
2012-11-14,-0.11155458950883103
2012-11-15,-0.10893862117107894
2012-11-16,-0.10881204694558945
2012-11-19,-0.10805973950794144
2012-11-20,-0.1001060730949196
2012-11-21,-0.10009015078403628
2012-11-23,-0.09592256154723938
2012-11-26,-0.10132708532598611
2012-11-27,-0.10097851378888793
2012-11-28,-0.10572695343502314
2012-11-29,-0.10586638413706265
2012-11-30,-0.10458798926946165
2012-12-03,-0.09309094085861305
2012-12-04,-0.09583588288078385
2012-12-05,-0.09688284914777436
2012-12-06,-0.09852851285838413
2012-12-07,-0.09804509484497013
2012-12-10,-0.09841701313348374
2012-12-11,-0.08873004877714545
2012-12-12,-0.08747220303609743
2012-12-13,-0.07650023938963173
2012-12-14,-0.06908254566265853
2012-12-17,-0.04246185400052407
2012-12-18,-0.03609177429173837
2012-12-19,-0.046490152643802005
2012-12-20,-0.045206076651583736
2012-12-21,-0.02861151419358867
2012-12-24,-0.02821566980137011
2012-12-26,-0.02677921617571371
2012-12-27,-0.025689709988001647
2012-12-28,-0.02483171316879344
2012-12-31,-0.010853799690223433
2013-01-02,-0.014670417077959323
2013-01-03,-0.008314411253558033
2013-01-04,0.008743030335101834
2013-01-07,0.011498069549858022
2013-01-08,0.014220778928929872
2013-01-09,0.015647961974132197
2013-01-10,0.013974397759896002
2013-01-11,0.012752360591545884
2013-01-14,0.008500533425128562
2013-01-15,0.010142174338179873
2013-01-16,0.013529667274608553
2013-01-17,0.009819091931366583
2013-01-18,0.013214218637661219
2013-01-22,0.011964481885519787
2013-01-23,0.015148788561330681
2013-01-24,0.019219411344662762
2013-01-25,0.02286286915904073
2013-01-28,0.026992753354048483
2013-01-29,0.022496620276505615
2013-01-30,0.020319309917517084
2013-01-31,0.02206299414420511
2013-02-01,0.01657457156295841
2013-02-04,0.019738249746163793
2013-02-05,0.019942923719615317
2013-02-06,-0.0002695352700622962
2013-02-07,0.0013989137035817847
2013-02-08,0.010751363479936965
2013-02-11,0.011472328041916351
2013-02-12,0.010282471203811412
2013-02-13,0.015719609038485866
2013-02-14,0.013629552768878483
2013-02-15,0.0165352496384924
2013-02-19,0.01773616927574453
2013-02-20,0.01371988759177241
2013-02-21,0.0159463985690395
2013-02-22,0.028767806583545875
2013-02-25,0.030509058561641877
2013-02-26,0.02664615689969063
2013-02-27,0.029499193194888678
2013-02-28,0.029787500971577393
2013-03-01,0.030850560523505603
2013-03-04,0.015237188465222061
2013-03-05,0.02267487850911445
2013-03-06,0.020345802883570907
2013-03-07,0.020036014310127796
2013-03-08,0.03158836450441306
2013-03-11,0.03376009433945473
2013-03-12,0.04272699615142943
2013-03-13,0.04224815207764959
2013-03-14,0.04212840281042703
2013-03-15,0.02675362170892298
2013-03-18,0.006461348370958733
2013-03-19,0.007497271460452599
2013-03-20,0.010218475253670334
2013-03-21,0.014654598128388452
2013-03-22,0.016445530406533376
2013-03-25,0.01624427450126811
2013-03-26,0.0167334156022073
2013-03-27,0.012331113985982566
2013-03-28,0.019793267939392727
2013-04-01,0.023256617092875607
2013-04-02,0.02576844365583703
2013-04-03,0.02065638531298811
2013-04-04,0.02452799210607393
2013-04-05,0.04140752356883852
2013-04-08,0.024602556042142183
2013-04-09,0.036507710551360574
2013-04-10,0.047181228007435655
2013-04-11,0.03891505955383435
2013-04-12,-0.008675611759555958
2013-04-15,-0.0422352968054783
2013-04-16,-0.04467589803729519
2013-04-17,-0.036860745597028524
2013-04-18,-0.03577506088261375
2013-04-19,-0.036786880911465696
2013-04-22,-0.035583767431125755
2013-04-23,-0.0343902698066916
2013-04-24,-0.033122102089557764
2013-04-25,-0.037010747715725344
2013-04-26,-0.0381916283177354
2013-04-29,-0.03937615953371641
2013-04-30,-0.04181412297382559
2013-05-01,-0.04669356465386006
2013-05-02,-0.047113788174039675
2013-05-03,-0.04893038491930929
2013-05-06,-0.047884395699504936
2013-05-07,-0.04581589540727476
2013-05-08,-0.04599682281334969
2013-05-09,-0.04453257339287874
2013-05-10,-0.03627641524598162
2013-05-13,-0.03323180865348669
2013-05-14,-0.03084708356720341
2013-05-15,-0.03463287893313609
2013-05-16,-0.027787509780488877
2013-05-17,-0.013347826143389738
2013-05-20,-0.014460242556305618
2013-05-21,-0.037531766243162006
2013-05-22,-0.03339128623639222
2013-05-23,-0.02870784730469868
2013-05-24,-0.03705966451357293
2013-05-28,-0.03404896552641384
2013-05-29,-0.028976498024457696
2013-05-30,-0.03173591370537444
2013-05-31,-0.030145726891725916
2013-06-03,-0.03268582936193515
2013-06-04,-0.02853460036295993
2013-06-05,-0.06838604507861272
2013-06-06,-0.06869338000855504
2013-06-07,-0.05005479778430644
2013-06-10,-0.05071200666267618
2013-06-11,-0.051804962472882146
2013-06-12,-0.056417876484761875
2013-06-13,-0.05926068156779396
2013-06-14,-0.056970146059790325
2013-06-17,-0.05829490612746969
2013-06-18,-0.05842428287613403
2013-06-19,-0.05375195209741521
2013-06-20,-0.015444574042613797
2013-06-21,-0.025976377494184147
2013-06-24,-0.026022701467200437
2013-06-25,-0.019299799247008958
2013-06-26,-0.028083536247666
2013-06-27,-0.041194619166843326
2013-06-28,-0.033487921971536355
2013-07-01,-0.031801561230957766
2013-07-02,-0.03053361220731133
2013-07-03,-0.01741309759107314
2013-07-05,0.011117494653759798
2013-07-08,0.020804625892532774
2013-07-09,0.02369751309801724
2013-07-10,0.02721237966274767
2013-07-11,0.03887595871940159
2013-07-12,0.04012150314616403
2013-07-15,0.039937412525692245
2013-07-16,0.041501250811171835
2013-07-17,0.04123964949061815
2013-07-18,0.03785523394833571
2013-07-19,0.04251445839429845
2013-07-22,0.04436983865583925
2013-07-23,0.04352446044136322
2013-07-24,0.0497306711129198
2013-07-25,0.050650705495074264
2013-07-26,0.04984320844524252
2013-07-29,0.04854799659602595
2013-07-30,0.05115966516162241
2013-07-31,0.055553521023348755
2013-08-01,0.061942096435035086
2013-08-02,0.061784109324568265
2013-08-05,0.06165949953109725
2013-08-06,0.061174515747161866
2013-08-07,0.06819244183521188
2013-08-08,0.07032784618523853
2013-08-09,0.07100129247200694
2013-08-12,0.0666510456035783
2013-08-13,0.07149020413696516
2013-08-14,0.07186001007484148
2013-08-15,0.060678204878843726
2013-08-16,0.057784300277369624
2013-08-19,0.061018140356658625
2013-08-20,0.06422192875262714
2013-08-21,0.06459639057677036
2013-08-22,0.0664739173072424
2013-08-23,0.07102118996740321
2013-08-26,0.06542875628497109
2013-08-27,0.06851171332283211
2013-08-28,0.06832075997770995
2013-08-29,0.06725325563508863
2013-08-30,0.06711790188278265
2013-09-03,0.05892061425293009
2013-09-04,0.05951116029267797
2013-09-05,0.05564654567373186
2013-09-06,0.05868929695325288
2013-09-09,0.05863450551207045
2013-09-10,0.0649741804841891
2013-09-11,0.06876594685340708
2013-09-12,0.06946208197798205
2013-09-13,0.07084358049859721
2013-09-16,0.07364718714059236
2013-09-17,0.07706475676639239
2013-09-18,0.10042352425025661
2013-09-19,0.1042280027769147
2013-09-20,0.0957991290715372
2013-09-23,0.09486978402041102
2013-09-24,0.09542645045776287
2013-09-25,0.09598177217576852
2013-09-26,0.09882174923030154
2013-09-27,0.10023534841531369
2013-09-30,0.1025873390460259
2013-10-01,0.10836814371269786
2013-10-02,0.10938709590997021
2013-10-03,0.10882954978696464
2013-10-04,0.1088454725342713
2013-10-07,0.11021300027537785
2013-10-08,0.11425091676805695
2013-10-09,0.11490194278514568
2013-10-10,0.11454912245943438
2013-10-11,0.1140707279088075
2013-10-14,0.11306619359687377
2013-10-15,0.11203007521933614
2013-10-16,0.11212505825577956
2013-10-17,0.12092522271216068
2013-10-18,0.12484433456560637
2013-10-21,0.12546789152488977
2013-10-22,0.13183759094160138
2013-10-23,0.13682312616239306
2013-10-24,0.13649154709533087
2013-10-25,0.14444015001690622
2013-10-28,0.14373652010973034
2013-10-29,0.14493857739703833
2013-10-30,0.14558344487611855
2013-10-31,0.14278537624815438
2013-11-01,0.14351469308832088
2013-11-04,0.14394603384437166
2013-11-05,0.1429150914534693
2013-11-06,0.15046303894284818
2013-11-07,0.14770308785841155
2013-11-08,0.15246532426569173
2013-11-11,0.15265375188228547
2013-11-12,0.15046627417909825
2013-11-13,0.15125070990431
2013-11-14,0.15382076941625386
2013-11-15,0.15374228914939164
2013-11-18,0.15090474428490835
2013-11-19,0.15305752148836216
2013-11-20,0.16387334402863865
2013-11-21,0.16383761224489551
2013-11-22,0.16430077984081978
2013-11-25,0.16498307107338608
2013-11-26,0.16483076104177677
2013-11-27,0.16479388026026653
2013-11-29,0.16482214433767647
2013-12-02,0.16944038615384752
2013-12-03,0.169925868496769
2013-12-04,0.1656121267093963
2013-12-05,0.16625847561766485
2013-12-06,0.16645332113765574
2013-12-09,0.1693537128539254
2013-12-10,0.17275963204217068
2013-12-11,0.17440989894169007
2013-12-12,0.17723014294718478
2013-12-13,0.17929360822085172
2013-12-16,0.1791864075951803
2013-12-17,0.18033609728263877
2013-12-18,0.17764073192358584
2013-12-19,0.17724272926896548
2013-12-20,0.1822820151634083
2013-12-23,0.1812055677917353
2013-12-24,0.17948114061913087
2013-12-26,0.17833260620806296
2013-12-27,0.1775210684527707
2013-12-30,0.17414082335392972
2013-12-31,0.18013330235845953
2014-01-02,0.18647317174447378
2014-01-03,0.182509398898125
2014-01-06,0.18352624598574252
2014-01-07,0.1831753126723034
2014-01-08,0.18183380222236123
2014-01-09,0.1825112300671834
2014-01-10,0.1892982060043761
2014-01-13,0.19242952315328385
2014-01-14,0.1938032988281004
2014-01-15,0.1927533009745134
2014-01-16,0.19291741584025443
2014-01-17,0.19672585399030956
2014-01-21,0.19667687002751563
2014-01-22,0.19654162062814023
2014-01-23,0.20566743966847406
2014-01-24,0.205741691751418
2014-01-27,0.20695960187967952
2014-01-28,0.2069506989253849
2014-01-29,0.21134606784512713
2014-01-30,0.2129092954967594
2014-01-31,0.21457923732716527
2014-02-03,0.22042916932663278
2014-02-04,0.21937292523691007
2014-02-05,0.2184349574479231
2014-02-06,0.21759879245263766
2014-02-07,0.21762952715555536
2014-02-10,0.21840247820501002
2014-02-11,0.21546486166520634
2014-02-12,0.21525114269512968
2014-02-13,0.21601854845588428
2014-02-14,0.21765932201165472
2014-02-18,0.2169774635805713
2014-02-19,0.21768399841357847
2014-02-20,0.22070909462678107
2014-02-21,0.21922523911250738
2014-02-24,0.21788333345290972
2014-02-25,0.2141727712678697
2014-02-26,0.21536734463736593
2014-02-27,0.21476808069116102
2014-02-28,0.21555156309135176
2014-03-03,0.22021209348502932
2014-03-04,0.22468680594000595
2014-03-05,0.22498612153019804
2014-03-06,0.22310327816434375
2014-03-07,0.22398635910936054
2014-03-10,0.22501342507289765
2014-03-11,0.22541263813343104
2014-03-12,0.22666183837098447
2014-03-13,0.22721805864363992
2014-03-14,0.22730208245647215
2014-03-17,0.2290660369503345
2014-03-18,0.22596904625745157
2014-03-19,0.2288358015806957
2014-03-20,0.22828748726124645
2014-03-21,0.22807028965818213
2014-03-24,0.22289193558569628
2014-03-25,0.22244026367711142
2014-03-26,0.22010805762346786
2014-03-27,0.21790546119476992
2014-03-28,0.21695700973751428
2014-03-31,0.21714022909734215
2014-04-01,0.21564096921267434
2014-04-02,0.2178054454822337
2014-04-03,0.2191339173711506
2014-04-04,0.2128297973235757
2014-04-07,0.21101196418369123
2014-04-08,0.21253188990684915
2014-04-09,0.20592413016295447
2014-04-10,0.20716875868974385
2014-04-11,0.2389981613510169
2014-04-14,0.29605068916183513
2014-04-15,0.29429865550607504
2014-04-16,0.29454404126759337
2014-04-17,0.29526771073712815
2014-04-21,0.2962677926208147
2014-04-22,0.29612526882400686
2014-04-23,0.29523644419990186
2014-04-24,0.2949019444889669
2014-04-25,0.30140380744245315
2014-04-28,0.3045424059912831
2014-04-29,0.3064553074061731
2014-04-30,0.30528683280833363
2014-05-01,0.3091550818878366
2014-05-02,0.3114873008804698
2014-05-05,0.3156126907090301
2014-05-06,0.3153255734286711
2014-05-07,0.31524390300537036
2014-05-08,0.31488534126526974
2014-05-09,0.31426883324066235
2014-05-12,0.31056474174278603
2014-05-13,0.3072779401355242
2014-05-14,0.3096002698656195
2014-05-15,0.31510304836336767
2014-05-16,0.31798968675389677
2014-05-19,0.3089490351868632
2014-05-20,0.3146079511956701
2014-05-21,0.32214886729414177
2014-05-22,0.3201082029455604
2014-05-23,0.3174942618272129
2014-05-27,0.31027915065333905
2014-05-28,0.3110683611700694
2014-05-29,0.3078657931733997
2014-05-30,0.31044016486668025
2014-06-02,0.31038004412355286
2014-06-03,0.3044512819248918
2014-06-04,0.30200562062272557
2014-06-05,0.3022551581657493
2014-06-06,0.3027485226960149
2014-06-09,0.2890904409970192
2014-06-10,0.2891940209190948
2014-06-11,0.29333675548985005
2014-06-12,0.30403456678416857
2014-06-13,0.3091195668760866
2014-06-16,0.30934994060600507
2014-06-17,0.308190228139844
2014-06-18,0.3096400638296002
2014-06-19,0.27823953468003504
2014-06-20,0.24796924263413306
2014-06-23,0.26055133930827096
2014-06-24,0.262270630688029
2014-06-25,0.26138991648894166
2014-06-26,0.2826054037662874
2014-06-27,0.2959669660924832
2014-06-30,0.2916423749238887
2014-07-01,0.2919704334810894
2014-07-02,0.29084111026479753
2014-07-03,0.29261133543983425
2014-07-07,0.2658688142914402
2014-07-08,0.26030679408258095
2014-07-09,0.2603393250223108
2014-07-10,0.26206361556067825
2014-07-11,0.25024350073928825
2014-07-14,0.2534951667188796
2014-07-15,0.25440829767539486
2014-07-16,0.2543310989125212
2014-07-17,0.2644773580862354
2014-07-18,0.27144989412213566
2014-07-21,0.2672128199416456
2014-07-22,0.26903195065332774
2014-07-23,0.271311868427819
2014-07-24,0.26522567037068484
2014-07-25,0.2714085790237038
2014-07-28,0.27159345285781905
2014-07-29,0.2706011892480744
2014-07-30,0.2704347924131269
2014-07-31,0.2721276347975444
2014-08-01,0.26782981865824856
2014-08-04,0.27066664598204676
2014-08-05,0.26892657189829366
2014-08-06,0.271033554370551
2014-08-07,0.27207965057816064
2014-08-08,0.2716219881268321
2014-08-11,0.27166967936839664
2014-08-12,0.280776235664704
2014-08-13,0.2748644192681082
2014-08-14,0.27453678647871005
2014-08-15,0.2914140781040383
2014-08-18,0.2945274797231277
2014-08-19,0.29374307734261185
2014-08-20,0.29329653377423004
2014-08-21,0.28919528669000294
2014-08-22,0.2876954591164786
2014-08-25,0.2798727189767397
2014-08-26,0.2774685196125309
2014-08-27,0.27187972718001047
2014-08-28,0.2741060122378094
2014-08-29,0.2775798029020437
2014-09-02,0.29036167440824984
2014-09-03,0.3075894265737662
2014-09-04,0.3080157097383707
2014-09-05,0.2958389642922667
2014-09-08,0.29285221517963045
2014-09-09,0.2926832170839282
2014-09-10,0.28871542381836857
2014-09-11,0.29066777861166826
2014-09-12,0.2968767481305701
2014-09-15,0.2968385441925112
2014-09-16,0.2926420844561863
2014-09-17,0.2943500598688491
2014-09-18,0.27535691563340314
2014-09-19,0.2688161865133009
2014-09-22,0.28352555955428754
2014-09-23,0.2873543603802545
2014-09-24,0.2891108877837674
2014-09-25,0.2893898488473703
2014-09-26,0.28701341387550944
2014-09-29,0.2857383688837705
2014-09-30,0.287186551883108
2014-10-01,0.2878899033234003
2014-10-02,0.28836514665680174
2014-10-03,0.28155509335918777
2014-10-06,0.28021692190325365
2014-10-07,0.27945044855133727
2014-10-08,0.2785345238534868
2014-10-09,0.2735340237177511
2014-10-10,0.2748048082894086
2014-10-13,0.2773428351959815
2014-10-14,0.27936690317690344
2014-10-15,0.28146073109624675
2014-10-16,0.28263021452343134
2014-10-17,0.27300746803438
2014-10-20,0.2746009227724988
2014-10-21,0.2729542645117673
2014-10-22,0.26278614210304024
2014-10-23,0.26714444843096835
2014-10-24,0.27101047627817154
2014-10-27,0.2700173175401456
2014-10-28,0.2696289958676059
2014-10-29,0.2670015652163955
2014-10-30,0.26617333063238774
2014-10-31,0.2703407673120451
2014-11-03,0.2676668817267574
2014-11-04,0.2677958803570843
2014-11-05,0.2681848075038502
2014-11-06,0.2671535374363598
2014-11-07,0.2861238691730777
2014-11-10,0.2811149169810354
2014-11-11,0.27907128183539665
2014-11-12,0.2834647455512057
2014-11-13,0.28308718696848467
2014-11-14,0.2826357553268196
2014-11-17,0.2831012299064637
2014-11-18,0.2891081648426745
2014-11-19,0.29435291221618587
2014-11-20,0.2764745163180459
2014-11-21,0.2777977434928852
2014-11-24,0.2787515434567681
2014-11-25,0.27875305024488795
2014-11-26,0.27982241047962914
2014-11-28,0.2611196826064523
2014-12-01,0.2354112549147548
2014-12-02,0.23159135189909558
2014-12-03,0.23260325902542503
2014-12-04,0.24440594854087694
2014-12-05,0.24642304894863404
2014-12-08,0.2526380530711294
2014-12-09,0.2554287749997704
2014-12-10,0.24906271271232053
2014-12-11,0.24522782849655364
2014-12-12,0.237557337079693
2014-12-15,0.23714240585165974
2014-12-16,0.24042972400137558
2014-12-17,0.24539402869353785
2014-12-18,0.22912413013138
2014-12-19,0.22500686985336987
2014-12-22,0.2159539439519344
2014-12-23,0.20853772030890777
2014-12-24,0.21194530318707686
2014-12-26,0.21557361271929867
2014-12-29,0.21150102056376044
2014-12-30,0.2190702250544034
2014-12-31,0.22086969186932592
2015-01-02,0.22188696297915264
2015-01-05,0.23380704740945027
2015-01-06,0.24193762391768825
2015-01-07,0.24345538320309754
2015-01-08,0.24388281540531057
2015-01-09,0.24844544774685567
2015-01-12,0.24316249304658674
2015-01-13,0.242139762094432
2015-01-14,0.23865731504288376
2015-01-15,0.25487050268344863
2015-01-16,0.24121190616647928
2015-01-20,0.24735489675629843
2015-01-21,0.24607506678679505
2015-01-22,0.2426992579730571
2015-01-23,0.22213909573755614
2015-01-26,0.22296159914769526
2015-01-27,0.2186164320933147
2015-01-28,0.20924367056866316
2015-01-29,0.21227204696692012
2015-01-30,0.22612867738728756
2015-02-02,0.22742872147710624
2015-02-03,0.23204920477743662
2015-02-04,0.23153446841262623
2015-02-05,0.23148033590071038
2015-02-06,0.2526155580442578
2015-02-09,0.2521602841678152
2015-02-10,0.25367948951178293
2015-02-11,0.2578840793089176
2015-02-12,0.2577078514727888
2015-02-13,0.25115480955481667
2015-02-17,0.2630458478910535
2015-02-18,0.26350662425696403
2015-02-19,0.2624870948217949
2015-02-20,0.2643518543191395
2015-02-23,0.26440135259966036
2015-02-24,0.2652820335428155
2015-02-25,0.2655474640557604
2015-02-26,0.26316943315609953
2015-02-27,0.2630482552449867
2015-03-02,0.2635407897111034
2015-03-03,0.25976422487422635
2015-03-04,0.2524209382436338
2015-03-05,0.2523233706762221
2015-03-06,0.2846710463114597
2015-03-09,0.28261291792086757
2015-03-10,0.2782380271138147
2015-03-11,0.2754929713263401
2015-03-12,0.27219199702863667
2015-03-13,0.27035476829970323
2015-03-16,0.27024337473701543
2015-03-17,0.2643903128011446
2015-03-18,0.2799224936681005
2015-03-19,0.27374712487002095
2015-03-20,0.27536129889574573
2015-03-23,0.27258037653103917
2015-03-24,0.2811772002774981
2015-03-25,0.28024482007718965
2015-03-26,0.275077773490702
2015-03-27,0.27359459117224194
2015-03-30,0.2763395076568734
2015-03-31,0.27544263748365255
2015-04-01,0.28339424734267493
2015-04-02,0.2871410736286619
2015-04-06,0.28233259068779165
2015-04-07,0.2771957481488187
2015-04-08,0.27887774462468784
2015-04-09,0.28149668208590667
2015-04-10,0.2820412748439851
2015-04-13,0.2798301915854942
2015-04-14,0.2779829629020897
2015-04-15,0.27850998808929056
2015-04-16,0.2865857305289493
2015-04-17,0.2883107615025158
2015-04-20,0.288608921036571
2015-04-21,0.2862562607437461
2015-04-22,0.2944310694331572
2015-04-23,0.2955394172284965
2015-04-24,0.2900525639440579
2015-04-27,0.28685074343784567
2015-04-28,0.2771898216811163
2015-04-29,0.2799769848207641
2015-04-30,0.2782824087215126
2015-05-01,0.2811590537861691
2015-05-04,0.2731710275492977
2015-05-05,0.27677616193670884
2015-05-06,0.27474031185912745
2015-05-07,0.26653528785512287
2015-05-08,0.2671740816668712
2015-05-11,0.2667024903985444
2015-05-12,0.26912436658025973
2015-05-13,0.2609685136384146
2015-05-14,0.2577281169245895
2015-05-15,0.26165031202859773
2015-05-18,0.25920014544450287
2015-05-19,0.2643272675239231
2015-05-20,0.2643470955371924
2015-05-21,0.2606981329208306
2015-05-22,0.2609713524721983
2015-05-26,0.24725576028179033
2015-05-27,0.2551698330435211
2015-05-28,0.25887851901720593
2015-05-29,0.258662114789957
2015-06-01,0.2580755740457452
2015-06-02,0.2521505491874236
2015-06-03,0.2582545702446646
2015-06-04,0.25288998216373987
2015-06-05,0.2549520474756157
2015-06-08,0.2546710540964153
2015-06-09,0.25331046266300006
2015-06-10,0.25019861668689947
2015-06-11,0.2433788046813441
2015-06-12,0.24030738673970323
2015-06-15,0.24062717614575097
2015-06-16,0.23961115129375624
2015-06-17,0.23735104798499265
2015-06-18,0.23244036682119446
2015-06-19,0.2590774957174239
2015-06-22,0.2689277737720604
2015-06-23,0.2708791926462406
2015-06-24,0.26952515955776707
2015-06-25,0.269552603340497
2015-06-26,0.26832394498605316
2015-06-29,0.26971149117689086
2015-06-30,0.2707035505712923
2015-07-01,0.2709447400373818
2015-07-02,0.2717175384557779
2015-07-06,0.27169252855626025
2015-07-07,0.26644806318050407
2015-07-08,0.2675328398834972
2015-07-09,0.2623875743494559
2015-07-10,0.2597524263873348
2015-07-13,0.25976669933946406
2015-07-14,0.25796185683088724
2015-07-15,0.2545900579898028
2015-07-16,0.25268058340029603
2015-07-17,0.24284208329711593
2015-07-20,0.2434818494216116
2015-07-21,0.24240278965772227
2015-07-22,0.24127908468360526
2015-07-23,0.23838612484433475
2015-07-24,0.236307768151958
2015-07-27,0.23047271424125346
2015-07-28,0.22933080993743674
2015-07-29,0.22927848499312922
2015-07-30,0.2257505656553484
2015-07-31,0.22645078372276922
2015-08-03,0.22022715689286568
2015-08-04,0.21858032538230235
2015-08-05,0.21934428167441938
2015-08-06,0.22173067585930395
2015-08-07,0.22130701872699607
2015-08-10,0.21386152860642568
2015-08-11,0.21647786152028992
2015-08-12,0.21206785546264703
2015-08-13,0.2125338949745194
2015-08-14,0.21233634931005918
2015-08-17,0.2162313103999325
2015-08-18,0.2147161617226602
2015-08-19,0.21897686447743042
2015-08-20,0.22426669134955138
2015-08-21,0.2277503436999548
2015-08-24,0.2273048092552394
2015-08-25,0.23438673637723045
2015-08-26,0.24371740384440285
2015-08-27,0.24398180497106617
2015-08-28,0.24361748025376717
2015-08-31,0.24274388415675197
2015-09-01,0.23351509695892045
2015-09-02,0.23406815302227643
2015-09-03,0.23061129598850327
2015-09-04,0.2298006399271203
2015-09-08,0.22874369092574504
2015-09-09,0.2255659950296108
2015-09-10,0.22344100871608802
2015-09-11,0.22214217269213718
2015-09-14,0.21903625215781722
2015-09-15,0.21925349510585132
2015-09-16,0.21643100146262192
2015-09-17,0.2198104149876719
2015-09-18,0.22309791157329076
2015-09-21,0.22953391151407188
2015-09-22,0.22486078577045124
2015-09-23,0.22342902516127672
2015-09-24,0.22598748016753037
2015-09-25,0.226824670084115
2015-09-28,0.21613737077871908
2015-09-29,0.2159070255785757
2015-09-30,0.21568078984197245
2015-10-01,0.21315832464940776
2015-10-02,0.2164578736441582
2015-10-05,0.22106095694277894
2015-10-06,0.22275498905343305
2015-10-07,0.22205215240752202
2015-10-08,0.22374392758269804
2015-10-09,0.22458119871971438
2015-10-12,0.22603682682225368
2015-10-13,0.22472751808365538
2015-10-14,0.22909924285959238
2015-10-15,0.22902669319031094
2015-10-16,0.2295668821411609
2015-10-19,0.2297005888319099
2015-10-20,0.2268924185521687
2015-10-21,0.22371454611019245
2015-10-22,0.22402384984282614
2015-10-23,0.22227793759049588
2015-10-26,0.2220313256988842
2015-10-27,0.2223874756088578
2015-10-28,0.22375763341752478
2015-10-29,0.23044432011481142
2015-10-30,0.22981078102149177
2015-11-02,0.2305378209138445
2015-11-03,0.23432714726858508
2015-11-04,0.23348189368596137
2015-11-05,0.23459312150547226
2015-11-06,0.2418534091978108
2015-11-09,0.23227376688717635
2015-11-10,0.22615017032108337
2015-11-11,0.22704454817009687
2015-11-12,0.22696054874001695
2015-11-13,0.2260596489658063
2015-11-16,0.22410681631134646
2015-11-17,0.2221246835754946
2015-11-18,0.22161726471133428
2015-11-19,0.2215784365550467
2015-11-20,0.22037582447951581
2015-11-23,0.21808998172603816
2015-11-24,0.21786348200548325
2015-11-25,0.21671019173547262
2015-11-27,0.21680956081830727
2015-11-30,0.23035309769355847
2015-12-01,0.25125432701156364
2015-12-02,0.24579461520165113
2015-12-03,0.2265687695545636
2015-12-04,0.23363178904576468
2015-12-07,0.22485387546772548
2015-12-08,0.21986257153116182
2015-12-09,0.21766651083416622
2015-12-10,0.2183305131475707
2015-12-11,0.22161462672888801
2015-12-14,0.22905875188350736
2015-12-15,0.2308631511181215
2015-12-16,0.22668660483357914
2015-12-17,0.2109863783307377
2015-12-18,0.22167789921345074
2015-12-21,0.22338975628956242
2015-12-22,0.22775726348542685
2015-12-23,0.2321009801210966
2015-12-24,0.23354613635456986
2015-12-28,0.2312112387873925
2015-12-29,0.2341484069160138
2015-12-30,0.23355288499752377
2015-12-31,0.23599163774960744
2016-01-04,0.2375661110203657
2016-01-05,0.2283731593472656
2016-01-06,0.22803416939259405
2016-01-07,0.22785809604730056
2016-01-08,0.22538713593011098
2016-01-11,0.224079375695118
2016-01-12,0.2177165456412811
2016-01-13,0.21962307757293442
2016-01-14,0.22520323277843657
2016-01-15,0.21752419832129388
2016-01-19,0.22732165093097356
2016-01-20,0.22570827785437206
2016-01-21,0.22603107635051295
2016-01-22,0.2284712155176203
2016-01-25,0.23653437671498614
2016-01-26,0.23532886822418606
2016-01-27,0.23512300337196057
2016-01-28,0.24105832660860294
2016-01-29,0.2389314226157469
2016-02-01,0.22214762742572192
2016-02-02,0.22035457513288897
2016-02-03,0.20655233180572963
2016-02-04,0.2082711430931189
2016-02-05,0.20945214442952273
2016-02-08,0.20306171919686292
2016-02-09,0.2034641066182933
2016-02-10,0.20430083933415966
2016-02-11,0.21010690922556224
2016-02-12,0.21376055720980106
2016-02-16,0.2266606518603389
2016-02-17,0.21531048120293209
2016-02-18,0.22419181217855902
2016-02-19,0.22303055546764042
2016-02-22,0.22286388737895704
2016-02-23,0.2241673562875194
2016-02-24,0.22548871714934265
2016-02-25,0.22524991992004834
2016-02-26,0.23057308249429342
2016-02-29,0.2321205898501769
2016-03-01,0.23450954935993076
2016-03-02,0.23523737149658225
2016-03-03,0.23632928900174116
2016-03-04,0.23654887158146912
2016-03-07,0.21445159965974817
2016-03-08,0.21146206513936633
2016-03-09,0.21739025020594907
2016-03-10,0.21553511941826523
2016-03-11,0.22169246244700247
2016-03-14,0.21919264622713414
2016-03-15,0.22002862086412997
2016-03-16,0.22306010354914824
2016-03-17,0.2092587342291061
2016-03-18,0.20881724865190107
2016-03-21,0.20889482301730922
2016-03-22,0.20935427882457222
2016-03-23,0.1940978958419941
2016-03-24,0.1948719832537806
2016-03-28,0.20090984242708912
2016-03-29,0.2102725280858553
2016-03-30,0.21370855363954372
2016-03-31,0.21488494200899833
2016-04-01,0.20626659707686595
2016-04-04,0.20512287059532633
2016-04-05,0.2140494733908274
2016-04-06,0.21798637884465108
2016-04-07,0.2241876104902196
2016-04-08,0.22137784761749843
2016-04-11,0.21959883529358784
2016-04-12,0.22001002673069103
2016-04-13,0.22011856087395937
2016-04-14,0.2228812429478141
2016-04-15,0.22423819068875592
2016-04-18,0.22276549593310235
2016-04-19,0.2169367225039204
2016-04-20,0.22021674463654373
2016-04-21,0.21154544427423702
2016-04-22,0.21129034841453717
2016-04-25,0.21572596222095314
2016-04-26,0.21664863611345964
2016-04-27,0.22416041375738205
2016-04-28,0.22270321934728135
2016-04-29,0.22582834387253461
2016-05-02,0.22563009961645097
2016-05-03,0.22806834389030936
2016-05-04,0.22646210561574706
2016-05-05,0.22690135813455295
2016-05-06,0.23090084685372803
2016-05-09,0.22564823496856695
2016-05-10,0.22442363553225328
2016-05-11,0.22559986775909596
2016-05-12,0.23591627967576012
2016-05-13,0.23682058146475446
2016-05-16,0.23578854293207696
2016-05-17,0.23755438416994698
2016-05-18,0.24223655660099716
2016-05-19,0.24168490168178366
2016-05-20,0.24506328012226677
2016-05-23,0.24474598607775974
2016-05-24,0.2615892909977481
2016-05-25,0.2620344883105431
2016-05-26,0.26119220331165116
2016-05-27,0.26145991314580525
2016-05-31,0.26207887114336836
2016-06-01,0.26606831044818025
2016-06-02,0.2614313596353532
2016-06-03,0.2791652002526344
2016-06-06,0.2766814236236355
2016-06-07,0.2768356800083245
2016-06-08,0.2800828288478023
2016-06-09,0.28586581931703764
2016-06-10,0.2944364691314787
2016-06-13,0.2952896622782675
2016-06-14,0.29514093142531767
2016-06-15,0.2977200494968943
2016-06-16,0.29711135838067704
2016-06-17,0.2962166026470313
2016-06-20,0.300731237378804
2016-06-21,0.29449873273056104
2016-06-22,0.29294413291633853
2016-06-23,0.2971231207111378
2016-06-24,0.33451934240495634
2016-06-27,0.3361146189315182
2016-06-28,0.3360108649489864
2016-06-29,0.33233667003809025
2016-06-30,0.3321657881703805
2016-07-01,0.33828498305301463
2016-07-05,0.34193675009415725
2016-07-06,0.3483830953104449
2016-07-07,0.3482244670480045
2016-07-08,0.35529505296219177
2016-07-11,0.36158936858358476
2016-07-12,0.36965157106618185
2016-07-13,0.3725827579246543
2016-07-14,0.3792130385733185
2016-07-15,0.381707164349996
2016-07-18,0.3847812076099864
2016-07-19,0.384190832038976
2016-07-20,0.3876088437235735
2016-07-21,0.3891448406076108
2016-07-22,0.39279327017381344
2016-07-25,0.3926847947839175
2016-07-26,0.3943672031654138
2016-07-27,0.4003015948863121
2016-07-28,0.400912701852945
2016-07-29,0.40708478129856185
2016-08-01,0.4040582639843827
2016-08-02,0.4043477853358112
2016-08-03,0.40539589614294774
2016-08-04,0.404337946197528
2016-08-05,0.40931825616507017
2016-08-08,0.4100591948289689
2016-08-09,0.4186234483583134
2016-08-10,0.41888659231093567
2016-08-11,0.42611784307408734
2016-08-12,0.42352650756130067
2016-08-15,0.4210815751284187
2016-08-16,0.42007843603878986
2016-08-17,0.42011588220299745
2016-08-18,0.41703509997554017
2016-08-19,0.41434806530490403
2016-08-22,0.412466799178578
2016-08-23,0.4124936675583129
2016-08-24,0.40741261661285094
2016-08-25,0.40029747317547587
2016-08-26,0.40039225246505117
2016-08-29,0.3989406134264418
2016-08-30,0.4011665408177113
2016-08-31,0.4006842372740195
2016-09-01,0.3993764086880123
2016-09-02,0.3959886511446708
2016-09-06,0.4011488604826757
2016-09-07,0.403887344217982
2016-09-08,0.40957173347918335
2016-09-09,0.4127075917070321
2016-09-12,0.41389226932943246
2016-09-13,0.4158515357649397
2016-09-14,0.4174878697867988
2016-09-15,0.4224973332615645
2016-09-16,0.41775730293167923
2016-09-19,0.4156292966591469
2016-09-20,0.4140782113357816
2016-09-21,0.4244420319812371
2016-09-22,0.4244905103418643
2016-09-23,0.42207601642052994
2016-09-26,0.4196759436108154
2016-09-27,0.43178868902957307
2016-09-28,0.43285777896950056
2016-09-29,0.4316267253318963
2016-09-30,0.43271718660713837
2016-10-03,0.4312818055563059
2016-10-04,0.44130672644179436
2016-10-05,0.44055478980278157
2016-10-06,0.4420116396777506
2016-10-07,0.441008641469008
2016-10-10,0.43973381779935766
2016-10-11,0.4396523241728475
2016-10-12,0.4395733406138761
2016-10-13,0.436107671858219
2016-10-14,0.436363447408315
2016-10-17,0.4369643645447426
2016-10-18,0.43701218861916497
2016-10-19,0.43973254980052273
2016-10-20,0.4458210482984014
2016-10-21,0.4458976792919247
2016-10-24,0.4464138417532553
2016-10-25,0.4475743284910745
2016-10-26,0.4485278554448837
2016-10-27,0.4449122375742467
2016-10-28,0.4406947463108214
2016-10-31,0.4432987234670318
2016-11-01,0.4419461479693548
2016-11-02,0.439084776298328
2016-11-03,0.4372704409847035
2016-11-04,0.43594911304845
2016-11-07,0.43389635316882813
2016-11-08,0.43577216491898146
2016-11-09,0.41371723797428067
2016-11-10,0.41986471861789254
2016-11-11,0.4218770980392338
2016-11-14,0.424630325190179
2016-11-15,0.42570078992852317
2016-11-16,0.42571187291005774
2016-11-17,0.42664698546190505
2016-11-18,0.4253742987815741
2016-11-21,0.42517089548571924
2016-11-22,0.42702979900302895
2016-11-23,0.4276206602273153
2016-11-25,0.4276967564223379
2016-11-28,0.4301866365107105
2016-11-29,0.42822969065822686
2016-11-30,0.43414187683019423
2016-12-01,0.4361299126734325
2016-12-02,0.46041476787373486
2016-12-05,0.4566790370547304
2016-12-06,0.4655669880085914
2016-12-07,0.4657812041333367
2016-12-08,0.46522901049809967
2016-12-09,0.4685336319623351
2016-12-12,0.46849545915974705
2016-12-13,0.4633511972082972
2016-12-14,0.46732187339403136
2016-12-15,0.4643504335443665
2016-12-16,0.4814401238817342
2016-12-19,0.48052745467233576
2016-12-20,0.482557839062743
2016-12-21,0.4814987827825575
2016-12-22,0.4813819223278194
2016-12-23,0.4805338435687961
2016-12-27,0.4810564273612627
2016-12-28,0.4844007696862244
2016-12-29,0.48504705665874986
2016-12-30,0.48443421012334287
2017-01-03,0.48295898583043945
2017-01-04,0.4840465406215735
2017-01-05,0.4851006097334707
2017-01-06,0.48739546714073195
2017-01-09,0.49040418541680914
2017-01-10,0.48779347374716103
2017-01-11,0.49500335289310765
2017-01-12,0.4939445502822205
2017-01-13,0.4893579819848661
2017-01-17,0.4900243069864181
2017-01-18,0.49233721391911933
2017-01-19,0.4886431869110974
2017-01-20,0.48929460880360304
2017-01-23,0.4899398364532309
2017-01-24,0.48937930955304276
2017-01-25,0.4924525770332095
2017-01-26,0.489896835814793
2017-01-27,0.4920177984270909
2017-01-30,0.4908966527925386
2017-01-31,0.4955671248815502
2017-02-01,0.5010109976922974
2017-02-02,0.5069647762477781
2017-02-03,0.5057392545271843
2017-02-06,0.5088625803667378
2017-02-07,0.5019569592152879
2017-02-08,0.5030165403690673
2017-02-09,0.5032315585229509
2017-02-10,0.5055737831559972
2017-02-13,0.5056512853220295
2017-02-14,0.4997141390196264
2017-02-15,0.5010817575676576
2017-02-16,0.4947218182205012
2017-02-17,0.4936354025916681
2017-02-21,0.49695524418677667
2017-02-22,0.4963681448003123
2017-02-23,0.49735237472653937
2017-02-24,0.4985285285700258
2017-02-27,0.49765316965524165
2017-02-28,0.49664084802221453
2017-03-01,0.49191886679298263
2017-03-02,0.4914135808947225
2017-03-03,0.4912130264713799
2017-03-06,0.4921776557835063
2017-03-07,0.4928801876525655
2017-03-08,0.4987805146503603
2017-03-09,0.49836036829027486
2017-03-10,0.5053490219395731
2017-03-13,0.5002950319499798
2017-03-14,0.5027014720523729
2017-03-15,0.5088156444033397
2017-03-16,0.5093746780117161
2017-03-17,0.5108655106800848
2017-03-20,0.5119476855978826
2017-03-21,0.5125653069932266
2017-03-22,0.5129041768502951
2017-03-23,0.5368772178194838
2017-03-24,0.5370992393467664
2017-03-27,0.5377035213289084
2017-03-28,0.5336615902641424
2017-03-29,0.5298981636130462
2017-03-30,0.5307098706338259
2017-03-31,0.5325112081210349
2017-04-03,0.534390233854916
2017-04-04,0.5293301426502015
2017-04-05,0.5279602021408635
2017-04-06,0.5230898534422752
2017-04-07,0.5223632108599345
2017-04-10,0.5253095033157531
2017-04-11,0.5298294931025948
2017-04-12,0.5350896665079167
2017-04-13,0.534838489142634
2017-04-17,0.5335906702375288
2017-04-18,0.5337753193599696
2017-04-19,0.5412954067471766
2017-04-20,0.5397158821102028
2017-04-21,0.54171889916985
2017-04-24,0.5432755006475972
2017-04-25,0.5475761602811692
2017-04-26,0.5498876782071035
2017-04-27,0.5499695201627329
2017-04-28,0.5510326225734354
2017-05-01,0.5558082993420606
2017-05-02,0.5553301086478157
2017-05-03,0.5562719981045356
2017-05-04,0.5603598500601171
2017-05-05,0.5617023981713887
2017-05-08,0.5657048179984585
2017-05-09,0.5763536643708671
2017-05-10,0.5764175368668683
2017-05-11,0.5748989144919531
2017-05-12,0.5743115922851602
2017-05-15,0.5729994334117663
2017-05-16,0.5753000211725139
2017-05-17,0.5819598537989958
2017-05-18,0.5738549578382334
2017-05-19,0.5750338454876851
2017-05-22,0.574045719195636
2017-05-23,0.5757917675505232
2017-05-24,0.5770446620113614
2017-05-25,0.5767368473067986
2017-05-26,0.5782823236151914
2017-05-30,0.5770162399412554
2017-05-31,0.5770373362190493
2017-06-01,0.5776980838134307
2017-06-02,0.5816556181713997
2017-06-05,0.5727779150004348
2017-06-06,0.5751212477388665
2017-06-07,0.5760958053769114
2017-06-08,0.575439769610567
2017-06-09,0.5737743886786886
2017-06-12,0.5732172727529883
2017-06-13,0.5723803534545713
2017-06-14,0.5620046095745078
2017-06-15,0.5613907240724527
2017-06-16,0.5670453467560809
2017-06-19,0.5751974529223327
2017-06-20,0.5712250409556684
2017-06-21,0.5727542748014409
2017-06-22,0.5729499483763284
2017-06-23,0.5709336023520126
2017-06-26,0.5361823260198044
2017-06-27,0.5329982486329572
2017-06-28,0.5367145789247633
2017-06-29,0.541617560844953
2017-06-30,0.5410954592833103
2017-07-03,0.5316867452729521
2017-07-05,0.5280265926029258
2017-07-06,0.5266821808374476
2017-07-07,0.5285636110090723
2017-07-10,0.5269620192207968
2017-07-11,0.5244417159033017
2017-07-12,0.515693412178089
2017-07-13,0.5114242564792763
2017-07-14,0.508024830061588
2017-07-17,0.5078943893214
2017-07-18,0.5104834987602296
2017-07-19,0.5104888614010791
2017-07-20,0.5093911743463828
2017-07-21,0.512558315999965
2017-07-24,0.5143945706879263
2017-07-25,0.5146987661309658
2017-07-26,0.5143213576377117
2017-07-27,0.5063470342654728
2017-07-28,0.5080959412417511
2017-07-31,0.5046022713775152
2017-08-01,0.5072598925394595
2017-08-02,0.5172906171119518
2017-08-03,0.5172483452232184
2017-08-04,0.519707178424491
2017-08-07,0.513799180250376
2017-08-08,0.5127244407506076
2017-08-09,0.5135729866090976
2017-08-10,0.5153875024124017
2017-08-11,0.5129403050107327
2017-08-14,0.517194073689949
2017-08-15,0.5228087456045001
2017-08-16,0.5253563244264332
2017-08-17,0.5274098348627574
2017-08-18,0.5272160986902513
2017-08-21,0.5262277325939554
2017-08-22,0.5293932611222281
2017-08-23,0.5302773818686293
2017-08-24,0.5315169387490508
2017-08-25,0.5321772396186002
2017-08-28,0.5264148362061069
2017-08-29,0.5272813470458374
2017-08-30,0.5267594129642681
2017-08-31,0.5271467692764622
2017-09-01,0.5246895897051138
2017-09-05,0.540829810532525
2017-09-06,0.5391466915854204
2017-09-07,0.543284503023442
2017-09-08,0.542029782732994
2017-09-11,0.5462469509553647
2017-09-12,0.5443679735134951
2017-09-13,0.5428561700905458
2017-09-14,0.5434061874807669
2017-09-15,0.5417397027082679
2017-09-18,0.5466970862658775
2017-09-19,0.5469314455930752
2017-09-20,0.5449808748887093
2017-09-21,0.5403149545443858
2017-09-22,0.540777843879904
2017-09-25,0.5430618903166686
2017-09-26,0.5431511699908841
2017-09-27,0.5542519252872667
2017-09-28,0.5533977759028414
2017-09-29,0.552110120896544
2017-10-02,0.5516143812018929
2017-10-03,0.551383940795005
2017-10-04,0.5486874867221415
2017-10-05,0.5492624125233168
2017-10-06,0.5459838465349477
2017-10-09,0.5464855427436545
2017-10-10,0.5493602941918325
2017-10-11,0.5493979459865835
2017-10-12,0.5491404039682717
2017-10-13,0.5509366618650563
2017-10-16,0.5486509742727317
2017-10-17,0.5463719819946823
2017-10-18,0.5465496806746482
2017-10-19,0.5469189174103459
2017-10-20,0.5497149614519435
2017-10-23,0.5498012332805242
2017-10-24,0.5503176216680665
2017-10-25,0.5494646320223967
2017-10-26,0.5484228681214033
2017-10-27,0.5540467966037422
2017-10-30,0.5548108815252992
2017-10-31,0.5538747339280733
2017-11-01,0.5553980784583278
2017-11-02,0.554151238313835
2017-11-03,0.5579861863527155
2017-11-06,0.559976150282998
2017-11-07,0.5542990932996822
2017-11-08,0.5525707371745955
2017-11-09,0.5993421243246014
2017-11-10,0.5937375821709443
2017-11-13,0.5959063540197982
2017-11-14,0.5937050786849759
2017-11-15,0.5875633787349686
2017-11-16,0.5906526562489509
2017-11-17,0.5933296109464526
2017-11-20,0.5893159668247183
2017-11-21,0.589138889583832
2017-11-22,0.5892597582475321
2017-11-24,0.5931712365397114
2017-11-27,0.5937882630210212
2017-11-28,0.590980132445237
2017-11-29,0.5964218909474778
2017-11-30,0.5879658427838248
2017-12-01,0.5885657499653278
2017-12-04,0.5867861593178559
2017-12-05,0.5811960813250421
2017-12-06,0.5799299845395629
2017-12-07,0.5835701484380311
2017-12-08,0.5852418731498871
2017-12-11,0.5798835359345784
2017-12-12,0.5796453008382267
2017-12-13,0.5840488648063238
2017-12-14,0.5750321658200952
2017-12-15,0.5885205227967044
2017-12-18,0.58393164397198
2017-12-19,0.5767105624072019
2017-12-20,0.5680687175316937
2017-12-21,0.5681403061133979
2017-12-22,0.567710828168793
2017-12-26,0.5679015307121448
2017-12-27,0.5702998952942839
2017-12-28,0.5690104634295335
2017-12-29,0.5694072403601531
2018-01-02,0.5505443293792239
2018-01-03,0.5471851214279722
2018-01-04,0.5458671781469482
2018-01-05,0.5350294170991511
2018-01-08,0.5314562785535453
2018-01-09,0.5297353614393384
2018-01-10,0.5300467787698225
2018-01-11,0.5301580476169215
2018-01-12,0.5294593789712398
2018-01-16,0.5314795088940453
2018-01-17,0.5240270175255061
2018-01-18,0.5184917867088353
2018-01-19,0.5153089932806095
2018-01-22,0.5160958301068728
2018-01-23,0.5144083069918309
2018-01-24,0.5010368380564656
2018-01-25,0.48619884252986173
2018-01-26,0.4916785217204726
2018-01-29,0.4938754175308111
2018-01-30,0.4973876798210762
2018-01-31,0.4954952284359603
2018-02-01,0.48376046920238247
2018-02-02,0.49144285278437755
2018-02-05,0.49145683902011045
2018-02-06,0.4918301558938357
2018-02-07,0.4971221143472862
2018-02-08,0.49408179969383514
2018-02-09,0.48958913915415037
2018-02-12,0.49100547818363516
2018-02-13,0.4914401594128862
2018-02-14,0.46329884325812687
2018-02-15,0.4662709285216932
2018-02-16,0.46163895090466
2018-02-20,0.46657766071642864
2018-02-21,0.46862449160197456
2018-02-22,0.46926536364623966
2018-02-23,0.46513677621351535
2018-02-26,0.4618981002334685
2018-02-27,0.4590685441291
2018-02-28,0.4572827931761129
2018-03-01,0.45863930379396495
2018-03-02,0.45090462252555435
2018-03-05,0.45160501843449724
2018-03-06,0.44810870545590964
2018-03-07,0.4469482872346032
2018-03-08,0.44221084634514085
2018-03-09,0.438172826018248
2018-03-12,0.43688095710705216
2018-03-13,0.4379545027011049
2018-03-14,0.4393539190634441
2018-03-15,0.4258812585827308
2018-03-16,0.4296913001986674
2018-03-19,0.4283147004916449
2018-03-20,0.428438194111916
2018-03-21,0.4193646336880517
2018-03-22,0.41178098335042296
2018-03-23,0.4070937674124259
2018-03-26,0.4039788577771911
2018-03-27,0.3917980837476032
2018-03-28,0.38212087227743696
2018-03-29,0.38121963831288364
2018-04-02,0.37685812697158555
2018-04-03,0.38060438705004607
2018-04-04,0.37753641397952964
2018-04-05,0.3819947461500899
2018-04-06,0.38446443155047233
2018-04-09,0.38443388732541656
2018-04-10,0.38521583848502566
2018-04-11,0.38716350627361457
2018-04-12,0.38434289894506635
2018-04-13,0.38265808433466686
2018-04-16,0.3817842939240597
2018-04-17,0.38120419481324763
2018-04-18,0.3769945789857679
2018-04-19,0.37426842523734555
2018-04-20,0.37905639122497203
2018-04-23,0.37764857036176397
2018-04-24,0.3723547436639154
2018-04-25,0.36707629617101034
2018-04-26,0.36128261328808
2018-04-27,0.363270158651311
2018-04-30,0.36035757129949053
2018-05-01,0.3566315623917778
2018-05-02,0.3573701959048992
2018-05-03,0.36360502134973427
2018-05-04,0.36073628854671796
2018-05-07,0.3605927074568046
2018-05-08,0.3598390138305334
2018-05-09,0.36119615646456044
2018-05-10,0.3647257766959631
2018-05-11,0.3643560159253362
2018-05-14,0.3651318915032912
2018-05-15,0.3784596768848309
2018-05-16,0.3777548905459982
2018-05-17,0.3593720561588173
2018-05-18,0.36058266745335943
2018-05-21,0.3598690993311443
2018-05-22,0.361564824062854
2018-05-23,0.35820780826670984
2018-05-24,0.3614796126461248
2018-05-25,0.35839143194837364
2018-05-29,0.3485534914285658
2018-05-30,0.3491247344370845
2018-05-31,0.3487428258690416
2018-06-01,0.35058456433989776
2018-06-04,0.3447591261714101
2018-06-05,0.34673130995050333
2018-06-06,0.3412775436671807
2018-06-07,0.33727273189703544
2018-06-08,0.3357951164941329
2018-06-11,0.3354954436548118
2018-06-12,0.33516612292179065
2018-06-13,0.33486157820586915
2018-06-14,0.34915781123527445
2018-06-15,0.3417594220217577
2018-06-18,0.34190737123547926
2018-06-19,0.3394730820703861
2018-06-20,0.3456788043717236
2018-06-21,0.3436110656503126
2018-06-22,0.3429930118264148
2018-06-25,0.34215483971172267
2018-06-26,0.34627457751149016
2018-06-27,0.3448637634505363
2018-06-28,0.34508210651732835
2018-06-29,0.340593914230911
2018-07-02,0.3391587437748003
2018-07-03,0.3419976941780943
2018-07-05,0.3428194213325638
2018-07-06,0.34283794588462124
2018-07-09,0.3360425854207809
2018-07-10,0.33585010032087703
2018-07-11,0.3287244437862447
2018-07-12,0.32683378895743614
2018-07-13,0.3246541988564363
2018-07-16,0.3247527454543753
2018-07-17,0.3240857511794288
2018-07-18,0.31919749940872677
2018-07-19,0.31526982951048355
2018-07-20,0.30295315659471317
2018-07-23,0.30389941113164926
2018-07-24,0.3043257883535228
2018-07-25,0.3013176969921314
2018-07-26,0.30153173711902304
2018-07-27,0.3016741101885335
2018-07-30,0.29854893292262275
2018-07-31,0.2996986857327019
2018-08-01,0.3054455683280823
2018-08-02,0.3042947157208186
2018-08-03,0.3055318163748231
2018-08-06,0.2998585520711395
2018-08-07,0.2981304057452944
2018-08-08,0.2998723491235074
2018-08-09,0.2929674492324659
2018-08-10,0.2868329169501598
2018-08-13,0.28664129142404693
2018-08-14,0.2835821013235832
2018-08-15,0.2662443036580914
2018-08-16,0.2641790905273192
2018-08-17,0.2610306729244799
2018-08-20,0.26386450530136146
2018-08-21,0.2616063479442391
2018-08-22,0.2611095829611634
2018-08-23,0.25620083954442124
2018-08-24,0.255060241279279
2018-08-27,0.25072263797761674
2018-08-28,0.2586298966741017
2018-08-29,0.25988144656934364
2018-08-30,0.25842272783296716
2018-08-31,0.25660940989320435
2018-09-04,0.26153246470545083
2018-09-05,0.24560335548231815
2018-09-06,0.2440403750095858
2018-09-07,0.2356450714390538
2018-09-10,0.23523732121345342
2018-09-11,0.2197281787701539
2018-09-12,0.22361458695942424
2018-09-13,0.22059311261564887
2018-09-14,0.22128337438174106
2018-09-17,0.22155506048340823
2018-09-18,0.21717318612272343
2018-09-19,0.21453826332318862
2018-09-20,0.217628685607841
2018-09-21,0.21763200264491625
2018-09-24,0.21624583698692149
2018-09-25,0.21001541029473497
2018-09-26,0.20446457526961861
2018-09-27,0.1905596566581095
2018-09-28,0.18895544005635118
2018-10-01,0.19116321471249195
2018-10-02,0.19690279171521427
2018-10-03,0.20055876168572961
2018-10-04,0.1994183256635949
2018-10-05,0.1940575427181849
2018-10-08,0.19819800591333062
2018-10-09,0.19569996553241528
2018-10-10,0.1942967982390629
2018-10-11,0.21900492451928233
2018-10-12,0.21996064065966728
2018-10-15,0.2144413866514855
2018-10-16,0.2141193274941506
2018-10-17,0.21528271006117639
2018-10-18,0.21343739216030458
2018-10-19,0.2123141105899429
2018-10-22,0.2072235379179021
2018-10-23,0.20861928685947057
2018-10-24,0.20810445103940348
2018-10-25,0.20917800779310866
2018-10-26,0.2088596174860816
2018-10-29,0.20673658337978534
2018-10-30,0.2074208429379268
2018-10-31,0.2100675904123097
2018-11-01,0.20835115060040887
2018-11-02,0.20606788051457264
2018-11-05,0.2066010277928241
2018-11-06,0.203798417729538
2018-11-07,0.20583737016233564
2018-11-08,0.20664953764969424
2018-11-09,0.1968611122077884
2018-11-12,0.18098876237123707
2018-11-13,0.18060372354219642
2018-11-14,0.17951509450179845
2018-11-15,0.18195740416294864
2018-11-16,0.18689213005191038
2018-11-19,0.17884510381400937
2018-11-20,0.18016218310702084
2018-11-21,0.17956934941795435
2018-11-23,0.17676122537518038
2018-11-26,0.17638913503239526
2018-11-27,0.1759069080508951
2018-11-28,0.17351234250349604
2018-11-29,0.16954108221287825
2018-11-30,0.16666023072084643
2018-12-03,0.16742806904449944
2018-12-04,0.17632980971625453
2018-12-06,0.18107311211112975
2018-12-07,0.18321929664437608
2018-12-10,0.17221841265785934
2018-12-11,0.1722104157011639
2018-12-12,0.17028275039988944
2018-12-13,0.1707796009235343
2018-12-14,0.1626859583456304
2018-12-17,0.1677846965987816
2018-12-18,0.16827889472952973
2018-12-19,0.1629879954647803
2018-12-20,0.15742865214753837
2018-12-21,0.16190086347043056
2018-12-24,0.16607516922144674
2018-12-26,0.16787684071186887
2018-12-27,0.16576069789691517
2018-12-28,0.1650251080633812
2018-12-31,0.16623949887446726
2019-01-02,0.165603396505055
2019-01-03,0.1923144182887676
2019-01-04,0.2021501333657306
2019-01-07,0.2011291975450032
2019-01-08,0.20153937165872213
2019-01-09,0.19995940702841652
2019-01-10,0.19880880156813197
2019-01-11,0.1998095673496957
2019-01-14,0.19732569535037073
2019-01-15,0.19705130669775028
2019-01-16,0.19669614798990068
2019-01-17,0.19616047089563327
2019-01-18,0.19906717829956536
2019-01-22,0.20446496887781465
2019-01-23,0.20434647519003055
2019-01-24,0.20083903913822526
2019-01-25,0.19978368295235954
2019-01-28,0.20646419355587703
2019-01-29,0.20959753359805483
2019-01-30,0.20528275391365425
2019-01-31,0.20271211899081215
2019-02-01,0.20002949753657062
2019-02-04,0.21018518618653306
2019-02-05,0.20003424303867298
2019-02-06,0.19758518453588658
2019-02-07,0.19279716842053785
2019-02-08,0.19029094235831423
2019-02-11,0.19249278529107108
2019-02-12,0.19094049320752207
2019-02-13,0.19050373976892976
2019-02-14,0.19114034700414498
2019-02-15,0.2195339781142375
2019-02-19,0.22045280748565615
2019-02-20,0.22338323794677664
2019-02-21,0.22812876661294898
2019-02-22,0.22564003864092788
2019-02-25,0.22463761165643428
2019-02-26,0.22761052407257032
2019-02-27,0.23480225873045324
2019-02-28,0.23604516332224798
2019-03-01,0.2510624111368575
2019-03-04,0.25021342448789746
2019-03-05,0.25726660451415434
2019-03-06,0.2563791385329027
2019-03-07,0.2559550288021415
2019-03-08,0.25875782750888243
2019-03-11,0.2621115194473322
2019-03-12,0.26728421385685536
2019-03-13,0.2652247355860339
2019-03-14,0.27167929922252676
2019-03-15,0.2759397984190953
2019-03-18,0.27634159446641193
2019-03-19,0.2746539617891628
2019-03-20,0.2810041645961261
2019-03-21,0.2782050746450401
2019-03-22,0.2812462921575899
2019-03-25,0.28763414671171156
2019-03-26,0.29199655806289954
2019-03-27,0.2882250169265052
2019-03-28,0.28937497623810654
2019-03-29,0.2961177877296219
2019-04-01,0.29856747416841223
2019-04-02,0.29895219310784776
2019-04-03,0.29405490464653683
2019-04-04,0.29510950802207064
2019-04-05,0.29189711091252707
2019-04-08,0.2856942942145385
2019-04-09,0.2865738781727212
2019-04-10,0.28791751658254866
2019-04-11,0.29181634078462354
2019-04-12,0.28452073161189806
2019-04-15,0.2830087831354177
2019-04-16,0.2877211550707707
2019-04-17,0.2874053838475264
2019-04-18,0.2897131569697252
2019-04-22,0.288720380336023
2019-04-23,0.2835081014497151
2019-04-24,0.2861497391757178
2019-04-25,0.2895990868236877
2019-04-26,0.28738607941161726
2019-04-29,0.29341259920247764
2019-04-30,0.29211286718606905
2019-05-01,0.2903274894833599
2019-05-02,0.2897243834800803
2019-05-03,0.29081593948154394
2019-05-06,0.2892606133837195
2019-05-07,0.29088008261583503
2019-05-08,0.2918524721841215
2019-05-09,0.2926888829250596
2019-05-10,0.2914599526721976
2019-05-13,0.29337661627903366
2019-05-14,0.2942461689586207
2019-05-15,0.29145040205072237
2019-05-16,0.27733032488191356
2019-05-17,0.27447373225475497
2019-05-20,0.2753173070544055
2019-05-21,0.27641394857147594
2019-05-22,0.275299767785302
2019-05-23,0.2823390611941588
2019-05-24,0.2823061329721871
2019-05-28,0.27253328559683043
2019-05-29,0.27536835646198204
2019-05-30,0.2887473574745238
2019-05-31,0.30505435633999733
2019-06-03,0.3111160959287162
2019-06-04,0.30554377400783195
2019-06-05,0.30309774108897986
2019-06-06,0.3032803759108479
2019-06-07,0.3087798839231393
2019-06-10,0.3193336899313621
2019-06-11,0.3200206912297381
2019-06-12,0.32037499848133383
2019-06-13,0.32179034499206477
2019-06-14,0.32210623752032574
2019-06-17,0.32191776977966324
2019-06-18,0.32972358562879295
2019-06-19,0.3295079913593879
2019-06-20,0.3274235624683446
2019-06-21,0.31253759631782013
2019-06-24,0.3214289075686769
2019-06-25,0.3219034486674299
2019-06-26,0.3281756668556511
2019-06-27,0.3273702536115412
2019-06-28,0.33558604766375183
2019-07-01,0.3351058290091735
2019-07-02,0.3454574573582146
2019-07-03,0.34571479007406225
2019-07-05,0.3538712101404695
2019-07-08,0.35185697890826256
2019-07-09,0.3522766635156318
2019-07-10,0.3405196253338877
2019-07-11,0.3483634917177183
2019-07-12,0.35489643239807167
2019-07-15,0.3543830525788204
2019-07-16,0.3576243600849725
2019-07-17,0.36835242966438336
2019-07-18,0.36442421644561807
2019-07-19,0.36508168811056185
2019-07-22,0.3690583362829135
2019-07-23,0.38356060314347806
2019-07-24,0.3818490882683156
2019-07-25,0.3847173238506775
2019-07-26,0.3864246044074163
2019-07-29,0.38488824525881515
2019-07-30,0.3852719489428265
2019-07-31,0.36955141612709413
2019-08-01,0.39679162248914834
2019-08-02,0.38674992006800113
2019-08-05,0.40015695799833867
2019-08-06,0.4026438726638843
2019-08-07,0.3992508574160956
2019-08-08,0.4011653361699119
2019-08-09,0.40183450986293623
2019-08-12,0.4113316916067035
2019-08-13,0.4146442282095133
2019-08-14,0.4157954089125726
2019-08-15,0.4185683425105114
2019-08-16,0.4361612049431177
2019-08-19,0.44578173044293734
2019-08-20,0.44974088069052665
2019-08-21,0.44987190401861327
2019-08-22,0.45195975307543634
2019-08-23,0.465741949881189
2019-08-26,0.4683179076099509
2019-08-27,0.47661850282565654
2019-08-28,0.47899947733818243
2019-08-29,0.47776441970313455
2019-08-30,0.4778293914031142
2019-09-03,0.4764326392513838
2019-09-04,0.47589324719968945
2019-09-05,0.49536944925103094
2019-09-06,0.4889275603967399
2019-09-09,0.4878537035744086
2019-09-10,0.49252057520032394
2019-09-11,0.49141066508249487
2019-09-12,0.49086501711436215
2019-09-13,0.4953538262420703
2019-09-16,0.49914238087041407
2019-09-17,0.4974847423442697
2019-09-18,0.49487996610053653
2019-09-19,0.4957926953093578
2019-09-20,0.5038215952694388
2019-09-23,0.5026482803062855
2019-09-24,0.503892159765744
2019-09-25,0.515462144451381
2019-09-26,0.5144835428623296
2019-09-27,0.5174392273204442
2019-09-30,0.5119088091085157
2019-10-01,0.5144730752817384
2019-10-02,0.5134810888974427
2019-10-03,0.5125550600898863
2019-10-04,0.512030819250075
2019-10-07,0.5165830393795754
2019-10-08,0.5199704536438676
2019-10-09,0.5179207410693737
2019-10-10,0.5246573603461347
2019-10-11,0.5274126391024782
2019-10-14,0.5209124863190527
2019-10-15,0.5231334201029724
2019-10-16,0.5241088975001803
2019-10-17,0.5241241872332657
2019-10-18,0.5247284285929991
2019-10-21,0.5263203898961759
2019-10-22,0.5267552420655914
2019-10-23,0.5264614205483475
2019-10-24,0.5237828028739708
2019-10-25,0.5225186653699531
2019-10-28,0.5255093207191152
2019-10-29,0.5250212040064323
2019-10-30,0.5251346945899599
2019-10-31,0.5279157181281285
2019-11-01,0.5261389636347041
2019-11-04,0.528516475424618
2019-11-05,0.5386664232048032
2019-11-06,0.5403410425460099
2019-11-07,0.5506642705743852
2019-11-08,0.5518204952959708
2019-11-11,0.5516538634274457
2019-11-12,0.5615035542892376
2019-11-13,0.5673034769150707
2019-11-14,0.5675417984452232
2019-11-15,0.5689930541261845
2019-11-18,0.569105411964651
2019-11-19,0.5668038014719774
2019-11-20,0.5648885850670367
2019-11-21,0.5662779603560649
2019-11-22,0.5661932874466588
2019-11-25,0.5647230553761603
2019-11-26,0.5652144646598514
2019-11-27,0.566878366168568
2019-11-29,0.56702553263372
2019-12-02,0.5637597524416696
2019-12-03,0.5675575200751327
2019-12-04,0.5654005833468776
2019-12-05,0.5643075574819949
2019-12-06,0.5662231672384036
2019-12-09,0.5666176510072142
2019-12-10,0.5679974752244417
2019-12-11,0.5693213366834451
2019-12-12,0.5692194126456298
2019-12-13,0.5692531793225272
2019-12-16,0.5693828025788202
2019-12-17,0.5684671440574705
2019-12-18,0.5672398924952076
2019-12-19,0.5773950962599106
2019-12-20,0.5867322042255267
2019-12-23,0.586443620477683
2019-12-24,0.5855519624964568
2019-12-26,0.5852605144104485
2019-12-27,0.5864607661815253
2019-12-30,0.5851848094418589
2019-12-31,0.5820091953653581
2020-01-02,0.5842976196007664
2020-01-03,0.5871207021156114
2020-01-06,0.5769353176309185
2020-01-07,0.5759491469221176
2020-01-08,0.5773891997920125
2020-01-09,0.5766536945234944
2020-01-10,0.5763915455961675
2020-01-13,0.5768588725719493
2020-01-14,0.5768465065901752
2020-01-15,0.5774968245079427
2020-01-16,0.5777902205638122
2020-01-17,0.57534913934582
2020-01-21,0.572280064551975
2020-01-22,0.5717250392276974
2020-01-23,0.5715158557674629
2020-01-24,0.5742969595421454
2020-01-27,0.5855456615558005
2020-01-28,0.5885245871646532
2020-01-29,0.5888234423041877
2020-01-30,0.5899670889815849
2020-01-31,0.592315242825648
2020-02-03,0.5917493053655261
2020-02-04,0.5965975238018402
2020-02-05,0.5932610101255171
2020-02-06,0.5948037743950157
2020-02-07,0.5936645632461921
2020-02-10,0.5934680465122677
2020-02-11,0.5933932976490394
2020-02-12,0.5938629550319275
2020-02-13,0.5936061409874289
2020-02-14,0.5932866899650003
2020-02-18,0.5947900237760785
2020-02-19,0.5967014316293772
2020-02-20,0.5968895369516969
2020-02-21,0.596237451061472
2020-02-24,0.5984938236910752
2020-02-25,0.5848966950963148
2020-02-26,0.5824814584867433
2020-02-27,0.5777764879571089
2020-02-28,0.4903822585709456
2020-03-02,0.4811241844357313
2020-03-03,0.49346815350139983
2020-03-04,0.49072049212289814
2020-03-05,0.505673306074162
2020-03-06,0.47133540745681723
2020-03-09,0.46442466791332976
2020-03-10,0.4879353405648483
2020-03-11,0.48009582748131285
2020-03-12,0.4485650050735099
2020-03-13,0.46409332824501837
2020-03-16,0.39820023021131434
2020-03-17,0.330829122173129
2020-03-18,0.35657867642427626
2020-03-19,0.3302732428828873
2020-03-20,0.34332808382774593
2020-03-23,0.3766052221269902
2020-03-24,0.3300232896923385
2020-03-25,0.3299760182042287
2020-03-26,0.3322945964153176
2020-03-27,0.3266117614243108
2020-03-30,0.325229834315179
2020-03-31,0.3258495605054026
2020-04-01,0.32800627477785804
2020-04-02,0.3284140295195742
2020-04-03,0.3283855246029696
2020-04-06,0.3210903600683443
2020-04-07,0.32312520775512554
2020-04-08,0.32459012348403254
2020-04-09,0.3213165425733256
2020-04-13,0.31326588548635786
2020-04-14,0.31249285398196636
2020-04-15,0.3059338375043214
2020-04-16,0.30359632915937335
2020-04-17,0.309102508791717
2020-04-20,0.3099584862976316
2020-04-21,0.3066750842867085
2020-04-22,0.298619881219755
2020-04-23,0.29895986648873885
2020-04-24,0.2986488196170486
2020-04-27,0.30120546256157765
2020-04-28,0.2983260189154734
2020-04-29,0.2971705257205027
2020-04-30,0.3025047151490042
2020-05-01,0.30262651197953916
2020-05-04,0.3020205179249912
2020-05-05,0.3011328043025307
2020-05-06,0.30553891105117514
2020-05-07,0.3092050981503686
2020-05-08,0.3109472971747262
2020-05-11,0.312241688113086
2020-05-12,0.3115720653252902
2020-05-13,0.31218811395461143
2020-05-14,0.3137082522502648
2020-05-15,0.3125311101198005
2020-05-18,0.31640140361623825
2020-05-19,0.3165167862504366
2020-05-20,0.31638928470917765
2020-05-21,0.3148268400099596
2020-05-22,0.3140599171709196
2020-05-26,0.3180463658386876
2020-05-27,0.31903409986406217
2020-05-28,0.3187249196984734
2020-05-29,0.31863323820959183
2020-06-01,0.3151936632522724
2020-06-02,0.3147470413409058
2020-06-03,0.3196871280012716
2020-06-04,0.3150104380584281
2020-06-05,0.31676047534021695
2020-06-08,0.3163670903553093
2020-06-09,0.3160164767146012
2020-06-10,0.3192308792282847
2020-06-11,0.3141616924130942
2020-06-12,0.3135113291113438
2020-06-15,0.3135682144189825
2020-06-16,0.31338006994426115
2020-06-17,0.3131251116170512
2020-06-18,0.3121160369397803
2020-06-19,0.3134404223476349
2020-06-22,0.31556104533504203
2020-06-23,0.3123546332508213
2020-06-24,0.310811359022528
2020-06-25,0.3094902132477104
2020-06-26,0.31045632765462666
2020-06-29,0.3105416505352727
2020-06-30,0.310317117676672
2020-07-01,0.3092409900233712
2020-07-02,0.3092373484989498
2020-07-06,0.30521765544890156
2020-07-07,0.30674504958464544
2020-07-08,0.30597671382805597
2020-07-09,0.30756912637827216
2020-07-10,0.3054689158632482
2020-07-13,0.3056039222645998
2020-07-14,0.30576038268958644
2020-07-15,0.30518992889754093
2020-07-16,0.3011082901585632
2020-07-17,0.30142896698454696
2020-07-20,0.3014268446259503
2020-07-21,0.30069530266111744
2020-07-22,0.29957718103673747
2020-07-23,0.3008587604895405
2020-07-24,0.2995126548395226
2020-07-27,0.29534836169702844
2020-07-28,0.2963411887601223
2020-07-29,0.2956117800701936
2020-07-30,0.29774057815379723
2020-07-31,0.28953723233612655
2020-08-03,0.29088977916827297
2020-08-04,0.28932424244724003
2020-08-05,0.2857588526941314
2020-08-06,0.28762507372242146
2020-08-07,0.289378429941321
2020-08-10,0.2896300477195453
2020-08-11,0.28972917374301865
2020-08-12,0.2902410129890686
2020-08-13,0.2795419520761018
2020-08-14,0.2789066230913297
2020-08-17,0.2769942789433867
2020-08-18,0.2743993109132276
2020-08-19,0.2742310968042103
2020-08-20,0.2745884870312076
2020-08-21,0.2725320073039941
2020-08-24,0.2675653330410395
2020-08-25,0.26728406642480934
2020-08-26,0.26330837753861264
2020-08-27,0.2674641347868584
2020-08-28,0.2653987340146406
2020-08-31,0.2655339321893247
2020-09-01,0.2656533408853407
2020-09-02,0.2614993421614344
2020-09-03,0.252218625918159
2020-09-04,0.25230535114143987
2020-09-08,0.2505796300979662
2020-09-09,0.2463467326652241
2020-09-10,0.2461742399164628
2020-09-11,0.24645727390685604
2020-09-14,0.24247495184424692
2020-09-15,0.2410554436922241
2020-09-16,0.24078639450055023
2020-09-17,0.24111252335349484
2020-09-18,0.24091893298298078
2020-09-21,0.2342967457954302
2020-09-22,0.23456741382385696
2020-09-23,0.23150129759806556
2020-09-24,0.22597678875231925
2020-09-25,0.22624023330506882
2020-09-28,0.22552514263249698
2020-09-29,0.22713591174003242
2020-09-30,0.22833799021272094
2020-10-01,0.22822829610174447
2020-10-02,0.2278134367115698
2020-10-05,0.22502850008766728
2020-10-06,0.22121671757745454
2020-10-07,0.22110490423126414
2020-10-08,0.2214490801060295
2020-10-09,0.21726083633997165
2020-10-12,0.2153112065662107
2020-10-13,0.2111599044171996
2020-10-14,0.20922868716218265
2020-10-15,0.20903521564633504
2020-10-16,0.20939059969372487
2020-10-19,0.20937613103948624
2020-10-20,0.2071704426577814
2020-10-21,0.20615270981251377
2020-10-22,0.2085238841033152
2020-10-23,0.20869099919797654
2020-10-26,0.20847476053369485
2020-10-27,0.20677241610512032
2020-10-28,0.20580574049095957
2020-10-29,0.20569498328565686
2020-10-30,0.20210624357155127
2020-11-02,0.20334172227498676
2020-11-03,0.20156693749034796
2020-11-04,0.19581564984686253
2020-11-05,0.19468416189706125
2020-11-06,0.18777420913036288
2020-11-09,0.20521812028915573
2020-11-10,0.2047830798776305
2020-11-11,0.20417359480127448
2020-11-12,0.20520081426312564
2020-11-13,0.20429619103012936
2020-11-16,0.20424584048319494
2020-11-17,0.20339964448943623
2020-11-18,0.20310346940632407
2020-11-19,0.20303110786148085
2020-11-20,0.20242959318337542
2020-11-23,0.20386288561143878
2020-11-24,0.20745990231963268
2020-11-25,0.20714157773467978
2020-11-27,0.20383079995175876
2020-11-30,0.20444711275004504
2020-12-01,0.19543422999563584
2020-12-02,0.19064682911402117
2020-12-03,0.19134943397517976
2020-12-04,0.19221156811078952
2020-12-07,0.19317806068771676
2020-12-08,0.19343379684964312
2020-12-09,0.19425751046345685
2020-12-10,0.19271300549379908
2020-12-11,0.19161984317243885
2020-12-14,0.19134484471202753
2020-12-15,0.18963817760564725
2020-12-16,0.18916403559845058
2020-12-17,0.18815758035266827
2020-12-18,0.18831094834327813
2020-12-21,0.1879180637802705
2020-12-22,0.18686214321748215
2020-12-23,0.18536712713283587
2020-12-24,0.1853944041491819
2020-12-28,0.18538003922874627
2020-12-29,0.18539732674585144
2020-12-30,0.18600824829512466
2020-12-31,0.18473843158941006
2021-01-04,0.17924220875796626
2021-01-05,0.18042180897807183
2021-01-06,0.18796704506096834
2021-01-07,0.1873291201242543
2021-01-08,0.18792602448661733
2021-01-11,0.1871906901424726
2021-01-12,0.18647370900049906
2021-01-13,0.18514887250285306
2021-01-14,0.18462337992203365
2021-01-15,0.18296375933358333
2021-01-19,0.18373145624523785
2021-01-20,0.18348345129268392
2021-01-21,0.1836455504683201
2021-01-22,0.18274335542952252
2021-01-25,0.18180017890949307
2021-01-26,0.18029874025680312
2021-01-27,0.1783363373725475
2021-01-28,0.1773988489319535
2021-01-29,0.17746640029358912
2021-02-01,0.1766285426852742
2021-02-02,0.1781168422391975
2021-02-03,0.17478601367824337
2021-02-04,0.17560636914711253
2021-02-05,0.17303390989630033
2021-02-08,0.17343425306316668
2021-02-09,0.17335604747959107
2021-02-10,0.17330723367757897
2021-02-11,0.17417397531719064
2021-02-12,0.1745497022166069
2021-02-16,0.1786423700868719
2021-02-17,0.17506027017484643
2021-02-18,0.17514768910907244
2021-02-19,0.17309733507793715
2021-02-22,0.16750904212451045
2021-02-23,0.16524185795261223
2021-02-24,0.16840724054002287
2021-02-25,0.17491174842149013
2021-02-26,0.1536040226532108
2021-03-01,0.17690226771800427
2021-03-02,0.17788687786559776
2021-03-03,0.17149637097925388
2021-03-04,0.17321722539345805
2021-03-05,0.16285164481938427
2021-03-08,0.16876367873396356
2021-03-09,0.1752015725893027
2021-03-10,0.15418902813735905
2021-03-11,0.1534376886886294
2021-03-12,0.1634080813382654
2021-03-15,0.14851607582375054
2021-03-16,0.17848591177309675
2021-03-17,0.2174356274975828
2021-03-18,0.1949544904316383
2021-03-19,0.21685500057649992
2021-03-22,0.2036869325470049
2021-03-23,0.14575322325549928
2021-03-24,0.18761858297531542
2021-03-25,0.18812464664562337
2021-03-26,0.1855408132253729
2021-03-29,0.20007110235550735
2021-03-30,0.19625587737607125
2021-03-31,0.18589572277448185
2021-04-01,0.18852323750082203
2021-04-05,0.1848404578655588
2021-04-06,0.18632852697281427
2021-04-07,0.1913846852079108
2021-04-08,0.19289814434734104
2021-04-09,0.19154889410866394
2021-04-12,0.19079740454172645
2021-04-13,0.20031694651768017
2021-04-14,0.20078729407733797
2021-04-15,0.2203422653861845
2021-04-16,0.2194472820530152
2021-04-19,0.21100753162992938
2021-04-20,0.20954465233209837
2021-04-21,0.215699033600569
2021-04-22,0.22407996777841524
2021-04-23,0.2222608413928217
2021-04-26,0.22289293683160336
2021-04-27,0.22014277467405682
2021-04-28,0.22384961274980772
2021-04-29,0.2255181289424521
2021-04-30,0.21776060104751338
2021-05-03,0.21602739817504207
2021-05-04,0.21364419793613973
2021-05-05,0.21532476729952205
2021-05-06,0.2086843390580878
2021-05-07,0.19722509202989374
2021-05-10,0.19282739246649352
2021-05-11,0.19094972347528358
2021-05-12,0.19366993310729974
2021-05-13,0.1912823294599969
2021-05-14,0.1912685062398865
2021-05-17,0.19066642477384982
2021-05-18,0.1854186768122971
2021-05-19,0.18381220090861358
2021-05-20,0.18483273120877136
2021-05-21,0.1878347631606204
2021-05-24,0.18660745618118785
2021-05-25,0.18251200395751332
2021-05-26,0.18270896063621278
2021-05-27,0.1831668613574685
2021-05-28,0.18088151110354064
2021-06-01,0.18233709320125713
2021-06-02,0.1820450005637349
2021-06-03,0.17411662909483322
2021-06-04,0.18807857254822938
2021-06-07,0.18241653186437512
2021-06-08,0.1791081011075594
2021-06-09,0.17335880010456858
2021-06-10,0.16584806508510352
2021-06-11,0.1755664804974875
2021-06-14,0.1783770380081281
2021-06-15,0.17859249588972315
2021-06-16,0.17873219236009413
2021-06-17,0.15045333746747422
2021-06-18,0.14504988595942775
2021-06-21,0.1334748383905265
2021-06-22,0.1327348336130221
2021-06-23,0.13572697936373446
2021-06-24,0.13809966669256202
2021-06-25,0.13619199256343908
2021-06-28,0.1338518427852957
2021-06-29,0.13256914100317807
2021-06-30,0.13464417600345158
2021-07-01,0.13443273497225522
2021-07-02,0.13604430315045415
2021-07-06,0.13940791602896427
2021-07-07,0.13736016008010252
2021-07-08,0.1383902280425791
2021-07-09,0.138597127436351
2021-07-12,0.13817908879823956
2021-07-13,0.13732790838343287
2021-07-14,0.1421098843841524
2021-07-15,0.14186157762537546
2021-07-16,0.1449911671309418
2021-07-19,0.14484448264830022
2021-07-20,0.14446531328507822
2021-07-21,0.14568528509075387
2021-07-22,0.14443032382321735
2021-07-23,0.14086793378114648
2021-07-26,0.1411053409347582
2021-07-27,0.14571477297044205
2021-07-28,0.1431974188630542
2021-07-29,0.1406205155369152
2021-07-30,0.14121358905752865
2021-08-02,0.14074507839456274
2021-08-03,0.14114872668811598
2021-08-04,0.1326204374433024
2021-08-05,0.1377059558261841
2021-08-06,0.1509159534697362
2021-08-09,0.14889510304125814
2021-08-10,0.14819116678883038
2021-08-11,0.1254810064294946
2021-08-12,0.12388590077888448
2021-08-13,0.1484785326882337
2021-08-16,0.14848392230155552
2021-08-17,0.146878265369052
2021-08-18,0.14397695461279483
2021-08-19,0.136154974211467
2021-08-20,0.13317333331380315
2021-08-23,0.13537461176029486
2021-08-24,0.13494908093980312
2021-08-25,0.1381436112473637
2021-08-26,0.14104740120889644
2021-08-27,0.13734300783827819
2021-08-30,0.13796421930181657
2021-08-31,0.13617488212279036
2021-09-01,0.13583540018812718
2021-09-02,0.14285273064181878
2021-09-03,0.13860366253187967
2021-09-07,0.15021500978208285
2021-09-08,0.14988725830752678
2021-09-09,0.1538375592783098
2021-09-10,0.15655356240092003
2021-09-13,0.1575481461077095
2021-09-14,0.16118570709163205
2021-09-15,0.16177424021619485
2021-09-16,0.16547667335193422
2021-09-17,0.16667548342494015
2021-09-20,0.17090833472236375
2021-09-21,0.17773514053309575
2021-09-22,0.176316299440386
2021-09-23,0.19007100068546004
2021-09-24,0.1893550343927803
2021-09-27,0.1889561215351063
2021-09-28,0.19648546609250955
2021-09-29,0.1955315429465502
2021-09-30,0.19231760205377046
2021-10-01,0.19242256547863593
2021-10-04,0.19170452297538532
2021-10-05,0.2006821940735462
2021-10-06,0.20558540252391447
2021-10-07,0.2077053372035977
2021-10-08,0.20629746776500082
2021-10-11,0.2077864531284076
2021-10-12,0.2107946488194013
2021-10-13,0.22546978374279592
2021-10-14,0.2255351780818636
2021-10-15,0.22886015247268376
2021-10-18,0.22780345341537997
2021-10-19,0.2243344337791048
2021-10-20,0.22378412943608156
2021-10-21,0.22540381523712938
2021-10-22,0.22423070676053963
2021-10-25,0.22405275140875927
2021-10-26,0.22090259122218484
2021-10-27,0.22073497065487002
2021-10-28,0.22297241194664238
2021-10-29,0.21987382087847232
2021-11-01,0.22054116607585803
2021-11-02,0.2168957419432138
2021-11-03,0.22217363664691944
2021-11-04,0.23049896116812904
2021-11-05,0.2387996339079491
2021-11-08,0.2404258857268176
2021-11-09,0.20596997283021096
2021-11-10,0.19383216551441076
2021-11-11,0.1942932271931951
2021-11-12,0.18992467900935397
2021-11-15,0.1907010666251802
2021-11-16,0.19133922469891781
2021-11-17,0.1962618739689889
2021-11-18,0.19662114375327933
2021-11-19,0.19195714151860493
2021-11-22,0.20164589219281337
2021-11-23,0.20416758397192045
2021-11-24,0.19566622172078002
2021-11-26,0.1901541544478122
2021-11-29,0.19664715614247366
2021-11-30,0.18965498951583445
2021-12-01,0.21038053444597085
2021-12-02,0.21372574140404432
2021-12-03,0.21519563765745703
2021-12-06,0.21495315691836953
2021-12-07,0.2073862574793907
2021-12-08,0.20428120238088585
2021-12-09,0.2008274126042403
2021-12-10,0.20148061436710143
2021-12-13,0.2020491058680436
2021-12-14,0.2021079251816015
2021-12-15,0.20277363639547735
2021-12-16,0.2032894500292492
2021-12-17,0.203456836146775
2021-12-20,0.20448786338533645
2021-12-21,0.20523721075804485
2021-12-22,0.20968690526727968
2021-12-23,0.21110858756194667
2021-12-27,0.210669584828875
2021-12-28,0.21151448333355766
2021-12-29,0.2112435029336684
2021-12-30,0.21325079238239095
2021-12-31,0.21350259414752007
2022-01-03,0.23336170632064074
2022-01-04,0.23294622663494075
2022-01-05,0.22013296924322392
2022-01-06,0.2169459230010303
2022-01-07,0.21635607627949785
2022-01-10,0.21659413880063663
2022-01-11,0.22039924885456222
2022-01-12,0.22321989585733149
2022-01-13,0.22130483159990383
2022-01-14,0.22617142727370101
2022-01-18,0.22518982958189898
2022-01-19,0.23005719985027556
2022-01-20,0.22901167481056978
2022-01-21,0.22795137962128265
2022-01-24,0.22518121488778392
2022-01-25,0.2246964363868697
2022-01-26,0.23385226822487684
2022-01-27,0.21858786406666786
2022-01-28,0.2185507219769836
2022-01-31,0.21647173623905042
2022-02-01,0.21331446352816882
2022-02-02,0.21361399136600928
2022-02-03,0.21389448294927169
2022-02-04,0.21686915109894805
2022-02-07,0.2151183592113952
2022-02-08,0.213651462845336
2022-02-09,0.2129065930482741
2022-02-10,0.21291115829465007
2022-02-11,0.2234176121065318
2022-02-14,0.20969735010585122
2022-02-15,0.21944509936021886
2022-02-16,0.22192307749734283
2022-02-17,0.22967963070603453
2022-02-18,0.23624519460226276
2022-02-22,0.2361591881275959
2022-02-23,0.23168394819220303
2022-02-24,0.21802565616053612
2022-02-25,0.27393467800036614
2022-02-28,0.2816637555485539
2022-03-01,0.28947540401803484
2022-03-02,0.29567772937901193
2022-03-03,0.2953124729368743
2022-03-04,0.30514322327425775
2022-03-07,0.2939205129693514
2022-03-08,0.2630555813705182
2022-03-09,0.2706541339997592
2022-03-10,0.2672111399709368
2022-03-11,0.26747086025907835
2022-03-14,0.28016234373923027
2022-03-15,0.2791089561726703
2022-03-16,0.28435161367117906
2022-03-17,0.2799327565675237
2022-03-18,0.27190287623172055
2022-03-21,0.26158002629255
2022-03-22,0.26947280757239706
2022-03-23,0.27881020386280203
2022-03-24,0.27448875376078313
2022-03-25,0.2767459115724426
2022-03-28,0.2623450771496286
2022-03-29,0.26896661538968974
2022-03-30,0.2767228907066184
2022-03-31,0.2695982081664189
2022-04-01,0.2678100042764844
2022-04-04,0.2640103527265673
2022-04-05,0.26737638521796364
2022-04-06,0.26315007117047357
2022-04-07,0.26075510579857264
2022-04-08,0.2571150382442758
2022-04-11,0.25032800608687505
2022-04-12,0.2491725457652586
2022-04-13,0.2397296856208657
2022-04-14,0.24372190739739788
2022-04-18,0.24271136506806895
2022-04-19,0.2455352205194585
2022-04-20,0.24719051938924239
2022-04-21,0.25018964316906744
2022-04-22,0.2518893291516308
2022-04-25,0.23995595916960497
2022-04-26,0.23933702016118874
2022-04-27,0.24269018501161502
2022-04-28,0.2426183542870485
2022-04-29,0.24265200905743636
2022-05-02,0.2542148862173868
2022-05-03,0.2579971325086013
2022-05-04,0.25961096219016033
2022-05-05,0.2608324303039816
2022-05-06,0.26115156155292857
2022-05-09,0.25463992763285026
2022-05-10,0.25009906896805467
2022-05-11,0.25163906931300317
2022-05-12,0.2507428313201104
2022-05-13,0.2515103832363669
2022-05-16,0.2524288270815019
2022-05-17,0.25497573433678505
2022-05-18,0.25343657104017053
2022-05-19,0.25257047603518096
2022-05-20,0.25229401034469107
2022-05-23,0.2473506765235625
2022-05-24,0.24888130498642522
2022-05-25,0.24731765173058676
2022-05-26,0.24766446562219432
2022-05-27,0.2479864207927919
2022-05-31,0.25437266642537304
2022-06-01,0.2535093275206684
2022-06-02,0.2530351978454839
2022-06-03,0.24796846479867432
2022-06-06,0.25033084308962394
2022-06-07,0.25408967491182394
2022-06-08,0.25527427140401726
2022-06-09,0.2536188574527814
2022-06-10,0.24958401395178578
2022-06-13,0.2744938866551944
2022-06-14,0.2773571547331479
2022-06-15,0.28702415959540967
2022-06-16,0.31973022949569024
2022-06-17,0.3247554284961809
2022-06-21,0.3368411987631217
2022-06-22,0.33766436739026745
2022-06-23,0.33440020027796713
2022-06-24,0.33414603903094353
2022-06-27,0.33610642978836924
2022-06-28,0.33626498416167017
2022-06-29,0.33636359792194853
2022-06-30,0.33227491877053816
2022-07-01,0.3311571804850096
2022-07-05,0.3177412157034359
2022-07-06,0.3233096284265196
2022-07-07,0.3217777829252527
2022-07-08,0.32121355158657794
2022-07-11,0.3182851695086218
2022-07-12,0.3169330908097743
2022-07-13,0.31914366173260383
2022-07-14,0.3177593666241628
2022-07-15,0.31756221570651955
2022-07-18,0.3169621478254596
2022-07-19,0.31770394628145976
2022-07-20,0.31557554384480146
2022-07-21,0.32198910637126815
2022-07-22,0.3219241491192236
2022-07-25,0.3219265712097693
2022-07-26,0.3217121435508924
2022-07-27,0.3185617237249389
2022-07-28,0.32138629576530964
2022-07-29,0.32436930529409325
2022-08-01,0.32910115605212564
2022-08-02,0.33238177461884866
2022-08-03,0.332630646308798
2022-08-04,0.33070290315729756
2022-08-05,0.3367529688663061
2022-08-08,0.3309976307184262
2022-08-09,0.33130654466230103
2022-08-10,0.3317923511097901
2022-08-11,0.3330450948233952
2022-08-12,0.3357193750265874
2022-08-15,0.32792758047244885
2022-08-16,0.32701509226043574
2022-08-17,0.32872525770114186
2022-08-18,0.3283405233598699
2022-08-19,0.3325319473621801
2022-08-22,0.3327080891097265
2022-08-23,0.332003988855342
2022-08-24,0.3310884214923498
2022-08-25,0.33044436991926734
2022-08-26,0.32459433194546566
2022-08-29,0.32161772136102673
2022-08-30,0.3207840656427628
2022-08-31,0.32324688149482084
2022-09-01,0.32707126731677644
2022-09-02,0.3292976025525276
2022-09-06,0.33625705233709385
2022-09-07,0.33880221988317016
2022-09-08,0.34127868235873476
2022-09-09,0.3403441056661912
2022-09-12,0.337410873820724
2022-09-13,0.3334170588627336
2022-09-14,0.3302805505582589
2022-09-15,0.32666731633843793
2022-09-16,0.3259602808540508
2022-09-19,0.3259093057806907
2022-09-20,0.3245789198175812
2022-09-21,0.3265974728591801
2022-09-22,0.3253941553129599
2022-09-23,0.312697712999324
2022-09-26,0.31821431373837616
2022-09-27,0.313191662195695
2022-09-28,0.32807188814262195
2022-09-29,0.3286895146694954
2022-09-30,0.32995819499988865
2022-10-03,0.3387706766136659
2022-10-04,0.3366003736944016
2022-10-05,0.3367931534087903
2022-10-06,0.3364263893585628
2022-10-07,0.33737673784427924
2022-10-10,0.34282655096582476
2022-10-11,0.3422058526309353
2022-10-12,0.34161206347933354
2022-10-13,0.3388744428443173
2022-10-14,0.340155630122429
2022-10-17,0.33923318269254027
2022-10-18,0.34019107921253305
2022-10-19,0.34812970978806035
2022-10-20,0.3502792756563709
2022-10-21,0.3351067698749858
2022-10-24,0.33363093516596803
2022-10-25,0.3327611479860866
2022-10-26,0.33851059008906437
2022-10-27,0.3370150029497506
2022-10-28,0.33801075124926305
2022-10-31,0.34099028000004783
2022-11-01,0.3452286227306433
2022-11-02,0.34607228679677954
2022-11-03,0.3447274904699684
2022-11-04,0.31602172520305516
2022-11-07,0.3113113599316852
2022-11-08,0.3172090921508016
2022-11-09,0.31449500218061915
2022-11-10,0.350912201171115
2022-11-11,0.3502842180315467
2022-11-14,0.350439340627626
2022-11-15,0.3512331775065142
2022-11-16,0.34728367956279216
2022-11-17,0.34686096106170455
2022-11-18,0.3483280249030017
2022-11-21,0.35102256789375125
2022-11-22,0.3472025545327386
2022-11-23,0.3468709343392701
2022-11-25,0.3486064049396767
2022-11-28,0.3514285820909411
2022-11-29,0.3488418489177789
2022-11-30,0.3565038287374404
2022-12-01,0.3686052356171278
2022-12-02,0.3667443677627155
2022-12-05,0.36861085315134695
2022-12-06,0.36869301217915285
2022-12-07,0.37378070605095726
2022-12-08,0.37526465465928754
2022-12-09,0.3711575398750967
2022-12-12,0.3695875223261649
2022-12-13,0.37267761568971786
2022-12-14,0.37241389520136975
2022-12-15,0.36895681343499526
2022-12-16,0.3655570381992336
2022-12-19,0.36744379657924353
2022-12-20,0.35459420571729766
2022-12-21,0.3542817858133596
2022-12-22,0.35168031560778834
2022-12-23,0.3503310570155772
2022-12-27,0.3430718673982557
2022-12-28,0.3433016550905686
2022-12-29,0.3449878872080999
2022-12-30,0.34146855394495434
2023-01-03,0.3443590492701707
2023-01-04,0.33900847536669226
2023-01-05,0.33663502236031434
2023-01-06,0.34386310470258985
2023-01-09,0.3467749359057438
2023-01-10,0.34507777413407775
2023-01-11,0.34316919430593534
2023-01-12,0.3463016357124307
2023-01-13,0.3421685479689928
2023-01-17,0.34449193009708284
2023-01-18,0.3390136081235557
2023-01-19,0.33451356686860845
2023-01-20,0.33330690926600587
2023-01-23,0.33389518358413056
2023-01-24,0.33669202068291065
2023-01-25,0.3385889568743111
2023-01-26,0.3391007271691309
2023-01-27,0.3357883947318787
2023-01-30,0.34680774909593937
2023-01-31,0.34759455878989853
2023-02-01,0.3518817184142134
2023-02-02,0.3470406812082258
2023-02-03,0.3523897140852439
2023-02-06,0.3516887699229432
2023-02-07,0.35271901795563065
2023-02-08,0.35298501480360256
2023-02-09,0.35506442479365463
2023-02-10,0.3538329970366479
2023-02-13,0.3510239266352748
2023-02-14,0.3453032911954519
2023-02-15,0.34960337874543
2023-02-16,0.34719540521402176
2023-02-17,0.3463756984257853
2023-02-21,0.3449987116884098
2023-02-22,0.3433428101210359
2023-02-23,0.34257640511913
2023-02-24,0.3469842516937512
2023-02-27,0.34794569719800933
2023-02-28,0.34875428785728463
2023-03-01,0.3417010039373343
2023-03-02,0.3372393918286349
2023-03-03,0.3368572413293311
2023-03-06,0.3361257905059891
2023-03-07,0.3234501548509818
2023-03-08,0.3283671396209227
2023-03-09,0.3426355653292338
2023-03-10,0.35732218809164945
2023-03-13,0.35777200130482134
2023-03-14,0.360721348031998
2023-03-15,0.35654635636250825
2023-03-16,0.3580793544990394
2023-03-17,0.36364459583581954
2023-03-20,0.3646981827662907
2023-03-21,0.37132735859493504
2023-03-22,0.38391081810901884
2023-03-23,0.38117536085866105
2023-03-24,0.37230116083992165
2023-03-27,0.3783718766011377
2023-03-28,0.377668417699283
2023-03-29,0.38629917046925516
2023-03-30,0.3872654322249985
2023-03-31,0.3819244454330378
2023-04-03,0.3826273957628726
2023-04-04,0.38444683225154774
2023-04-05,0.38482111818363773
2023-04-06,0.38162486060961287
2023-04-10,0.38465026246130507
2023-04-11,0.38597464936044396
2023-04-12,0.38854354219630033
2023-04-13,0.38738542652382985
2023-04-14,0.3900455713908708
2023-04-17,0.3907230789766059
2023-04-18,0.3908584242061438
2023-04-19,0.3913548152344787
2023-04-20,0.3906533058620851
2023-04-21,0.39039066134925765
2023-04-24,0.3903300825930357
2023-04-25,0.3905414940553668
2023-04-26,0.40100084300629923
2023-04-27,0.4006884200164996
2023-04-28,0.3975728184147338
2023-05-01,0.3976577363736333
2023-05-02,0.407271772872875
2023-05-03,0.4022434321756642
2023-05-04,0.3991589693553718
2023-05-05,0.3976107988685899
2023-05-08,0.39643513980774997
2023-05-09,0.39695133605503846
2023-05-10,0.4024749656195309
2023-05-11,0.4018400554921669
2023-05-12,0.3994992663640505
2023-05-15,0.3998043010347548
2023-05-16,0.39707918214105165
2023-05-17,0.39815353182005975
2023-05-18,0.3979728813913429
2023-05-19,0.3970099375044692
2023-05-22,0.39761410346696574
2023-05-23,0.39816900841071456
2023-05-24,0.4024555432996121
2023-05-25,0.3999082760065516
2023-05-26,0.4018402244505685
2023-05-30,0.4028787242825395
2023-05-31,0.4028526337660139
2023-06-01,0.3994398495227227
2023-06-02,0.4026590732869759
2023-06-05,0.40296566627408337
2023-06-06,0.4032953533870688
2023-06-07,0.4059029823641727
2023-06-08,0.4074842540438708
2023-06-09,0.4075723428879316
2023-06-12,0.4079667149623686
2023-06-13,0.413593333078467
2023-06-14,0.3965363395299042
2023-06-15,0.39575510565321387
2023-06-16,0.3910403141193516
2023-06-20,0.3855947733816299
2023-06-21,0.3870446676106072
2023-06-22,0.3888915081018047
2023-06-23,0.38960316326563116
2023-06-26,0.3922021673720047
2023-06-27,0.3928021163315013
2023-06-28,0.392271416437943
2023-06-29,0.3917900188401116
2023-06-30,0.39516939188863154
2023-07-03,0.3975982460877805
2023-07-05,0.39920900191289044
2023-07-06,0.4105114401698756
2023-07-07,0.4030565867838629
2023-07-10,0.40349542584345544
2023-07-11,0.40451907795965175
2023-07-12,0.4130206891582562
2023-07-13,0.413770265892292
2023-07-14,0.41335463831982655
2023-07-17,0.41170584858504894
2023-07-18,0.41315539852907196
2023-07-19,0.4129401178776536
2023-07-20,0.4147068108656753
2023-07-21,0.41654447739345046
2023-07-24,0.41191781731909494
2023-07-25,0.4118943049553187
2023-07-26,0.41144178850239804
2023-07-27,0.4180269404278174
2023-07-28,0.42158496581662674
2023-07-31,0.4199526981471207
2023-08-01,0.4237285110147272
2023-08-02,0.42387693128179005
2023-08-03,0.4196904799120566
2023-08-04,0.42015001925281725
2023-08-07,0.42272232910165053
2023-08-08,0.4132674064174814
2023-08-09,0.4091164889867408
2023-08-10,0.40887239277460746
2023-08-11,0.4085577131211085
2023-08-14,0.40931561197941835
2023-08-15,0.4075834785858844
2023-08-16,0.41008420175002686
2023-08-17,0.41073583337656444
2023-08-18,0.40921154027193274
2023-08-21,0.40742047560672773
2023-08-22,0.4050265293633462
2023-08-23,0.4092392074176211
2023-08-24,0.410908878105028
2023-08-25,0.41155219451028163
2023-08-28,0.4114545890139449
2023-08-29,0.41923273796534877
2023-08-30,0.41955913096769515
2023-08-31,0.4207769373663958
2023-09-01,0.4178467570240029
2023-09-05,0.4169646381445078
2023-09-06,0.4151587583114954
2023-09-07,0.4133920946810408
2023-09-08,0.4099466030025597
2023-09-11,0.407916013099504
2023-09-12,0.40588867665431855
2023-09-13,0.4077223953122897
2023-09-14,0.4106621137832712
2023-09-15,0.4097081124322979
2023-09-18,0.4140927668389034
2023-09-19,0.41628605537369884
2023-09-20,0.41625686617948354
2023-09-21,0.41795918203309373
2023-09-22,0.41758857645612363
2023-09-25,0.4216967581178752
2023-09-26,0.4284825559640687
2023-09-27,0.4238846249911072
2023-09-28,0.42850502859688816
2023-09-29,0.41231692875423753
2023-10-02,0.4164022123189603
2023-10-03,0.4169924857127047
2023-10-04,0.4078774293064324
2023-10-05,0.4113932862001396
2023-10-06,0.4068767341877211
2023-10-09,0.4165882840374861
2023-10-10,0.41442689605524524
2023-10-11,0.41160273904268163
2023-10-12,0.4114681181000017
2023-10-13,0.4202069747961797
2023-10-16,0.42014036818382383
2023-10-17,0.4172540944750383
2023-10-18,0.4111035059458549
2023-10-19,0.398709579903809
2023-10-20,0.3932110728852352
2023-10-23,0.39042823996313775
2023-10-24,0.4051171398759765
2023-10-25,0.3985830640160657
2023-10-26,0.4007605485378561
2023-10-27,0.39629080110399956
2023-10-30,0.3984298199998587
2023-10-31,0.3977379229573994
2023-11-01,0.3904415619280867
2023-11-02,0.38771359712441894
2023-11-03,0.3876216634324627
2023-11-06,0.38893910901917433
2023-11-07,0.4143241282694187
2023-11-08,0.40356131455345096
2023-11-09,0.39399933210346444
2023-11-10,0.3909973152159538
2023-11-13,0.36280862261191416
2023-11-14,0.36841736824129473
2023-11-15,0.36922097740749105
2023-11-16,0.3720648956390799
2023-11-17,0.3768270373551501
2023-11-20,0.3740416092220294
2023-11-21,0.37169913256680526
2023-11-22,0.37225050401395915
2023-11-24,0.3698886859658074
2023-11-27,0.3701353498908612
2023-11-28,0.36970065471975366
2023-11-29,0.3711503356854859
2023-11-30,0.3752772595358383
2023-12-01,0.3811202117175529
2023-12-04,0.36537605341068147
2023-12-05,0.3621120728962941
2023-12-06,0.35711640859546984
2023-12-07,0.3564719242698674
2023-12-08,0.3541111842540007
2023-12-11,0.353639140810559
2023-12-12,0.36043074741939846
2023-12-13,0.37536486164984656
2023-12-14,0.3737927577587685
2023-12-15,0.37303390834170413
2023-12-18,0.377116528967745
2023-12-19,0.3829154089524685
2023-12-20,0.38007589778915807
2023-12-21,0.3938212753365711
2023-12-22,0.3931146128676248
2023-12-26,0.3950589176123585
2023-12-27,0.39872828974003893
2023-12-28,0.4094001191563082
2023-12-29,0.40889289813754925
2024-01-02,0.4080019152988488
2024-01-03,0.40843825595560307
2024-01-04,0.40337987858942
2024-01-05,0.3999010520215555
2024-01-08,0.39945845066861146
2024-01-09,0.39109408253750727
2024-01-10,0.3911580540619617
2024-01-11,0.39542678600202147
2024-01-12,0.395978663240268
2024-01-16,0.3947145535689947
2024-01-17,0.40040623389057567
2024-01-18,0.39512621034083717
2024-01-19,0.40235905492052465
2024-01-22,0.4078168839266318
2024-01-23,0.4054363664974127
2024-01-24,0.40687784497062074
2024-01-25,0.4068689714776885
2024-01-26,0.40664698257305226
2024-01-29,0.40811561704795196
2024-01-30,0.4079235542323397
2024-01-31,0.4066190625015096
2024-02-01,0.41081223996896443
2024-02-02,0.4120568032754969
2024-02-05,0.42102717418118485
2024-02-06,0.41574401621457724
2024-02-07,0.41662987264650503
2024-02-08,0.4173017710717443
2024-02-09,0.4171124448115199
2024-02-12,0.4149008764570465
2024-02-13,0.4225161736720512
2024-02-14,0.4250039748017294
2024-02-15,0.4258632196155119
2024-02-16,0.42257214914936597
2024-02-20,0.42298635605097185
2024-02-21,0.4223614894956916
2024-02-22,0.42138439931640204
2024-02-23,0.4264465955032748
2024-02-26,0.4277033990976482
2024-02-27,0.42535060223847637
2024-02-28,0.42520409587594926
2024-02-29,0.4255791841356957
2024-03-01,0.4295971897883776
2024-03-04,0.4238064439720813
2024-03-05,0.41999673105999247
2024-03-06,0.41990979763799
2024-03-07,0.42894963225141636
2024-03-08,0.42765343739653394
2024-03-11,0.427720507446929
2024-03-12,0.4115651760106754
2024-03-13,0.4134333251036066
2024-03-14,0.41244985133663004
2024-03-15,0.40896395498855864
2024-03-18,0.40971674270314584
2024-03-19,0.401362473484182
2024-03-20,0.40008844594306964
2024-03-21,0.3977496223004918
2024-03-22,0.38611167273739944
2024-03-25,0.3870132226757306
2024-03-26,0.39195790250354784
2024-03-27,0.3877431958037423
2024-03-28,0.3853034020031656
2024-04-01,0.3728991687699335
2024-04-02,0.36553930423523157
2024-04-03,0.3709800508115289
2024-04-04,0.3668211607825343
2024-04-05,0.35080239261485213
2024-04-08,0.35197076336782757
2024-04-09,0.3554385184668948
2024-04-10,0.35813295624159913
2024-04-11,0.3498225996119263
2024-04-12,0.3436671504744284
2024-04-15,0.33241495360428475
2024-04-16,0.3286602480826509
2024-04-17,0.32088271672172397
2024-04-18,0.319659822567053
2024-04-19,0.32019120855621896
2024-04-22,0.3137097729149284
2024-04-23,0.3122210672321231
2024-04-24,0.3121325593427702
2024-04-25,0.30816548870097377
2024-04-26,0.30663559361439435
2024-04-29,0.3052310512942509
2024-04-30,0.3101200127797313
2024-05-01,0.3100168368185139
2024-05-02,0.2932041607080043
2024-05-03,0.2903725617473823
2024-05-06,0.29533098841389216
2024-05-07,0.2935580790074075
2024-05-08,0.2957136491826781
2024-05-09,0.2987005899777064
2024-05-10,0.29762794285333644
2024-05-13,0.30088283847637326
2024-05-14,0.3018958891599198
2024-05-15,0.3088940123531442
2024-05-16,0.3088968331762133
2024-05-17,0.30100284061511134
2024-05-20,0.29779133726649265
2024-05-21,0.3010460927084758
2024-05-22,0.29571956308569053
2024-05-23,0.29761709408504894
2024-05-24,0.2964652075307011
2024-05-28,0.2878480746921864
2024-05-29,0.29104092038092694
2024-05-30,0.28922502551309204
2024-05-31,0.2864154635946422
2024-06-03,0.2899024504574152
2024-06-04,0.27773450672449107
2024-06-05,0.28099427078188716
2024-06-06,0.28027166106852963
2024-06-07,0.29190091154563447
2024-06-10,0.2838708714130862
2024-06-11,0.28426751520126947
2024-06-12,0.28493184083154816
2024-06-13,0.27471162572026686
2024-06-14,0.27823724378811066
2024-06-17,0.2780950494167515
2024-06-18,0.27872041985236373
2024-06-20,0.2788031849996845
2024-06-21,0.276834375056568
2024-06-24,0.27313141367076976
2024-06-25,0.27198702035063016
2024-06-26,0.2765380042063927
2024-06-27,0.27725277183640623
2024-06-28,0.2769348932916667
2024-07-01,0.2742180481117013
2024-07-02,0.27141725684074186
2024-07-03,0.27613233881148586
2024-07-05,0.27803549702302083
2024-07-08,0.27397234507445556
2024-07-09,0.2759517230450062
2024-07-10,0.27625890606803116
2024-07-11,0.2803622195369653
2024-07-12,0.27560771013899704
2024-07-15,0.2743247776313791
2024-07-16,0.2816071724132626
2024-07-17,0.28129454285127103
2024-07-18,0.28179151791003804
2024-07-19,0.28452025778872414
2024-07-22,0.28248538380642957
2024-07-23,0.28248157798421575
2024-07-24,0.2832646245967835
2024-07-25,0.27545451148331357
2024-07-26,0.2777053228535935
2024-07-29,0.2668829868988252
2024-07-30,0.26665039362771525
2024-07-31,0.27148797383081447
2024-08-01,0.26357205345840345
2024-08-02,0.2537481278628363
2024-08-05,0.2507155359320582
2024-08-06,0.25584134405396514
2024-08-07,0.2552450401291342
2024-08-08,0.25412188555469956
2024-08-09,0.2558643674434909
2024-08-12,0.2563232185901254
2024-08-13,0.2552924531657983
2024-08-14,0.2519782584979866
2024-08-15,0.2501653098036922
2024-08-16,0.24842296149945656
2024-08-19,0.24743179638444376
2024-08-20,0.24812465078624255
2024-08-21,0.2498525123620411
2024-08-22,0.2540430368189098
2024-08-23,0.24986632781829615
2024-08-26,0.24940089215466785
2024-08-27,0.24960069518725816
2024-08-28,0.24965759072334606
2024-08-29,0.2461110951656201
2024-08-30,0.24901747417032213
2024-09-03,0.24473625516520958
2024-09-04,0.24465087891144816
2024-09-05,0.2416500446034633
2024-09-06,0.24208725963710254
2024-09-09,0.24250193303981316
2024-09-10,0.24332514467333535
2024-09-11,0.24392970381933116
2024-09-12,0.24051045241049035
2024-09-13,0.24086086316916502
2024-09-16,0.2401088643780094
2024-09-17,0.24306120158155062
2024-09-18,0.2458371255272592
2024-09-19,0.24199107184465152
2024-09-20,0.23923612608214376
2024-09-23,0.23321471287487608
2024-09-24,0.23163087595201962
2024-09-25,0.22837013632223468
2024-09-26,0.22752388426591638
2024-09-27,0.22294688909204927
2024-09-30,0.22539089329724754
2024-10-01,0.2278132845275447
2024-10-02,0.2210880810569534
2024-10-03,0.21959510451329323
2024-10-04,0.22244628728811844
2024-10-07,0.2231360520083802
2024-10-08,0.2251009431983599
2024-10-09,0.21369172105458936
2024-10-10,0.21209007915577918
2024-10-11,0.206330638852356
2024-10-14,0.20412241643398343
2024-10-15,0.18667130612100333
2024-10-16,0.18370796814251578
2024-10-17,0.17983592958310612
2024-10-18,0.18628904607930533
2024-10-21,0.19933149798735728
2024-10-22,0.19882927111214263
2024-10-23,0.2030029684142363
2024-10-24,0.20588648772198154
2024-10-25,0.21104991208316645
2024-10-28,0.21197132763619245
2024-10-29,0.2149127318983445
2024-10-30,0.2140029841691691
2024-10-31,0.21027612293027037
2024-11-01,0.21935484924932797
2024-11-04,0.21864433344228307
2024-11-05,0.21826527010418403
2024-11-06,0.24701182017334758
2024-11-07,0.2578535925953856
2024-11-08,0.26294437796944303
2024-11-11,0.27117175179710157
2024-11-12,0.2799728865402709
2024-11-13,0.2842137068338187
2024-11-14,0.27863877018081395
2024-11-15,0.27787905603133545
2024-11-18,0.2730816988662297
2024-11-19,0.2746894238053529
2024-11-20,0.2748198501060087
2024-11-21,0.2750275483230856
2024-11-22,0.27550221785652895
2024-11-25,0.23408612487067093
2024-11-26,0.23129742888670812
2024-11-27,0.2312212176094917
2024-11-29,0.2343393689973724
2024-12-02,0.23101589201518083
2024-12-03,0.21985408418220947
2024-12-04,0.21853467601373128
2024-12-05,0.22453854322201122
2024-12-06,0.22383060685870776
2024-12-09,0.21951245411388587
2024-12-10,0.2118411744940837
2024-12-11,0.20687136175920032
2024-12-12,0.21423443197076475
2024-12-13,0.20115010974458652
2024-12-16,0.19883811779622257
2024-12-17,0.19920774426269844
2024-12-18,0.21007539447120965
2024-12-19,0.20736578951185158
2024-12-20,0.2119761751894605
2024-12-23,0.2158452291477595
2024-12-24,0.2167938971072145
2024-12-26,0.21585035004454117
2024-12-27,0.21685637030948499
2024-12-30,0.213075268804246
2024-12-31,0.21097052255610824
2025-01-02,0.2113432076565529
2025-01-03,0.21461703017179917
2025-01-06,0.21615526296970927
2025-01-07,0.21309537951698307
2025-01-08,0.21849212331202225
2025-01-10,0.21540416666592918
2025-01-13,0.21430457302997236
2025-01-14,0.21390193821859654
2025-01-15,0.2183215420382512
2025-01-16,0.21246042843616636
2025-01-17,0.21156050640875307
2025-01-21,0.2199649010093832
2025-01-22,0.21859280244246995
2025-01-23,0.22093883984592058
2025-01-24,0.2231464410039443
2025-01-27,0.21324974595069748
2025-01-28,0.21220276625113324
2025-01-29,0.21239817751416512
2025-01-30,0.21165884281027308
2025-01-31,0.21161311878398426
2025-02-03,0.21424266539206804
2025-02-04,0.2092314667069421
2025-02-05,0.20326197482633057
2025-02-06,0.1989561346037184
2025-02-07,0.19733871646107562
2025-02-10,0.19383858629390677
2025-02-11,0.19462536098295619
2025-02-12,0.19354795985644105
2025-02-13,0.19879178513825219
2025-02-14,0.1831886794904903
2025-02-18,0.17387548074917317
2025-02-19,0.1727420802531401
2025-02-20,0.17326124114311067
2025-02-21,0.17110552907897467
2025-02-24,0.171304736798112
2025-02-25,0.15778787855487844
2025-02-26,0.1558320453832607
2025-02-27,0.1598893595966385
2025-02-28,0.15420377643742084
2025-03-03,0.15617556404623584
2025-03-04,0.15019180540610516
2025-03-05,0.14575289653411197
2025-03-06,0.15009623979436165
2025-03-07,0.14783882488163003
2025-03-10,0.14056158465353769
2025-03-11,0.13680968946659744
2025-03-12,0.13651640865121142
2025-03-13,0.14221541984304448
2025-03-14,0.1382524538334169
2025-03-17,0.14054643991062227
2025-03-18,0.1376820345223777
2025-03-19,0.1382001866379383
2025-03-20,0.1381809482476802
2025-03-21,0.14080342696407072
2025-03-24,0.1436009614973146
2025-03-25,0.1438141270995133
2025-03-26,0.1490655644937703
2025-03-27,0.14751305445556093
2025-03-28,0.15033105415667555
2025-03-31,0.15311794166563225
2025-04-01,0.15233956226797915
2025-04-02,0.16181817398322018
2025-04-03,0.16433824694224058
2025-04-04,0.14984517284807108
2025-04-07,0.1786085733586402
2025-04-08,0.1849954406306182
2025-04-09,0.18946041629498486
2025-04-10,0.15537350387873047
2025-04-11,0.15051200865335881
2025-04-14,0.15263972377826007
2025-04-15,0.1571972600870466
2025-04-16,0.17501382600869866
2025-04-17,0.1769380466250904
2025-04-21,0.15595185493428543
2025-04-22,0.15203532556466978
2025-04-23,0.13956112074390642
2025-04-24,0.14421350903228342
2025-04-25,0.14003797453305603
2025-04-28,0.14194026911012467
2025-04-29,0.13924058042726242
2025-04-30,0.14158107590461153
2025-05-01,0.14643884350696323
2025-05-02,0.13953938413841185
2025-05-05,0.12906678895269383
2025-05-06,0.13180075750645942
2025-05-07,0.12963887031371096
2025-05-08,0.1366685650541789
2025-05-09,0.13858720072689978
2025-05-12,0.14640832547736804
2025-05-13,0.14366471603624445
2025-05-14,0.14987181122868343
2025-05-15,0.15574836716558302
2025-05-16,0.15253329440605506
2025-05-19,0.1457448032401477
2025-05-20,0.14002480197315278
2025-05-21,0.13944591012346097
2025-05-22,0.13736697335630155
2025-05-23,0.1385400287036613
2025-05-27,0.12918733816850905
2025-05-28,0.1254856538673696
2025-05-29,0.12689296234265843
2025-05-30,0.13215345567884634
2025-06-02,0.11735706151888202
2025-06-03,0.11793689404564292
2025-06-04,0.12236995681225768
2025-06-05,0.11835410761771512
2025-06-06,0.1300448545553491
2025-06-09,0.12756570927166513
2025-06-10,0.1276470480796076
2025-06-11,0.10446929544263034
2025-06-12,0.11124893117029334
2025-06-13,0.10613332208150845
2025-06-16,0.11150934687320777
2025-06-17,0.11701503113512424
2025-06-18,0.1129914376486202
2025-06-20,0.11085747264873434
2025-06-23,0.11034559402647107
2025-06-24,0.10780366976657078
2025-06-25,0.10846659734388528
2025-06-26,0.10750836427875894
2025-06-27,0.11214482352402969
2025-06-30,0.11053149254367346
2025-07-01,0.10980944909476348
2025-07-02,0.10859831975889322
2025-07-03,0.11233599729213085
2025-07-07,0.11295455155875937
2025-07-08,0.10874276565916051
2025-07-09,0.10613554372808684
2025-07-10,0.1077524717496734
2025-07-11,0.10267655913925229
2025-07-14,0.10275681128048313
2025-07-15,0.0983056342899697
2025-07-16,0.09892253113007866
2025-07-17,0.10014018428916671
2025-07-18,0.09051192808727872
2025-07-21,0.0953905012996123
2025-07-22,0.09512049653323883
2025-07-23,0.09389931096408083
2025-07-24,0.09420374661985424
2025-07-25,0.09129431128490385
2025-07-28,0.09134231910529239
2025-07-29,0.09800419478780585
2025-07-30,0.09860946803426857
2025-07-31,0.09939224325522063
2025-08-01,0.10789925726538571
2025-08-04,0.10217591839505799
2025-08-05,0.10399673855784633
2025-08-06,0.11143124443796881
2025-08-07,0.11465071374847455
2025-08-08,0.1076798248323692
2025-08-11,0.10587682060162659
2025-08-12,0.11033198358112434
2025-08-13,0.11055129140136415
2025-08-14,0.11052428660284472
2025-08-15,0.11155659088571582
2025-08-18,0.11475853372147643
2025-08-19,0.11366056525897868
2025-08-20,0.11190312133512137
2025-08-21,0.1133914067900573
2025-08-22,0.11551338417074947
2025-08-25,0.1159724713833467
2025-08-26,0.11096535979899715
2025-08-27,0.10822702669898321
2025-08-28,0.11006957837879415
2025-08-29,0.10743178731564448
2025-09-02,0.09949048849360898
2025-09-03,0.10268795909439082
2025-09-04,0.09714564379256803
2025-09-05,0.1088490577134848
2025-09-08,0.11476470772500434
2025-09-09,0.11399695603285233
2025-09-10,0.11462022192002255
2025-09-11,0.1131339020058959
2025-09-12,0.11226731379628192
2025-09-15,0.11303448692022447
2025-09-16,0.11662549502804642
2025-09-17,0.11644634797809357
2025-09-18,0.11924794116515591
2025-09-19,0.11728168584409891
2025-09-22,0.11041909577286603
2025-09-23,0.11324692920269067
2025-09-24,0.11660585727940613
2025-09-25,0.11667633474988394
2025-09-26,0.11679436420544201
2025-09-29,0.12076910402550234
2025-09-30,0.11947792199663138
2025-10-01,0.12191511237730124
2025-10-02,0.11954945436419356
2025-10-03,0.11647933835730608
2025-10-06,0.10978433574702959
2025-10-07,0.10993130248225119
2025-10-08,0.10870106301759985
2025-10-09,0.10719865761742187
2025-10-10,0.11283949030304326
2025-10-13,0.1099056199537184
2025-10-14,0.11155932878098548
2025-10-15,0.11142984506031713
2025-10-16,0.11717537800128511
2025-10-17,0.11742963918874466
2025-10-20,0.12020095298285091
2025-10-21,0.10327370117823292
2025-10-22,0.10312051474435543
2025-10-23,0.10200924158045512
2025-10-24,0.1017323181666157
2025-10-27,0.0955793727444199
2025-10-28,0.09331170685317756
2025-10-29,0.09529502812572431
2025-10-30,0.09056756380018112
2025-10-31,0.09090444748427731
2025-11-03,0.09044843465787364
2025-11-04,0.08979441378002528
2025-11-05,0.08262252748164829
2025-11-06,0.0821060494206606
2025-11-07,0.08159580403744311
2025-11-10,0.047754647551880185
2025-11-11,0.04144959422654845
2025-11-12,0.046814237144228964
2025-11-13,0.045315534392730346
2025-11-14,0.04369136485841619
2025-11-17,0.03786913737509616
2025-11-18,0.03880807939712724
2025-11-19,0.038430129311577424
2025-11-20,0.0370901073179688
2025-11-21,0.03528962874752702
2025-11-24,0.03886226390866657
2025-11-25,0.03892683921773869
2025-11-26,0.03985726197147839
2025-11-28,0.07280164697544123
2025-12-01,0.07091941900838596
2025-12-02,0.07070938659022562
2025-12-03,0.06773096342579447
2025-12-04,0.06913262475180768
2025-12-05,0.07000482941824115
2025-12-08,0.0702890319528966
2025-12-09,0.07134991294246512
2025-12-10,0.07181336327452097
2025-12-11,0.07462782872298969
2025-12-12,0.075253156528968
2025-12-15,0.07857621877526261
2025-12-16,0.07012826255592353
2025-12-17,0.06401072859959613
2025-12-18,0.06315321242710936
2025-12-19,0.06388437352233783
2025-12-22,0.0505217756638004
2025-12-23,0.051075373827960145
2025-12-24,0.047501144131579305
2025-12-26,0.04335849130269701
2025-12-29,0.03510861899192317
2025-12-30,0.035397049519150604
2025-12-31,0.03517678283630374
2026-01-02,0.03677670118004684
2026-01-05,0.04232259552253165
2026-01-06,0.04029373933227702
2026-01-07,0.03604365330247509
2026-01-08,0.03462860818367752
2026-01-09,0.037850085750290856
2026-01-12,0.035347972476811075
2026-01-13,0.037365717426142996
2026-01-14,0.03889939011720896
2026-01-15,0.039315792085954836
2026-01-16,0.037614412413004845
2026-01-20,0.016718255012169395
2026-01-21,0.02092825574257132
2026-01-22,0.018975586735713545
2026-01-23,0.02080230562668778
2026-01-26,0.021841293644977135
2026-01-27,0.015211063335124815
2026-01-28,0.01769835286747567
2026-01-29,0.017908484723008544
2026-01-30,0.038328431798368395
2026-02-02,0.0406623321807224
2026-02-03,0.04421515395336001
2026-02-04,0.043718545872758294
2026-02-05,0.03180525535470097
2026-02-06,0.030195263017787622
2026-02-09,0.02975528942580257
2026-02-10,0.024777962577284166
2026-02-11,0.02467797774925744
2026-02-12,0.0065775641110464005
2026-02-13,0.010044881591769085
2026-02-17,0.004211992102135045
2026-02-18,0.004412915802239119
2026-02-19,0.010324946709395854
2026-02-20,0.008832496069634406
2026-02-23,0.011845883199457475
2026-02-24,0.012290730237518394
2026-02-25,0.012009539154805347
2026-02-26,0.022001953197735815
2026-02-27,0.024324220276277543
2026-03-02,0.016277986801735353
2026-03-03,0.02305058908106468
2026-03-04,0.020788751581396567
2026-03-05,0.0255942648296339
2026-03-06,0.023833705905425724
2026-03-09,0.021674489511177893
2026-03-10,0.018102553271047032
2026-03-11,0.024448591330116138
2026-03-12,0.02816514112168334
2026-03-13,0.031120590056286757
2026-03-16,0.02584657297575925
2026-03-17,0.02515108616567451
2026-03-18,0.03082481409287505
2026-03-19,0.021298984978798365
2026-03-20,0.0406629297082691
2026-03-23,0.03536210110366387
2026-03-24,0.03376573386024014
2026-03-25,0.04027963672117416
2026-03-26,0.050444393267388137
2026-03-27,0.043940095931589214
2026-03-30,0.044034781494195006
2026-03-31,0.04030687330172608
2026-04-01,0.0360645331047079
2026-04-02,0.032944751444892485
2026-04-06,0.03322557552646582
2026-04-07,0.034344165114302695
2026-04-08,0.0438324314252473
2026-04-09,0.02149586231116148
2026-04-10,0.02441521368015357
2026-04-13,0.01731926716212986
2026-04-14,0.04362325466503866
2026-04-15,0.04244144164125527
2026-04-16,0.0447910765340373
2026-04-17,0.04781602988276315
2026-04-20,0.042460391823458586
2026-04-21,0.04644346033904241
2026-04-22,0.06661035070409049
2026-04-23,0.07066532929176518
2026-04-24,0.08026155250264626
2026-04-27,0.07740833671171722
2026-04-28,0.07998230490358373
2026-04-29,0.08037810241003988
2026-04-30,0.08350674402608621
2026-05-01,0.08084654837214442
2026-05-04,0.08257831403783
2026-05-05,0.08452431366524367
2026-05-06,0.0980215284953781
2026-05-07,0.09523535928431959
2026-05-08,0.09848140761770188
2026-05-11,0.09020205487141718
2026-05-12,0.09104306684861276
2026-05-13,0.08203014618393163
2026-05-14,0.08205393103027205
2026-05-15,0.0894168927203787
2026-05-18,0.08516358544156215
2026-05-19,0.090585174922072
2026-05-20,0.09637077703564194
2026-05-21,0.10109061477265475
2026-05-22,0.1046960170830533
2026-05-26,0.10654417952708058
2026-05-27,0.10440612379925149
2026-05-28,0.11662789691207442
2026-05-29,0.11611025729859425
